invoice_id,invoice_number,company_name,deal_reference,issue_date,due_date,payment_date,status,subtotal,tax_rate,tax_amount,total_amount,currency,payment_method,notes,event_date,amount_paid,running_balance,tax_amount_raw,invoice_date,payment_delay_days,is_overdue,days_outstanding
INV-002326,INV-0026,Groupe Haddad Technologies,DEAL-001413,2026/01/19,2026-03-16,2026-03-15,paid,420900.0,19,79971.0,500871.0,EUR,,Frais de deplacement inclus. Voir detail en annexe.,19-Jan-26,0.0,,19.0,2026-02-14,29,False,
INV-000037,INV-0037,Entreprise Hamouda,DEAL-001202,2023/06/18,2023-07-27,,pending,14000.0,19,2660.0,16660.0,TND,,Retenue de garantie 10% - Liberation apres recette definitive.,18/07/2023,0.0,,19.0,2023-06-27,,True,1009
INV-000442,INV-0042,STE Agrebi Solutions SARL,DEAL-001241,28-Oct-24,2024-12-16,2024-12-20,paid,225200.0,19,42788.0,267988.0,TND,,Facture mensuelle maintenance.,28/10/2024,0.0,,19.0,2024-11-16,34,False,
INV-000445,INV-0045,Attijari Bank,,2024/07/09,2024-08-28,2024-08-15,paid,89700.0,19,17043.0,106743.0,tnd,,Contrat cadre 2025. Facture trimestrielle T2.,July 09 2024,0.0,,19.0,2024-07-29,17,False,
INV-000046,INV-0046,STE Khalfallah & Fils,DEAL-007142,28/05/2023,2023-07-13,,pending,149100.0,0.19,28329.0,177429.0,TND,,Frais de deplacement inclus. Voir detail en annexe.,23/01/2024,0.0,,0.19,2023-06-13,,True,1023
INV-000048,INV-0048,Groupe Mansour Digital,DEAL-007711,2023-11-03,2023-12-12,,pending,86600.0,19,16454.0,103054.0,TND,,Regularisation facture N-1. Avoir emis en contrepartie.,03/12/2023,0.0,,19.0,2023-11-12,,True,871
INV-002362,INV-0062,Delice Danoene,DEAL-007668,12-Jan-26,2026-02-22,2025-12-24,paid,425901.0,19,80921.19,506822.19,TND,,Facture 1/3 - Projet migration cloud STEG. Tranche initiale 30%.,March 13 2026,0.0,,19.0,2026-01-23,-30,False,
INV-001285,INV-0085,Groupe Ferchiou Digital,DEAL-005930,05-Sep-25,2025-10-15,2025-10-22,paid,98000.0,19,18620.0,116620.0,TND,,Contrat cadre 2025. Facture trimestrielle T2.,02/02/2026,0.0,,19.0,2025-09-15,37,False,
INV-001294,INV-0094,STE Hamdi Consulting,DEAL-007038,October 18 2025,2025-11-17,2025-12-14,paid,466837.0,19,88699.03,555536.03,DT,,Contrat cadre 2025. Facture trimestrielle T2.,21-Oct-25,0.0,,19.0,2025-10-18,57,False,
INV-000543,INV-0143,STE Bouzid Consulting,,10-Nov-24,2024-12-12,2024-12-29,paid,210900.0,19,40071.0,250971.0,TND,Especes,Facture solde - Developpement plateforme BI. Livraison finale acceptee.,December 29 2024,250971.0,0,19.0,2024-11-12,47,False,
INV-002444,INV-0144,CyberPark Elghazala,,January 08 2026,2026-02-17,2026-02-20,paid,210300.0,19%,39957.0,250257.0,TND,virement,Acompte 50% - Contrat annuel support applicatif.,2026-02-07,0.0,,19.0,2026-01-18,33,False,
INV-000574,INV-0174,Cabinet Turki Conseil,,11-Oct-24,2024-12-03,2024-12-08,paid,240000.0,19,45600.0,285600.0,TND,,Facture mensuelle maintenance.,2024/10/12,0.0,,19.0,2024-11-03,35,False,
INV-000201,INV-0201,STE-Hamdi-Consulting,DEAL-006205,16-Jun-23,2023-07-30,2023-06-08,paid,8000.0,19,1520.0,9520.0,EUR,,,June 10 2024,0.0,,19.0,2023-06-30,-22,False,
INV-000212,INV-0212,Imprimerie El Ittihad,DEAL-001358,2023-11-28,2024-01-19,2024-05-02,paid,47500.0,19,9025.0,56525.0,TND,,Contrat cadre 2025. Facture trimestrielle T2.,26/04/2024,0.0,,19.0,2023-12-20,134,False,
INV-000653,INV-0253,Bureau d'Etudes Ben Salah,DEAL-006922,January 12 2024,2024-02-22,2024-11-03,paid,52000.0,19,9880.0,61880.0,TND,,Avoir suite annulation partielle du projet.,12/03/2024,0.0,,19.0,2024-01-23,285,False,
INV-000269,INV-0269,Groupe Hamouda Digital,DEAL-004207,20-Nov-23,2024-08-01,2024-01-19,paid,90000.0,19 %,17100.0,107100.0,TND,,Facture solde - Developpement plateforme BI. Livraison finale acceptee.,March 19 2024,0.0,,19.0,2024-07-02,-165,False,
INV-000866,INV-0466,STE Agrebi Solutions,DEAL-004236,2024/11/28,2025-01-14,2025-01-25,paid,42900.0,0,8151.0,51051.0,,,,July 26 2025,0.0,,0.0,2024-12-15,41,False,
INV-001690,INV-0490,Auto-Ecol@e Nejib,DEAL-000620,29/06/2025,2025-06-24,2025-03-09,paid,86900.0,19,16511.0,103411.0,DT,,Frais de deplacement inclus. Voir detail en annexe.,25-Jan-26,0.0,,19.0,2025-05-25,-77,False,
INV-000969,INV-0569,Groupe Trabelsi Technologies,DEAL-007568,2024/01/25,2024-03-04,2024-03-16,paid,265900.0,19,50521.0,316421.0,tnd,,Contrat cadre 2025. Facture trimestrielle T2.,July 23 2024,0.0,,19.0,2024-02-03,42,False,
INV-000980,INV-0580,STE Khalfallah Consulting,,21/12/2024,2025-02-16,,pending,164000.0,0.19,31160.0,195160.0,TND,,Retenue de garantie 10% - Liberation apres recette definitive.,23/12/2024,0.0,,0.19,2025-01-17,,True,439
INV-001849,INV-0649,STE Zouari Consulting,DEAL-000633,07-Jun-25,2025-07-17,,pending,211100.0,0.19,40109.0,251209.0,TND,cheque,,04/11/2025,0.0,,0.19,2025-06-17,,True,288
INV-001172,INV-0772,ENTREPRISE SGHAIER,,2024/10/25,2024-12-02,2024-09-12,paid,263347.0,19,50035.93,313382.93,tnd,,Contrat cadre 2025. Facture trimestrielle T2.,April 23 2025,0.0,,19.0,2024-11-02,-51,False,
INV-002104,INV-0904,Groupe Khalfallah Digital,DEAL-000625,June 01 2025,2025-07-30,2025-05-25,paid,330300.0,19,62757.0,393057.0,DT,virement,Avoir suite annulation partielle du projet.,2025-07-20,393057.0,0,19.0,2025-06-30,-36,False,
INV-002118,INV-0918,Attijari Bank,DEAL-003758,May 11 2025,2025-04-07,2025-05-07,paid,,19,,,tnd,,,08-Oct-25,0.0,,19.0,2025-03-08,60,False,
INV-000001,JBM-2023-0001,Groupe Zouari Digital,DEAL-002844,02/11/2023,2023-10-30,2023-12-22,paid,14200.0,0.19,2698.0,16898.0,tnd,,,02/12/2023,0.0,,0.19,2023-09-30,83,False,
INV-000002,JBM-2023-0002,Magasin Mabrouk Electronique,DEAL-004562,November 01 2023,2023-12-16,2024-01-07,paid,33100.0,19 %,6289.0,39389.0,tnd,,Facture mensuelle maintenance.,2024/02/29,0.0,,19.0,2023-11-16,52,False,
INV-000003,JBM-2023-0003,Bijouterie Sfaxienne,DEAL-007928,2023-05-10,2023-06-17,2023-04-08,paid,38200.0,0.19,7258.0,45458.0,EUR,,,2023-07-09,0.0,,0.19,2023-05-18,-40,False,
INV-000004,JBM-2023-0004,La Poste Tunisienne,DEAL-006736,19/11/2023,2024-01-01,,paid,52598.0,19,9993.62,62591.62,DT,,Invoice for Q2 maintenance contract. PO number: TT-2024-8821.,December 30 2023,44200.0,0,19.0,2023-12-02,,False,
INV-000005,JBM-2023-0005,Entreprise Haddad,DEAL-000908,2023-06-10,2023-08-05,2023-08-07,paid,128900.0,15,24491.0,153391.0,tnd,cash,Facture 1/3 - Projet migration cloud STEG. Tranche initiale 30%.,2023/11/07,0.0,,15.0,2023-07-06,32,False,
INV-000006,JBM-2023-0006,GlobalNet,DEAL-005547,2023-03-23,2023-05-11,2023-01-05,paid,149345.0,19%,28375.55,177720.55,tnd,,,21-Jul-23,0.0,,19.0,2023-04-11,-96,False,
INV-000008,JBM-2023-0008,Pharmacie Al Amal,DEAL-003045,2023-02-17,2023-08-04,,overdue,85100.0,19%,16169.0,101269.0,EUR,,Frais de deplacement inclus. Voir detail en annexe.,July 17 2023,0.0,,19.0,2023-07-05,,True,1001
INV-000009,JBM-2023-0009,Attijari Bank,DEAL-006605,18/11/2023,2024-01-05,,pending,140700.0,19,26733.0,167433.0,TND,,Retenue de garantie 10% - Liberation apres recette definitive.,2025-01-11,0.0,,19.0,2023-12-06,,True,847
INV-000010,JBM-2023-0010,ste ben romdhane consulting,DEAL-007655,2023-10-24,2023-12-14,2023-11-12,paid,40600.0,0.19,7714.0,48314.0,tnd,,Acompte 50% - Contrat annuel support applicatif.,24-Oct-23,0.0,,0.19,2023-11-14,-2,False,
INV-000011,JBM-2023-0011,GlobalNet,DEAL-006240,14-Jun-23,2023-07-23,2023-05-28,cancelled,143300.0,0.19,27227.0,170527.0,TND,,Frais de deplacement inclus. Voir detail en annexe.,2023/06/16,0.0,,0.19,2023-06-23,,False,
INV-000012,JBM-2023-0012,entreprise hamouda,DEAL-004357,28-Nov-23,2024-01-11,2024-01-15,paid,31600.0,19,6004.0,37604.0,tnd,,Facture solde - Developpement plateforme BI. Livraison finale acceptee.,November 28 2023,0.0,,19.0,2023-12-12,34,False,
INV-000013,JBM-2023-0013,Bijouterie Sfaxienne,DEAL-005545,13/08/2023,2023-10-07,2023-10-14,paid,82400.0,19,15656.0,98056.0,DT,,Acompte 50% - Contrat annuel support applicatif.,02-Oct-23,0.0,,19.0,2023-09-07,37,False,
INV-000014,JBM-2023-0014,CNAM,DEAL-007718,2023-11-09,2023-12-14,2023-11-12,paid,69800.0,19,13262.0,83062.0,TND,,,06-Jul-24,0.0,,19.0,2023-11-14,-2,False,
INV-000015,JBM-2023-0015,Cabinet Agrebi Conseil,DEAL-006266,November 12 2023,2023-11-01,2024-01-02,paid,29300.0,19,5567.0,34867.0,DT,,Facture mensuelle maintenance.,10-Feb-24,0.0,,19.0,2023-10-02,92,False,
INV-000016,JBM-2023-0016,STE Khalfallah & Fils,,December 04 2023,2024-01-04,2024-01-30,paid,102400.0,0.19,19456.0,121856.0,tnd,,Facture mensuelle maintenance.,2023/12/30,0.0,,0.19,2023-12-05,56,False,
INV-000017,JBM-2023-0017,Ooredoo Tunisie,DEAL-002788,2023/12/20,2024-02-13,2024-01-20,paid,54100.0,19,10279.0,64379.0,tnd,,Invoice for cybersecurity audit - Phase 1 completed.,15-Sep-24,0.0,,19.0,2024-01-14,6,False,
INV-000018,JBM-2023-0018,Groupe Agrebi Technologies,DEAL-003649,13-Nov-23,2023-12-31,,overdue,74300.0,19%,14117.0,88417.0,EUR,check,Contrat cadre 2025. Facture trimestrielle T2.,09/08/2024,0.0,,19.0,2023-12-01,,True,852
INV-000019,JBM-2023-0019,Poulina Group,,2023-09-26,2023-11-22,2023-11-09,paid,57200.0,0.19,10868.0,68068.0,EUR,Cash,Contrat cadre 2025. Facture trimestrielle T2.,2023-11-25,0.0,,0.19,2023-10-23,17,False,
INV-000020,JBM-2023-0020,STEG,DEAL-004878,27/09/2023,2023-11-23,2023-02-11,paid,132500.0,15,25175.0,157675.0,DT,,Invoice for cybersecurity audit - Phase 1 completed.,2023/11/26,0.0,,15.0,2023-10-24,-255,False,
INV-000021,JBM-2023-0021,STE Gharbi Consulting,,26-Feb-23,2023-04-11,2023-04-22,paid,4000.0,0.19,760.0,4760.0,DT,,Invoice for cybersecurity audit - Phase 1 completed.,March 28 2023,0.0,,0.19,2023-03-12,41,False,
INV-000022,JBM-2023-0022,Magasin Mabrouk Electronique,DEAL-004208,2023-05-12,2023-06-18,,overdue,28800.0,19,5472.0,34272.0,TND,,Acompte 50% - Contrat annuel support applicatif.,2023-06-11,0.0,,19.0,2023-05-19,,True,1048
INV-000023,JBM-2023-0023,Restaurant Le Mediterranee,,2023-07-01,2023-11-08,2023-09-06,paid,12100.0,19,2299.0,14399.0,TND,,Regularisation facture N-1. Avoir emis en contrepartie.,03/07/2023,0.0,,19.0,2023-10-09,-33,False,
INV-000024,JBM-2023-0024,Cabinet Rekik & Associes,,August 28 2023,2023-10-17,2023-10-21,paid,129600.0,19,24624.0,154224.0,DT,,Retenue de garantie 10% - Liberation apres recette definitive.,26/11/2023,0.0,,19.0,2023-09-17,34,False,
INV-000025,JBM-2023-0025,STE Belhadj Consulting,DEAL-001993,2023/05/25,2023-07-23,2023-07-16,paid,,19,,,TND,,Regularisation facture N-1. Avoir emis en contrepartie.,22/10/2023,0.0,,19.0,2023-06-23,23,False,
INV-000026,JBM-2023-0026,Societe Haddad Import Export,DEAL-002809,2023-02-10,2023-03-23,,pending,19900.0,19,3781.0,23681.0,EUR,,,2023/11/07,0.0,,19.0,2023-02-21,,True,1135
INV-000027,JBM-2023-0027,Pharmacie Al Amal,,2023-11-20,2024-07-01,2024-01-22,paid,85100.0,19,16169.0,101269.0,TND,virement,Facture solde - Developpement plateforme BI. Livraison finale acceptee.,2023/12/20,0.0,,19.0,2024-06-01,-131,False,
INV-000028,JBM-2023-0028,Groupe Hamouda Digital,DEAL-007273,02-Jul-23,2023-03-08,,paid,137600.0,19,26144.0,163744.0,TND,Virement bancaire,Invoice for cybersecurity audit - Phase 1 completed.,2023-08-19,163744.0,0,19.0,2023-02-06,,False,
INV-001314,JBM-2023-0029,CyberPark Elghazala,DEAL-003624,2025/06/30,2025-07-31,2025-08-08,paid,323500.0,19,61465.0,384965.0,DT,,Frais de deplacement inclus. Voir detail en annexe.,2025-11-27,0.0,,19.0,2025-07-01,38,False,
INV-000030,JBM-2023-0030,STE Laabidi Consulting,DEAL-006281,2023-06-18,2023-08-14,,pending,119000.0,19,22610.0,141610.0,TND,,Frais de deplacement inclus. Voir detail en annexe.,June 18 2023,0.0,,19.0,2023-07-15,,True,991
INV-000031,JBM-2023-0031,STE Aogrebi Solutions,DEAL-003651,2023-10-04,2023-11-08,,pending,,19,,,tnd,,Contrat cadre 2025. Facture trimestrielle T2.,30/07/2024,0.0,,19.0,2023-10-09,,True,905
INV-000032,JBM-2023-0032,STE Laabidi Consulting,DEAL-003432,06-Sep-23,2023-10-23,2023-10-30,paid,104900.0,19,19931.0,124831.0,TND,cash,Retenue de garantie 10% - Liberation apres recette definitive.,2023/10/06,0.0,,19.0,2023-09-23,37,False,
INV-000033,JBM-2023-0033,Pharmacie Al Amal,,01/04/2023,2023-05-24,2023-06-26,paid,47100.0,19,8949.0,56049.0,TND,,Contrat cadre 2025. Facture trimestrielle T2.,19-May-23,0.0,,19.0,2023-04-24,63,False,
INV-000034,JBM-2023-0034,Groupe Mansour Digital,DEAL-003670,November 20 2023,2023-12-29,2024-01-12,paid,58900.0,19,11191.0,70091.0,tnd,,,19/03/2024,0.0,,19.0,2023-11-29,44,False,
INV-000036,JBM-2023-0036,STE Bouzid Consulting,,2023-11-24,2024-01-19,2024-01-09,paid,102600.0,19,19494.0,122094.0,TND,,,May 22 2024,0.0,,19.0,2023-12-20,20,False,
INV-000038,JBM-2023-0038,STE Oueslati & Fils,,,2024-01-15,2024-02-02,paid,136100.0,0.19,25859.0,161959.0,TND,,Facture mensuelle maintenance.,01/10/2024,0.0,,0.19,2023-12-16,48,False,
INV-000039,JBM-2023-0039,Ministere des Finances,,20-Jun-23,2023-08-03,2023-07-21,paid,79400.0,19,15086.0,94486.0,DT,Bank Transfer,,21-Jul-23,94486.0,0,19.0,2023-07-04,17,False,
INV-000040,JBM-2023-0040,GlobalNet,DEAL-007497,11-May-23,2023-09-07,2023-06-25,paid,104900.0,19,19931.0,124831.0,TND,,Frais de deplacement inclus. Voir detail en annexe.,05-Feb-24,0.0,,19.0,2023-08-08,-44,False,
INV-000041,JBM-2023-0041,STE-Khalfallah-Consulting,,December 03 2023,2024-01-31,,paid,138600.0,19,26334.0,164934.0,DT,,,28/09/2024,0.0,,19.0,2024-01-01,,False,
INV-000042,JBM-2023-0042,Hexabyte,DEAL-006416,December 29 2023,2024-07-02,2024-12-02,paid,76500.0,,14535.0,91035.0,EUR,,Acompte 50% - Contrat annuel support applicatif.,28/01/2024,0.0,,,2024-06-02,183,False,
INV-000043,JBM-2023-0043,STEG,DEAL-005172,27/03/2023,2023-05-14,2023-05-06,paid,126000.0,0.19,23940.0,149940.0,TND,cash,,23/09/2023,0.0,,0.19,2023-04-14,22,False,
INV-000044,JBM-2023-0044,STE Hamdi Consulting,DEAL-004805,December 19 2023,2024-02-08,2024-02-03,paid,46500.0,19,8835.0,55335.0,DT,,Regularisation facture N-1. Avoir emis en contrepartie.,2024-02-03,0.0,,19.0,2024-01-09,25,False,
INV-000045,JBM-2023-0045,Attijari Bank,,2023-01-11,2023-10-03,,paid,39200.0,0.19,7448.0,46648.0,TND,,,September 08 2023,0.0,,0.19,2023-09-03,,False,
INV-000047,JBM-2023-0047,Banque de Tunisie,DEAL-004846,11/10/2023,2023-11-27,2023-11-11,paid,43000.0,0.19,8170.0,51170.0,tnd,,,October 12 2023,0.0,,0.19,2023-10-28,14,False,
INV-000084,JBM-2023-0049,STE Gharbi Consulting,,31/07/2023,2023-09-14,,pending,118048.0,19,22429.12,140477.12,DT,,Acompte 50% - Contrat annuel support applicatif.,26-Feb-24,0.0,,19.0,2023-08-15,,True,960
INV-000050,JBM-2023-0050,Ministere des Finances,DEAL-003964,13/10/2023,2023-11-27,2023-11-17,paid,130800.0,19%,24852.0,155652.0,TND,,Retenue de garantie 10% - Liberation apres recette definitive.,2023-11-12,0.0,,19.0,2023-10-28,20,False,
INV-000051,JBM-2023-0051,Cabinet Rekik & Associes,,2023-10-08,2023-11-14,2023-12-03,paid,129300.0,19%,24567.0,153867.0,tnd,,Facture mensuelle maintenance.,March 06 2024,0.0,,19.0,2023-10-15,49,False,
INV-000052,JBM-2023-0052,STE Zouari Consulting,DEAL-001123,October 18 2023,2023-12-12,,pending,135300.0,19,25707.0,161007.0,TND,,Facture solde - Developpement plateforme BI. Livraison finale acceptee.,June 14 2024,0.0,,19.0,2023-11-12,,True,871
INV-000053,JBM-2023-0053,CyberPark@ Elghazala,DEAL-001558,May 11 2023,2023-06-10,2023-06-19,paid,50500.0,19 %,9595.0,60095.0,tnd,virement,Avoir suite annulation partielle du projet.,2024/02/05,0.0,,19.0,2023-05-11,39,False,
INV-000054,JBM-2023-0054,groupe hamouda digital,DEAL-007343,01-May-23,2023-06-09,2023-06-26,paid,4900.0,19,931.0,5831.0,EUR,,Facture 1/3 - Projet migration cloud STEG. Tranche initiale 30%.,2023/12/27,0.0,,19.0,2023-05-10,47,False,
INV-000055,JBM-2023-0055,Garage Mecanique Toumi,,20/10/2023,2023-11-27,2023-12-26,paid,140600.0,19 %,26714.0,167314.0,tnd,,,May 17 2024,0.0,,19.0,2023-10-28,59,False,
INV-000056,JBM-2023-0056,Salon Coiffure Elegance,DEAL-001334,October 18 2023,2023-11-27,,pending,11300.0,19,2147.0,13447.0,TND,,Facture solde - Developpement plateforme BI. Livraison finale acceptee.,16-Jan-24,0.0,,19.0,2023-10-28,,True,886
INV-000057,JBM-2023-0057,Groupe Khalfallah Digital,DEAL-000978,04/02/2023,2023-03-07,2023-03-21,paid,55600.0,19,10564.0,66164.0,DT,,Facture mensuelle maintenance.,2023-12-01,0.0,,19.0,2023-02-05,44,False,
INV-000058,JBM-2023-0058,Groupe Hamdi Digital,DEAL-004125,2023-03-17,2023-05-05,2023-05-05,paid,38700.0,0,7353.0,46053.0,tnd,,Facture solde - Developpement plateforme BI. Livraison finale acceptee.,11/01/2024,0.0,,0.0,2023-04-05,30,False,
INV-000059,JBM-2023-0059,Attijari Bank,,03-Jun-23,2023-07-18,,pending,99800.0,,18962.0,118762.0,TND,,Invoice for Q2 maintenance contract. PO number: TT-2024-8821.,2023-12-30,0.0,,,2023-06-18,,True,1018
INV-000060,JBM-2023-0060,UIB,DEAL-003289,2023/04/22,2023-04-10,2023-03-06,paid,16300.0,19%,3097.0,19397.0,tnd,,Contrat cadre 2025. Facture trimestrielle T2.,2023/07/21,0.0,,19.0,2023-03-11,-5,False,
INV-000061,JBM-2023-0061,S.Mejri Informatique,DEAL-004845,October 04 2023,2023-11-17,2023-12-02,paid,89200.0,19,16948.0,106148.0,DT,,,2024-02-01,0.0,,19.0,2023-10-18,45,False,
INV-000062,JBM-2023-0062,Groupe Agrebi Technologies,,11-Nov-23,2023-10-28,2024-01-10,paid,10100.0,19,1919.0,12019.0,TND,,Invoice for cybersecurity audit - Phase 1 completed.,November 11 2023,0.0,,19.0,2023-09-28,104,False,
INV-000063,JBM-2023-0063,UIB,,2023-03-02,2023-04-01,2023-04-06,paid,13900.0,15,2641.0,16541.0,TND,,Facture 1/3 - Projet migration cloud STEG. Tranche initiale 30%.,2023/06/30,0.0,,15.0,2023-03-02,35,False,
INV-000064,JBM-2023-0064,G.Hamouda Digital,,2023/04/27,2023-05-29,2023-04-11,paid,50500.0,19,9595.0,60095.0,TND,,Facture 1/3 - Projet migration cloud STEG. Tranche initiale 30%.,26/07/2023,0.0,,19.0,2023-04-29,-18,False,
INV-000065,JBM-2023-0065,Groupe Agrebi Technologies SUARL,DEAL-004053,27/03/2023,2023-04-28,2023-05-25,paid,32100.0,0.19,6099.0,38199.0,tnd,,Retenue de garantie 10% - Liberation apres recette definitive.,26/04/2023,0.0,,0.19,2023-03-29,57,False,
INV-000066,JBM-2023-0066,La Poste Tunisienne,,07-Feb-23,2023-05-04,2023-03-23,paid,126000.0,19,23940.0,149940.0,TND,,,07/06/2023,0.0,,19.0,2023-04-04,-12,False,
INV-000067,JBM-2023-0067,Centre Medical Bouzid,DEAL-001172,31-May-23,2023-07-21,,pending,63900.0,,12141.0,76041.0,TND,,,January 26 2024,0.0,,,2023-06-21,,True,1015
INV-000068,JBM-2023-0068,Boulangerie Chez Faouzi,DEAL-005728,May 12 2023,2023-07-01,2023-07-24,paid,123200.0,,23408.0,146608.0,TND,,,2023/06/26,0.0,,,2023-06-01,53,False,
INV-000069,JBM-2023-0069,STE Belhadj Consulting,DEAL-006860,25/10/2023,2023-12-03,2023-12-13,paid,120800.0,19,22952.0,143752.0,TND,,Contrat cadre 2025. Facture trimestrielle T2.,22-Apr-24,0.0,,19.0,2023-11-03,40,False,
INV-000095,JBM-2023-0070,Groupe Ferchiou Digital,,2023/01/18,2023-03-04,,pending,76200.0,19,14478.0,90678.0,TND,,Facture mensuelle maintenance.,18/05/2023,0.0,,19.0,2023-02-02,,True,1154
INV-000071,JBM-2023-0071,Tunisair,DEAL-004194,December 04 2023,2024-01-15,,pending,34300.0,19,6517.0,40817.0,TND,especes,Avoir suite annulation partielle du projet.,2023/12/04,0.0,,19.0,2023-12-16,,True,837
INV-000072,JBM-2023-0072,STE Mejri Informatique,,2023-12-20,2024-05-02,2024-02-13,paid,96900.0,19,18411.0,115311.0,tnd,,,2024/06/17,0.0,,19.0,2024-04-02,-49,False,
INV-000073,JBM-2023-0073,Groupe Hamouda Digital,DEAL-004724,November 29 2023,2024-01-15,2024-01-22,paid,27700.0,19,5263.0,32963.0,EUR,,Acompte 50% - Contrat annuel support applicatif.,2023/12/01,0.0,,19.0,2023-12-16,37,False,
INV-000074,JBM-2023-0074,STE Ben Salah & Fils,DEAL-003579,27/04/2023,2023-06-26,2023-06-16,paid,64400.0,19,12236.0,76636.0,tnd,,Regularisation facture N-1. Avoir emis en contrepartie.,27/04/2023,0.0,,19.0,2023-05-27,20,False,
INV-000075,JBM-2023-0075,Groupe Mansour Digital,DEAL-000262,June 29 2023,2023-08-20,2023-08-13,paid,5500.0,19,1045.0,6545.0,,cheque,,26-Dec-23,0.0,,19.0,2023-07-21,23,False,
INV-000076,JBM-2023-0076,Cabinet Rekik & Associes,DEAL-000441,14/01/2023,2023-02-14,2023-02-01,paid,49800.0,0.19,9462.0,59262.0,TND,,Contrat cadre 2025. Facture trimestrielle T2.,15/03/2023,0.0,,0.19,2023-01-15,17,False,
INV-000077,JBM-2023-0077,Agence Immobiliere Sfax Centre,DEAL-000803,23-May-23,2023-05-20,2023-07-30,paid,25300.0,0.19,4807.0,30107.0,,,Avoir suite annulation partielle du projet.,May 26 2023,0.0,,0.19,2023-04-20,101,False,
INV-000078,JBM-2023-0078,Delice Danone,,October 16 2023,2023-11-23,2023-11-27,paid,,0.19,,,TND,Cheque,Invoice for Q2 maintenance contract. PO number: TT-2024-8821.,November 27 2023,137683.0,0,0.19,2023-10-24,34,False,
INV-000079,JBM-2023-0079,Bureau d'Etudes Bouzid,,2023/05/23,2023-07-17,2023-07-17,paid,61900.0,19 %,11761.0,73661.0,DT,,Facture solde - Developpement plateforme BI. Livraison finale acceptee.,2023/10/20,0.0,,19.0,2023-06-17,30,False,
INV-000080,JBM-2023-0080,Bureau d'Etudes Bouzid,DEAL-007800,2023-09-06,2023-10-16,2023-11-03,paid,110500.0,19,20995.0,131495.0,TND,,Acompte 50% - Contrat annuel support applicatif.,October 06 2023,0.0,,19.0,2023-09-16,48,False,
INV-000081,JBM-2023-0081,Cabinet Comptable Slim,DEAL-006519,07/10/2023,2023-11-29,,pending,148200.0,0.19,28158.0,176358.0,TND,,Facture solde - Developpement plateforme BI. Livraison finale acceptee.,2023/11/06,0.0,,0.19,2023-10-30,,True,884
INV-000082,JBM-2023-0082,Bureau d'Etudes Bouzid,DEAL-002032,,2023-09-14,2023-10-12,paid,10100.0,19,1919.0,12019.0,TND,,Regularisation facture N-1. Avoir emis en contrepartie.,09/04/2024,0.0,,19.0,2023-08-15,58,False,
INV-000083,JBM-2023-0083,Groupe Bouzid Digital,,18/03/2023,2023-04-19,2023-05-16,paid,4200.0,19,798.0,4998.0,EUR,,,17-May-23,0.0,,19.0,2023-03-20,57,False,
INV-000085,JBM-2023-0085,Topnet,DEAL-004669,February 25 2023,2023-04-23,2023-09-04,paid,48000.0,19,9120.0,57120.0,TND,,Facture 1/3 - Projet migration cloud STEG. Tranche initiale 30%.,2023-10-23,0.0,,19.0,2023-03-24,164,False,
INV-000086,JBM-2023-0086,CyberPark Elghazala,DEAL-006942,2023-11-10,2024-06-01,2023-12-11,paid,133400.0,0.19,25346.0,158746.0,TND,,Regularisation facture N-1. Avoir emis en contrepartie.,December 10 2023,0.0,,0.19,2024-05-02,-143,False,
INV-000088,JBM-2023-0088,bureau d'etudes bouzid,DEAL-003652,2023-12-25,2024-02-20,2024-02-22,paid,115500.0,19,21945.0,137445.0,TND,,Facture 1/3 - Projet migration cloud STEG. Tranche initiale 30%.,20-Sep-24,0.0,,19.0,2024-01-21,32,False,
INV-000089,JBM-2023-0089,Tunisie Telecom,,November 06 2023,2024-05-01,2023-12-14,paid,70500.0,19,13395.0,83895.0,TND,,,2024/01/05,0.0,,19.0,2024-04-01,-109,False,
INV-000090,JBM-2023-0090,Groupe Zouari Digital,DEAL-003795,22-Sep-23,2023-08-11,2023-11-08,paid,8700.0,0.19,1653.0,10353.0,,,Facture solde - Developpement plateforme BI. Livraison finale acceptee.,2023/12/21,0.0,,0.19,2023-07-12,119,False,
INV-000091,JBM-2023-0091,GlobalNet,DEAL-001499,31-Mar-23,2023-05-21,2023-05-02,paid,119100.0,19,22629.0,141729.0,tnd,,Frais de deplacement inclus. Voir detail en annexe.,29-Jul-23,0.0,,19.0,2023-04-21,11,False,
INV-000092,JBM-2023-0092,cnam,DEAL-006323,13/11/2023,2023-12-13,2023-12-20,paid,147800.0,19,28082.0,175882.0,TND,virement,Facture solde - Developpement plateforme BI. Livraison finale acceptee.,13/11/2023,0.0,,19.0,2023-11-13,37,False,
INV-000093,JBM-2023-0093,Groupe Zouari Digital,DEAL-007028,12-Sep-23,2023-10-19,2023-11-10,paid,58100.0,19,11039.0,69139.0,TND,cash,,2023-11-10,69139.0,0,19.0,2023-09-19,52,False,
INV-000094,JBM-2023-0094,CNAM,DEAL-000920,2023-05-07,2023-06-06,2023-06-11,paid,80700.0,,15333.0,96033.0,tnd,especes,Invoice for Q2 maintenance contract. PO number: TT-2024-8821.,04/09/2023,0.0,,,2023-05-07,35,False,
INV-000096,JBM-2023-0096,Centre de Formation Avenir,,2023-07-08,2023-08-19,,cancelled,61900.0,19,11761.0,73661.0,TND,,Acompte 50% - Contrat annuel support applicatif.,July 08 2023,0.0,,19.0,2023-07-20,,False,
INV-000097,JBM-2023-0097,Magasin-Mabrouk-Electronique,DEAL-005735,31-Oct-23,2023-12-06,2024-01-14,paid,59800.0,19,11362.0,71162.0,TND,,Facture mensuelle maintenance.,2024/04/28,0.0,,19.0,2023-11-06,69,False,
INV-000099,JBM-2023-0099,Cabinet Rekik & Associes,,2023/11/26,2024-01-12,2024-01-16,paid,116500.0,0.19,22135.0,138635.0,tnd,,Regularisation facture N-1. Avoir emis en contrepartie.,24-May-24,0.0,,0.19,2023-12-13,34,False,
INV-000100,JBM-2023-0100,Cabinet Agrebi Conseil,DEAL-006425,November 29 2023,2024-01-13,2024-01-14,paid,44400.0,19,8436.0,52836.0,EUR,,Acompte 50% - Contrat annuel support applicatif.,2024-05-27,0.0,,19.0,2023-12-14,31,False,
INV-000101,JBM-2023-0101,STE Ben Salah & Fils,DEAL-000606,16-Jul-23,2023-05-09,2023-09-13,paid,38900.0,19,7391.0,46291.0,TND,Especes,Contrat cadre 2025. Facture trimestrielle T2.,12/01/2024,0.0,,19.0,2023-04-09,157,False,
INV-000102,JBM-2023-0102,Groupe Hamdi Digital,,23-Sep-23,2023-11-16,2023-11-15,paid,118000.0,,22420.0,140420.0,TND,,Contrat cadre 2025. Facture trimestrielle T2.,23-Sep-23,0.0,,,2023-10-17,29,False,
INV-000745,JBM-2023-0103,STE Gharbi Consulting,DEAL-003721,2024-07-29,2024-06-09,,pending,156500.0,19%,29735.0,186235.0,tnd,,Facture solde - Developpement plateforme BI. Livraison finale acceptee.,2025-05-25,0.0,,19.0,2024-05-10,,True,691
INV-000104,JBM-2023-0104,Cabinet Turki Conseil,DEAL-005632,2023/05/06,2023-06-20,2023-06-23,paid,76400.0,19%,14516.0,90916.0,TND,,,December 02 2023,0.0,,19.0,2023-05-21,33,False,
INV-000105,JBM-2023-0105,Groupe Ferchiou Digital,DEAL-003789,14-Jun-23,2023-08-01,,cancelled,38700.0,19,7353.0,46053.0,TND,,Acompte 50% - Contrat annuel support applicatif.,29/06/2023,0.0,,19.0,2023-07-02,,False,
INV-000106,JBM-2023-0106,Entreprise Haddad,,2023/08/21,2023-10-11,2023-07-10,paid,131000.0,19,24890.0,155890.0,TND,,Acompte 50% - Contrat annuel support applicatif.,17/04/2024,0.0,,19.0,2023-09-11,-63,False,
INV-000107,JBM-2023-0107,Ministere des Finances,DEAL-004699,2023-04-28,2023-06-16,2023-06-06,paid,138000.0,19,26220.0,164220.0,DT,,Avoir suite annulation partielle du projet.,March 23 2024,0.0,,19.0,2023-05-17,20,False,
INV-000108,JBM-2023-0108,GlobalNet,,2023-05-19,2023-06-29,2023-06-27,paid,116300.0,19 %,22097.0,138397.0,TND,,,19/05/2023,0.0,,19.0,2023-05-30,28,False,
INV-000109,JBM-2023-0109,Garage Mecanique Toumi,DEAL-005782,2023-11-08,2023-12-08,2024-02-03,paid,83900.0,,15941.0,99841.0,TND,virement,,July 05 2024,0.0,,,2023-11-08,87,False,
INV-000111,JBM-2023-0111,Studio Photo Memories,,09-Jan-23,2023-03-09,,pending,64100.0,20,12179.0,76279.0,TND,,Facture mensuelle maintenance.,06/10/2023,0.0,,20.0,2023-02-07,,True,1149
INV-000113,JBM-2023-0113,Magasin Mabrouk Electronique,DEAL-000867,October 30 2023,2023-02-12,2023-12-30,paid,,0.19,,,TND,,,28/03/2024,0.0,,0.19,2023-01-13,351,False,
INV-000114,JBM-2023-0114,Entreprise Haddad,DEAL-003045,2023/09/29,2023-11-28,,pending,66100.0,0,12559.0,78659.0,TND,especes,Invoice for Q2 maintenance contract. PO number: TT-2024-8821.,November 28 2023,0.0,,0.0,2023-10-29,,True,885
INV-000115,JBM-2023-0115,Bureau d'Etudes Bouzid,DEAL-002800,06-Nov-23,2023-09-12,,pending,146500.0,19,27835.0,174335.0,DT,,Frais de deplacement inclus. Voir detail en annexe.,September 01 2024,0.0,,19.0,2023-08-13,,True,962
INV-000116,JBM-2023-0116,STE Ferchiou Informatique,DEAL-004581,December 01 2023,2023-11-18,2024-01-24,paid,22100.0,19,4199.0,26299.0,TND,,Invoice for Q2 maintenance contract. PO number: TT-2024-8821.,2024-09-26,0.0,,19.0,2023-10-19,97,False,
INV-000117,JBM-2023-0117,Bureau d'Etudes Gharbi,DEAL-006618,07-Dec-23,2024-01-17,2024-01-31,paid,68200.0,19,12958.0,81158.0,TND,,Invoice for Q2 maintenance contract. PO number: TT-2024-8821.,July 04 2024,0.0,,19.0,2023-12-18,44,False,
INV-000118,JBM-2023-0118,CNSS,DEAL-004023,16-Jan-23,2023-02-22,2023-02-27,paid,12100.0,,2299.0,14399.0,EUR,,Retenue de garantie 10% - Liberation apres recette definitive.,16-Jan-23,0.0,,,2023-01-23,35,False,
INV-000119,JBM-2023-0119,Bureau d'Etudes Bouzid,,2023/12/11,2024-02-09,2024-01-26,paid,33600.0,19,6384.0,39984.0,TND,cash,,26-Jan-24,16297.61,0,19.0,2024-01-10,16,False,
INV-000120,JBM-2023-0120,Cabinet Agrebi Conseil,DEAL-004464,2023/12/24,2024-01-28,2024-02-11,paid,32800.0,19%,6232.0,39032.0,EUR,,Frais de deplacement inclus. Voir detail en annexe.,April 22 2024,0.0,,19.0,2023-12-29,44,False,
INV-000121,JBM-2023-0121,STE Jlassi Consulting,,15-Aug-23,2023-10-14,2023-03-10,paid,46410.0,19,8817.9,55227.9,EUR,,Facture mensuelle maintenance.,2023-12-13,0.0,,19.0,2023-09-14,-188,False,
INV-000122,JBM-2023-0122,hexabyte,DEAL-000890,2023-06-11,2023-07-21,,pending,7600.0,0,1444.0,9044.0,EUR,,,June 05 2024,0.0,,0.0,2023-06-21,,True,1015
INV-000123,JBM-2023-0123,Groupe Haddad Technologies,DEAL-006010,2023-05-30,2023-07-20,2023-07-22,paid,76500.0,19,14535.0,91035.0,TND,,,2023/08/28,0.0,,19.0,2023-06-20,32,False,
INV-000124,JBM-2023-0124,Librairie Al Manar,,2023/11/04,2023-05-12,2024-01-13,paid,15351.0,19,2916.69,18267.69,TND,Cheque,Retenue de garantie 10% - Liberation apres recette definitive.,06/11/2023,0.0,,19.0,2023-04-12,276,False,
INV-000125,JBM-2023-0125,STE Khalfallah & Fils,DEAL-005835,August 09 2023,2023-09-11,2023-09-26,paid,78800.0,,14972.0,93772.0,EUR,especes,Regularisation facture N-1. Avoir emis en contrepartie.,2023-08-12,0.0,,,2023-08-12,45,False,
INV-000127,JBM-2023-0127,Attijari Bank,DEAL-006443,2023-01-03,2023-02-05,2023-02-13,paid,77500.0,0.19,14725.0,92225.0,TND,,Regularisation facture N-1. Avoir emis en contrepartie.,29-Nov-23,0.0,,0.19,2023-01-06,38,False,
INV-000128,JBM-2023-0128,Magasin Mabrouk Electronique,,13/07/2023,2023-07-09,2023-10-01,paid,40500.0,19%,7695.0,48195.0,DT,,Retenue de garantie 10% - Liberation apres recette definitive.,2024-04-08,0.0,,19.0,2023-06-09,114,False,
INV-000129,JBM-2023-0129,STE Ferchiou Informatique,DEAL-006101,2023-10-15,2023-09-12,2023-11-12,paid,60000.0,19 %,11400.0,71400.0,TND,,Invoice for cybersecurity audit - Phase 1 completed.,17-Oct-23,0.0,,19.0,2023-08-13,91,False,
INV-000130,JBM-2023-0130,Entreprise Belhadj,DEAL-004661,2023-01-08,2023-02-16,2023-02-28,paid,30100.0,0.19,5719.0,35819.0,TND,bank transfer,Contrat cadre 2025. Facture trimestrielle T2.,07-Feb-23,0.0,,0.19,2023-01-17,42,False,
INV-000131,JBM-2023-0131,Boulangerie Chez Faouzi,DEAL-004992,2023-08-01,2023-09-19,2023-10-15,paid,142700.0,0.19,27113.0,169813.0,TND,,Facture 1/3 - Projet migration cloud STEG. Tranche initiale 30%.,August 31 2023,0.0,,0.19,2023-08-20,56,False,
INV-000151,JBM-2023-0132,auto-ecole nejib,DEAL-004980,August 13 2023,2023-09-28,2023-11-05,paid,36000.0,19%,6840.0,42840.0,TND,,,2023/08/13,0.0,,19.0,2023-08-29,68,False,
INV-000133,JBM-2023-0133,STE Mejri Informatique,DEAL-000349,09-Jan-23,2023-03-09,2023-09-03,paid,8400.0,0,1596.0,9996.0,TND,,Acompte 50% - Contrat annuel support applicatif.,2023/03/10,0.0,,0.0,2023-02-07,208,False,
INV-000134,JBM-2023-0134,STE Belhadj Consulting,DEAL-005685,July 22 2023,2023-09-16,2023-09-17,paid,140700.0,19,26733.0,167433.0,TND,,Retenue de garantie 10% - Liberation apres recette definitive.,18-Mar-24,0.0,,19.0,2023-08-17,31,False,
INV-000135,JBM-2023-0135,La Poste Tunisienne,DEAL-003593,20-Jan-23,2023-02-26,2023-02-28,paid,96300.0,19,18297.0,114597.0,tnd,,Avoir suite annulation partielle du projet.,December 16 2023,0.0,,19.0,2023-01-27,32,False,
INV-000136,JBM-2023-0136,Groupe Haddad Technologies,DEAL-007405,2023-09-17,2023-11-03,2023-03-11,paid,162197.0,19,30817.43,193014.43,TND,,Avoir suite annulation partielle du projet.,13-Jun-24,0.0,,19.0,2023-10-04,-207,False,
INV-000137,JBM-2023-0137,STE Hamdi Consulting,DEAL-001809,2023/02/21,2023-03-31,2023-10-04,paid,44700.0,0.19,8493.0,53193.0,,Cash,Acompte 50% - Contrat annuel support applicatif.,2023-04-22,0.0,,0.19,2023-03-01,217,False,
INV-000138,JBM-2023-0138,BUREAU D'ETUDES BOUZID,DEAL-003523,2023-11-23,2023-12-25,2024-09-01,paid,87800.0,19,16682.0,104482.0,EUR,,Retenue de garantie 10% - Liberation apres recette definitive.,June 20 2024,0.0,,19.0,2023-11-25,281,False,
INV-000139,JBM-2023-0139,UIB,DEAL-004647,02-Jun-23,2023-07-20,,cancelled,101900.0,19,19361.0,121261.0,TND,,Invoice for Q2 maintenance contract. PO number: TT-2024-8821.,17/06/2023,0.0,,19.0,2023-06-20,,False,
INV-000140,JBM-2023-0140,STE Khalfallah & Fils,DEAL-007959,2023-05-19,2023-06-25,,pending,29800.0,19,5662.0,35462.0,tnd,,,15-Dec-23,0.0,,19.0,2023-05-26,,True,1041
INV-000141,JBM-2023-0141,Bureau d'Etudes Oueslati,,06/05/2023,2023-06-24,,cancelled,141500.0,0.19,26885.0,168385.0,TND,,Contrat cadre 2025. Facture trimestrielle T2.,2023/05/16,0.0,,0.19,2023-05-25,,False,
INV-000142,JBM-2023-0142,Cabinet Comptable Slim,DEAL-000822,22-Oct-23,2023-12-16,,pending,146200.0,19,27778.0,173978.0,TND,,Invoice for Q2 maintenance contract. PO number: TT-2024-8821.,18-Jul-24,0.0,,19.0,2023-11-16,,True,867
INV-000143,JBM-2023-0143,Groupe Mansour Digital,DEAL-001684,2023/05/28,2023-07-24,2023-05-21,paid,37000.0,19,7030.0,44030.0,tnd,,,19/07/2023,0.0,,19.0,2023-06-24,-34,False,
INV-000144,JBM-2023-0144,Entreprise Sghaier,DEAL-003241,December 07 2023,2024-01-12,2024-01-26,paid,13300.0,19,2527.0,15827.0,EUR,,Retenue de garantie 10% - Liberation apres recette definitive.,2024-11-01,0.0,,19.0,2023-12-13,44,False,
INV-000145,JBM-2023-0145,Ooredoo Tunisie,DEAL-005223,11-Dec-23,2024-01-29,2024-01-22,paid,58700.0,19,11153.0,69853.0,TND,Cash,Avoir suite annulation partielle du projet.,2023-12-11,0.0,,19.0,2023-12-30,23,False,
INV-000146,JBM-2023-0146,Ooredoo Tunisie,,21-Jun-23,2023-08-14,2023-07-21,paid,26100.0,,4959.0,31059.0,TND,,Frais de deplacement inclus. Voir detail en annexe.,17/01/2024,0.0,,,2023-07-15,6,False,
INV-000147,JBM-2023-0147,Bureau d'Etudes Gharbi,DEAL-003315,10-Jun-23,2023-07-21,2023-07-29,paid,48300.0,19,9177.0,57477.0,tnd,,,2024-03-06,0.0,,19.0,2023-06-21,38,False,
INV-000148,JBM-2023-0148,Bureau d'Etudes Ben Salah,DEAL-002404,April 01 2023,2023-05-25,2023-05-30,paid,37366.0,19,7099.54,44465.54,,,Facture mensuelle maintenance.,30-Jul-23,0.0,,19.0,2023-04-25,35,False,
INV-000149,JBM-2023-0149,STE-Belhadj-Consulting,DEAL-002551,2023/11/13,2023-12-16,2024-01-05,paid,111800.0,19,21242.0,133042.0,EUR,,,08/09/2024,0.0,,19.0,2023-11-16,50,False,
INV-000150,JBM-2023-0150,MAGASIN MABROUK ELECTRONIQUE,DEAL-002911,2023/03/07,2023-04-13,,pending,5500.0,0.19,1045.0,6545.0,DT,,Facture solde - Developpement plateforme BI. Livraison finale acceptee.,01/03/2024,0.0,,0.19,2023-03-14,,True,1114
INV-001344,JBM-2023-0151,Ministere des Finances,DEAL-004835,2025-07-05,2025-08-09,2025-06-22,paid,53700.0,20,10203.0,63903.0,TND,,Invoice for cybersecurity audit - Phase 1 completed.,2025-12-02,0.0,,20.0,2025-07-10,-18,False,
INV-000152,JBM-2023-0152,Groupe Haddad Technologies,DEAL-003237,,2023-08-08,2023-08-14,paid,58300.0,0.19,11077.0,69377.0,TND,Especes,Frais de deplacement inclus. Voir detail en annexe.,2023/08/14,35454.68,0,0.19,2023-07-09,36,False,
INV-000153,JBM-2023-0153,STE Ben Romdhane Consulting,DEAL-006067,04-Dec-23,2024-08-01,2024-01-31,paid,57700.0,0,10963.0,68663.0,TND,,Frais de deplacement inclus. Voir detail en annexe.,2024-03-03,0.0,,0.0,2024-07-02,-153,False,
INV-000258,JBM-2023-0154,Cafe Carthage,DEAL-004303,2023/11/13,2024-04-01,,pending,,19,,,EUR,,,2024-01-12,0.0,,19.0,2024-03-02,,True,760
INV-000155,JBM-2023-0155,UIB,DEAL-005820,19-Mar-23,2023-05-15,2023-04-19,paid,106700.0,0.19,20273.0,126973.0,DT,,,April 18 2023,0.0,,0.19,2023-04-15,4,False,
INV-000156,JBM-2023-0156,STE Hamdi Consulting,DEAL-002140,20-May-23,2023-06-27,,pending,42300.0,15,8037.0,50337.0,DT,virement,Facture 1/3 - Projet migration cloud STEG. Tranche initiale 30%.,2023-12-16,0.0,,15.0,2023-05-28,,True,1039
INV-000165,JBM-2023-0158,A.Immobiliere Sfax Centre,,09-Jun-23,2023-07-23,2023-09-07,paid,141500.0,19,26885.0,168385.0,TND,cheque,Facture solde - Developpement plateforme BI. Livraison finale acceptee.,04/04/2024,0.0,,19.0,2023-06-23,76,False,
INV-000159,JBM-2023-0159,Garage Mecanique oToumi,DEAL-000813,29-Aug-23,2023-10-14,2023-10-29,paid,109200.0,19,20748.0,129948.0,TND,,,27-Nov-23,0.0,,19.0,2023-09-14,45,False,
INV-000160,JBM-2023-0160,Groupe Ferchiou Digital,,29-Jan-23,2023-03-20,2023-03-21,paid,53600.0,19,10184.0,63784.0,TND,,Regularisation facture N-1. Avoir emis en contrepartie.,March 30 2023,0.0,,19.0,2023-02-18,31,False,
INV-000161,JBM-2023-0161,STE Khalfallah & Fils SARL,,26-May-23,2023-07-22,,pending,76100.0,19,14459.0,90559.0,EUR,,Facture mensuelle maintenance.,22/07/2023,0.0,,19.0,2023-06-22,,True,1014
INV-000162,JBM-2023-0162,STE Laabidi Consulting,DEAL-005156,January 23 2023,2023-02-22,2023-03-18,paid,5300.0,0.19,1007.0,6307.0,TND,,Facture 1/3 - Projet migration cloud STEG. Tranche initiale 30%.,July 22 2023,0.0,,0.19,2023-01-23,54,False,
INV-000163,JBM-2023-0163,STE Belhadj Consulting,,December 11 2023,2023-12-08,2023-11-25,paid,46000.0,19,8740.0,54740.0,TND,,,10-Mar-24,0.0,,19.0,2023-11-08,17,False,
INV-000164,JBM-2023-0164,STE Ben Romdhane Consulting,DEAL-001994,2023/05/02,2023-06-25,,paid,148400.0,19,28196.0,176596.0,TND,,Facture 1/3 - Projet migration cloud STEG. Tranche initiale 30%.,05/05/2023,0.0,,19.0,2023-05-26,,False,
INV-000166,JBM-2023-0166,Groupe Ferchiou Digital,DEAL-003471,03-Feb-23,2023-03-24,2023-03-24,paid,146700.0,19 %,27873.0,174573.0,DT,Especes,Facture solde - Developpement plateforme BI. Livraison finale acceptee.,03/07/2023,0.0,,19.0,2023-02-22,30,False,
INV-000167,JBM-2023-0167,STE Laabidi Consulting,DEAL-007003,June 02 2023,2023-10-07,2023-07-18,paid,149100.0,19,28329.0,177429.0,TND,,Acompte 50% - Contrat annuel support applicatif.,2023/08/31,0.0,,19.0,2023-09-07,-51,False,
INV-000169,JBM-2023-0169,Ministere des Finances,,2023/08/18,2023-10-16,2023-09-27,paid,92700.0,19,17613.0,110313.0,TND,,Retenue de garantie 10% - Liberation apres recette definitive.,September 17 2023,0.0,,19.0,2023-09-16,11,False,
INV-000170,JBM-2023-0170,CNSS,DEAL-006826,14/12/2023,2024-01-24,,paid,40500.0,0.19,7695.0,48195.0,EUR,,Facture solde - Developpement plateforme BI. Livraison finale acceptee.,2024-09-09,0.0,,0.19,2023-12-25,,False,
INV-000171,JBM-2023-0171,La Poste Tunisienne,DEAL-003644,2023-05-13,2023-07-05,2023-06-13,paid,121300.0,19%,23047.0,144347.0,TND,,,12-Jun-23,0.0,,19.0,2023-06-05,8,False,
INV-000172,JBM-2023-0172,STE Agrebi Solutions,DEAL-000776,May 25 2023,2023-06-28,2023-07-23,paid,109300.0,19,20767.0,130067.0,tnd,,Facture mensuelle maintenance.,2023-11-21,0.0,,19.0,2023-05-29,55,False,
INV-000174,JBM-2023-0174,Groupe Bouzid Digital,,2023/07/21,2023-08-26,2023-09-15,paid,35600.0,19,6764.0,42364.0,TND,,Retenue de garantie 10% - Liberation apres recette definitive.,March 17 2024,0.0,,19.0,2023-07-27,50,False,
INV-000175,JBM-2023-0175,Groupe Khalfallah Digital,DEAL-002318,2023-01-08,2023-02-26,2023-03-03,paid,33600.0,19,6384.0,39984.0,TND,,Invoice for Q2 maintenance contract. PO number: TT-2024-8821.,2023-05-08,0.0,,19.0,2023-01-27,35,False,
INV-000176,JBM-2023-0176,Cabinet-Rekik-&-Associes,,30/11/2023,2024-01-21,,pending,146400.0,0.19,27816.0,174216.0,tnd,,,28-Feb-24,0.0,,0.19,2023-12-22,,True,831
INV-000177,JBM-2023-0177,Topnet,DEAL-001514,07-Aug-23,2023-09-06,2023-09-14,paid,30100.0,0.19,5719.0,35819.0,TND,especes,Facture solde - Developpement plateforme BI. Livraison finale acceptee.,05/11/2023,0.0,,0.19,2023-08-07,38,False,
INV-000178,JBM-2023-0178,Groupe Haddad Technologies,DEAL-005825,2023/09/04,2023-10-26,,pending,9600.0,19%,1824.0,11424.0,EUR,,,2023-12-03,0.0,,19.0,2023-09-26,,True,918
INV-000179,JBM-2023-0179,STE Ferchiou Informatique,DEAL-004514,January 03 2023,2023-02-22,,pending,76400.0,19,14516.0,90916.0,DT,,Retenue de garantie 10% - Liberation apres recette definitive.,01-Aug-23,0.0,,19.0,2023-01-23,,True,1164
INV-000180,JBM-2023-0180,CyberPark Elghazala,DEAL-007461,March 11 2023,2023-04-27,2023-04-15,cancelled,140000.0,19,26600.0,166600.0,TND,,Invoice for cybersecurity audit - Phase 1 completed.,2024-03-05,0.0,,19.0,2023-03-28,,False,
INV-000181,JBM-2023-0181,Pharmacie Al Amal,,2023/12/16,2024-02-13,2024-02-14,paid,102500.0,19%,19475.0,121975.0,TND,,,July 13 2024,0.0,,19.0,2024-01-14,31,False,
INV-000182,JBM-2023-0182,BIAT,DEAL-000560,December 27 2023,2024-03-02,2024-01-26,paid,78800.0,0.19,14972.0,93772.0,DT,,Avoir suite annulation partielle du projet.,2024/06/24,0.0,,0.19,2024-02-01,-6,False,
INV-000183,JBM-2023-0183,S.Belhadj Consulting,DEAL-007115,14-May-23,2023-07-07,2023-07-05,paid,128200.0,0.19,24358.0,152558.0,EUR,,Facture mensuelle maintenance.,11-Sep-23,0.0,,0.19,2023-06-07,28,False,
INV-000184,JBM-2023-0184,Entreprise Belhadj,,2023/01/20,2023-03-20,,pending,39400.0,0.19,7486.0,46886.0,TND,,Contrat cadre 2025. Facture trimestrielle T2.,2023-09-17,0.0,,0.19,2023-02-18,,True,1138
INV-000185,JBM-2023-0185,Centre de Formation Avenir,DEAL-006540,2023/10/18,2023-03-12,,cancelled,108800.0,19,20672.0,129472.0,TND,Bank Transfer,Frais de deplacement inclus. Voir detail en annexe.,28-Oct-23,0.0,,19.0,2023-02-10,,False,
INV-000186,JBM-2023-0186,Ministere des Finances,DEAL-006817,2023/04/27,2023-06-11,2023-06-01,paid,41500.0,19,7885.0,49385.0,DT,,Invoice for Q2 maintenance contract. PO number: TT-2024-8821.,2023-04-27,0.0,,19.0,2023-05-12,20,False,
INV-000187,JBM-2023-0187,Entreprise-Hamouda,,29/10/2023,2023-12-27,2023-12-17,paid,83400.0,19,15846.0,99246.0,EUR,,Contrat cadre 2025. Facture trimestrielle T2.,2024/09/23,0.0,,19.0,2023-11-27,20,False,
INV-000192,JBM-2023-0188,Autoo-Ecole Nejib,,2023-06-03,2023-07-06,,pending,109500.0,19,20805.0,130305.0,EUR,,Invoice for cybersecurity audit - Phase 1 completed.,02-Aug-23,0.0,,19.0,2023-06-06,,True,1030
INV-000189,JBM-2023-0189,Groupe Hamouda Digital,DEAL-005847,29-Apr-23,2023-06-18,,pending,119400.0,,22686.0,142086.0,TND,,Regularisation facture N-1. Avoir emis en contrepartie.,2023-08-27,0.0,,,2023-05-19,,True,1048
INV-000190,JBM-2023-0190,Tunisair,DEAL-003730,August 17 2023,2023-09-22,2023-09-28,paid,95800.0,0.19,18202.0,114002.0,EUR,,Acompte 50% - Contrat annuel support applicatif.,June 12 2024,0.0,,0.19,2023-08-23,36,False,
INV-000191,JBM-2023-0191,Librairie Al Manar,DEAL-004569,2023/06/17,2023-07-24,2023-09-02,paid,64300.0,19,12217.0,76517.0,DT,,Avoir suite annulation partielle du projet.,December 14 2023,0.0,,19.0,2023-06-24,70,False,
INV-000193,JBM-2023-0193,Groupe Mansour Digital,DEAL-007145,26/04/2023,2023-06-24,,cancelled,5100.0,19%,969.0,6069.0,EUR,,Avoir suite annulation partielle du projet.,2023/04/29,0.0,,19.0,2023-05-25,,False,
INV-000194,JBM-2023-0194,Groupe Bouzid Digital,DEAL-006471,29/08/2023,2023-10-11,2023-10-25,paid,50400.0,19,9576.0,59976.0,TND,Cheque,Avoir suite annulation partielle du projet.,2023-12-27,0.0,,19.0,2023-09-11,44,False,
INV-000195,JBM-2023-0195,GlobalNet,DEAL-003380,10-Jan-23,2023-02-19,2023-02-19,paid,146300.0,0.19,27797.0,174097.0,TND,,Acompte 50% - Contrat annuel support applicatif.,2023/11/06,0.0,,0.19,2023-01-20,30,False,
INV-000196,JBM-2023-0196,Banque de Tunisie,,February 25 2023,2023-04-06,2023-04-07,paid,93000.0,19,17670.0,110670.0,TND,,Facture mensuelle maintenance.,2023-05-26,0.0,,19.0,2023-03-07,31,False,
INV-000197,JBM-2023-0197,TUNISIE TELECOM,DEAL-000345,09/07/2023,2023-08-24,2023-08-10,paid,114700.0,19,21793.0,136493.0,TND,cash,Regularisation facture N-1. Avoir emis en contrepartie.,10-Aug-23,136493.0,0,19.0,2023-07-25,16,False,
INV-000198,JBM-2023-0198,S.Jlassi Consulting,,30/11/2023,2024-01-25,2024-01-28,paid,26200.0,19 %,4978.0,31178.0,TND,Especes,Avoir suite annulation partielle du projet.,31/12/2023,16225.82,14952.18,19.0,2023-12-26,33,False,
INV-000199,JBM-2023-0199,Bureau d'Etudes Ben Salah,DEAL-007089,2023/04/18,2023-05-18,2023-06-02,paid,105500.0,19,20045.0,125545.0,DT,,Invoice for cybersecurity audit - Phase 1 completed.,October 15 2023,0.0,,19.0,2023-04-18,45,False,
INV-000202,JBM-2023-0202,STE Ben Salah & Fils,DEAL-006369,April 15 2023,2023-06-13,2023-06-09,paid,125307.0,19,23808.33,149115.33,tnd,,Facture 1/3 - Projet migration cloud STEG. Tranche initiale 30%.,17-Apr-23,0.0,,19.0,2023-05-14,26,False,
INV-000203,JBM-2023-0203,Imprimerie El Ittihad,DEAL-003598,September 04 2023,2023-10-24,2023-08-28,paid,95800.0,19,18202.0,114002.0,TND,,Acompte 50% - Contrat annuel support applicatif.,01-Apr-24,0.0,,19.0,2023-09-24,-27,False,
INV-000204,JBM-2023-0204,Topnet,DEAL-003549,15/07/2023,2023-09-07,2023-08-18,cancelled,72900.0,19,13851.0,86751.0,DT,,Regularisation facture N-1. Avoir emis en contrepartie.,11-Jan-24,0.0,,19.0,2023-08-08,,False,
INV-000205,JBM-2023-0205,Bureau d'Etudes Bouzid,DEAL-006381,2023/06/29,2023-08-03,2023-08-25,paid,25500.0,19,4845.0,30345.0,TND,,Regularisation facture N-1. Avoir emis en contrepartie.,26/12/2023,0.0,,19.0,2023-07-04,52,False,
INV-000206,JBM-2023-0206,Groupe Agrebi Technologies,DEAL-004462,2023/12/22,2024-01-27,2024-02-06,paid,149400.0,19,28386.0,177786.0,TND,,Facture solde - Developpement plateforme BI. Livraison finale acceptee.,2024/10/17,0.0,,19.0,2023-12-28,40,False,
INV-000207,JBM-2023-0207,STE Khalfallah Consulting,DEAL-007930,17-Oct-23,2023-11-24,2023-09-29,paid,98700.0,19,18753.0,117453.0,,especes,Frais de deplacement inclus. Voir detail en annexe.,2023/12/04,117453.0,0,19.0,2023-10-25,-26,False,
INV-000208,JBM-2023-0208,Entreprise Chaabane,DEAL-000045,07/05/2023,2023-05-05,,cancelled,31800.0,20,6042.0,37842.0,tnd,Bank Transfer,,2023/05/22,0.0,,20.0,2023-04-05,,False,
INV-000337,JBM-2023-0209,Groupe Zouari Digital,DEAL-004454,2023-04-28,2023-06-21,2023-06-18,paid,17000.0,19,3230.0,20230.0,TND,,Facture solde - Developpement plateforme BI. Livraison finale acceptee.,2023/12/24,0.0,,19.0,2023-05-22,27,False,
INV-000210,JBM-2023-0210,biat,,2023/07/02,2023-08-26,2023-11-08,paid,83800.0,19,15922.0,99722.0,TND,,Acompte 50% - Contrat annuel support applicatif.,2023-11-29,0.0,,19.0,2023-07-27,104,False,
INV-000211,JBM-2023-0211,STE Chaabane Solutions,,November 10 2023,2023-12-12,,pending,33500.0,19,6365.0,39865.0,EUR,,Frais de deplacement inclus. Voir detail en annexe.,2024-05-08,0.0,,19.0,2023-11-12,,True,871
INV-000213,JBM-2023-0213,Bureau d'Etudes Oueslati,,06-May-23,2023-06-30,,pending,75000.0,0.19,14250.0,89250.0,TND,,Contrat cadre 2025. Facture trimestrielle T2.,2024/01/31,0.0,,0.19,2023-05-31,,True,1036
INV-000214,JBM-2023-0214,Attijari-Bank,DEAL-006827,2023-12-08,2024-01-11,2024-11-01,paid,75900.0,0.19,14421.0,90321.0,DT,Cash,Frais de deplacement inclus. Voir detail en annexe.,05-Jan-24,45942.88,44378.12,0.19,2023-12-12,325,False,
INV-000215,JBM-2023-0215,STE-Agrebi-Solutions,DEAL-006667,26/02/2023,2023-03-28,,pending,50800.0,19%,9652.0,60452.0,TND,,,2023-07-26,0.0,,19.0,2023-02-26,,True,1130
INV-000216,JBM-2023-0216,Groupe Zouari Digital,DEAL-007320,03/12/2023,2024-01-20,2024-01-22,paid,96500.0,0,18335.0,114835.0,EUR,,Regularisation facture N-1. Avoir emis en contrepartie.,June 30 2024,0.0,,0.0,2023-12-21,32,False,
INV-000217,JBM-2023-0217,Studio Photo Memories,DEAL-002986,2023/06/22,2023-08-19,2023-09-17,paid,144900.0,19,27531.0,172431.0,TND,,Regularisation facture N-1. Avoir emis en contrepartie.,2023/11/19,0.0,,19.0,2023-07-20,59,False,
INV-000218,JBM-2023-0218,Pharmacie Al Amal,DEAL-000566,2023/11/08,2023-12-12,2024-02-06,cancelled,124200.0,0.19,23598.0,147798.0,tnd,,,08-Dec-23,0.0,,0.19,2023-11-12,,False,
INV-000219,JBM-2023-0219,Boulangerie Chez Faouzi,,May 15 2023,2023-06-20,2023-08-13,paid,45800.0,19,8702.0,54502.0,DT,,Invoice for cybersecurity audit - Phase 1 completed.,2023/05/15,0.0,,19.0,2023-05-21,84,False,
INV-000220,JBM-2023-0220,Cabinet Turki Conseil,DEAL-007195,2023-03-25,2023-05-21,,pending,140200.0,19 %,26638.0,166838.0,,,,February 18 2024,0.0,,19.0,2023-04-21,,True,1076
INV-000835,JBM-2023-0221,Entreprise Chaabane,,May 29 2024,2024-03-07,2024-07-21,paid,191200.0,15,36328.0,227528.0,EUR,,Contrat cadre 2025. Facture trimestrielle T2.,2024/12/25,0.0,,15.0,2024-02-06,166,False,
INV-000222,JBM-2023-0222,STE Ferchiou Informatique,DEAL-006883,February 12 2023,2023-04-13,2023-03-04,paid,23800.0,19,4522.0,28322.0,TND,,Invoice for Q2 maintenance contract. PO number: TT-2024-8821.,12/07/2023,0.0,,19.0,2023-03-14,-10,False,
INV-000224,JBM-2023-0224,Bureau d'Etudes Gharbi,,September 24 2023,2023-11-23,,cancelled,10400.0,19 %,1976.0,12376.0,DT,Virement bancaire,Facture mensuelle maintenance.,04-Oct-23,0.0,,19.0,2023-10-24,,False,
INV-000457,JBM-2023-0225,Cabinet Rekik & Associes,DEAL-006188,,2024-08-20,2024-08-14,paid,124000.0,0.19,23560.0,147560.0,TND,,Avoir suite annulation partielle du projet.,15/08/2024,0.0,,0.19,2024-07-21,24,False,
INV-000226,JBM-2023-0226,Boulangerie Chez Faouzi,DEAL-003074,06/06/2023,2023-07-27,2023-11-08,paid,15500.0,19%,2945.0,18445.0,TND,Check,Frais de deplacement inclus. Voir detail en annexe.,2024/04/01,0.0,,19.0,2023-06-27,134,False,
INV-000227,JBM-2023-0227,Fleuriste Au Jasmin,,03/08/2023,2023-09-19,,paid,91800.0,19,17442.0,109242.0,TND,,Facture mensuelle maintenance.,02/10/2023,0.0,,19.0,2023-08-20,,False,
INV-000228,JBM-2023-0228,Groupe Hamdi Digital,,31/03/2023,2023-05-24,2023-05-27,paid,124200.0,,23598.0,147798.0,TND,,Facture 1/3 - Projet migration cloud STEG. Tranche initiale 30%.,2023-04-03,0.0,,,2023-04-24,33,False,
INV-000229,JBM-2023-0229,Clinique Dentaire Dr Mrad,DEAL-007197,June 18 2023,2023-07-25,2023-08-23,paid,37600.0,19%,7144.0,44744.0,,,Facture mensuelle maintenance.,17-Aug-23,0.0,,19.0,2023-06-25,59,False,
INV-000230,JBM-2023-0230,STE Khalfallah & Fils,,2023/02/25,2023-04-12,2023-11-04,paid,65400.0,19,12426.0,77826.0,DT,,Facture 1/3 - Projet migration cloud STEG. Tranche initiale 30%.,March 27 2023,0.0,,19.0,2023-03-13,236,False,
INV-000231,JBM-2023-0231,Hexabyte,DEAL-002487,June 18 2023,2023-07-18,2023-07-30,paid,49200.0,0,9348.0,58548.0,TND,Especes,Contrat cadre 2025. Facture trimestrielle T2.,2023/07/30,58548.0,0,0.0,2023-06-18,42,False,
INV-000232,JBM-2023-0232,Groupe Zouari Digital,,11-Oct-23,2023-11-18,2023-12-04,paid,82100.0,19,15599.0,97699.0,TND,,Acompte 50% - Contrat annuel support applicatif.,05/09/2024,0.0,,19.0,2023-10-19,46,False,
INV-000233,JBM-2023-0233,GROUPE BOUZID DIGITAL,DEAL-003627,04/10/2023,2023-11-08,,pending,71900.0,19,13661.0,85561.0,DT,,,31/05/2024,0.0,,19.0,2023-10-09,,True,905
INV-000234,JBM-2023-0234,Boulangerie Chez Faouzi,DEAL-004068,25-Nov-23,2023-12-28,2024-01-25,paid,133700.0,19,25403.0,159103.0,,,Contrat cadre 2025. Facture trimestrielle T2.,2024/01/24,0.0,,19.0,2023-11-28,58,False,
INV-000235,JBM-2023-0235,STE Jlassi Consulting,DEAL-006848,2023-06-11,2023-07-20,2023-08-09,paid,20000.0,0.19,3800.0,23800.0,,,Invoice for cybersecurity audit - Phase 1 completed.,10/08/2023,0.0,,0.19,2023-06-20,50,False,
INV-001509,JBM-2023-0236,STE Mejri Informatique,DEAL-004170,31-Mar-25,2025-05-16,2025-05-24,paid,120900.0,0.19,22971.0,143871.0,EUR,,,26-Nov-25,0.0,,0.19,2025-04-16,38,False,
INV-000237,JBM-2023-0237,Groupe Khalfallah Digital,,19-Feb-23,2023-04-20,,pending,119700.0,0.19,22743.0,142443.0,TND,virement,Facture solde - Developpement plateforme BI. Livraison finale acceptee.,2023-02-19,0.0,,0.19,2023-03-21,,True,1107
INV-000238,JBM-2023-0238,STE Jlassi Consulting,,February 12 2023,2023-04-01,2023-04-07,paid,92500.0,0.19,17575.0,110075.0,EUR,,Invoice for Q2 maintenance contract. PO number: TT-2024-8821.,14/03/2023,0.0,,0.19,2023-03-02,36,False,
INV-000239,JBM-2023-0239,Magasin Mabrouk Electronique,DEAL-003047,2023/06/15,2023-08-03,2023-06-13,paid,27000.0,19,5130.0,32130.0,EUR,,,2023/10/13,0.0,,19.0,2023-07-04,-21,False,
INV-000240,JBM-2023-0240,Bijouterie Sfaxienne,DEAL-004110,June 21 2023,2023-08-16,,cancelled,143200.0,0.19,27208.0,170408.0,TND,,Regularisation facture N-1. Avoir emis en contrepartie.,21/06/2023,0.0,,0.19,2023-07-17,,False,
INV-000241,JBM-2023-0241,STE Zouari Consulting,DEAL-003002,October 23 2023,2023-03-12,,paid,96200.0,19,18278.0,114478.0,TND,,Retenue de garantie 10% - Liberation apres recette definitive.,October 26 2023,0.0,,19.0,2023-02-10,,False,
INV-000242,JBM-2023-0242,STE Hamdi Consulting,DEAL-007843,January 25 2023,2023-03-17,,pending,51000.0,19,9690.0,60690.0,DT,,Acompte 50% - Contrat annuel support applicatif.,24-Jun-23,0.0,,19.0,2023-02-15,,True,1141
INV-000243,JBM-2023-0243,Entreprise Haddad,DEAL-005469,24/03/2023,2023-05-04,2023-05-20,paid,73800.0,0.19,14022.0,87822.0,TND,,Acompte 50% - Contrat annuel support applicatif.,November 19 2023,0.0,,0.19,2023-04-04,46,False,
INV-000244,JBM-2023-0244,Cabinet Agrebi Conseil,DEAL-004039,17/05/2023,2023-07-01,2023-12-07,paid,136300.0,19,25897.0,162197.0,DT,cheque,Invoice for Q2 maintenance contract. PO number: TT-2024-8821.,12-Jul-23,73177.97,0,19.0,2023-06-01,189,False,
INV-000245,JBM-2023-0245,Tunisair,DEAL-003354,June 29 2023,2023-08-05,2023-08-08,paid,103500.0,19,19665.0,123165.0,TND,,Facture solde - Developpement plateforme BI. Livraison finale acceptee.,29-Jul-23,0.0,,19.0,2023-07-06,33,False,
INV-000246,JBM-2023-0246,STE Ben Salah & Fils,,07-Jun-23,2023-05-08,2023-05-08,paid,94200.0,,17898.0,112098.0,tnd,,Frais de deplacement inclus. Voir detail en annexe.,03/01/2024,0.0,,,2023-04-08,30,False,
INV-000247,JBM-2023-0247,BNA Bank,DEAL-006270,2023/12/25,2024-02-18,2024-01-31,paid,9200.0,19,1748.0,10948.0,EUR,especes,Facture 1/3 - Projet migration cloud STEG. Tranche initiale 30%.,January 31 2024,10948.0,0,19.0,2024-01-19,12,False,
INV-000248,JBM-2023-0248,STE Laabidi Consulting SA,DEAL-004138,24-Apr-23,2023-05-29,,pending,103300.0,20,19627.0,122927.0,TND,,Facture solde - Developpement plateforme BI. Livraison finale acceptee.,August 22 2023,0.0,,20.0,2023-04-29,,True,1068
INV-000249,JBM-2023-0249,STE Agrebi Solutions,DEAL-007449,2023-06-28,2023-08-03,,pending,4400.0,19,836.0,5236.0,TND,,,25-Nov-23,0.0,,19.0,2023-07-04,,True,1002
INV-000250,JBM-2023-0250,BNA Bank,DEAL-004637,2023/03/02,2023-04-18,2023-04-04,paid,14000.0,19,2660.0,16660.0,TND,,Acompte 50% - Contrat annuel support applicatif.,May 31 2023,0.0,,19.0,2023-03-19,16,False,
INV-000251,JBM-2023-0251,Entreprise Hamouda,,May 13 2023,2023-06-19,2023-06-28,paid,53500.0,19,10165.0,63665.0,TND,,,February 07 2024,0.0,,19.0,2023-05-20,39,False,
INV-000252,JBM-2023-0252,Magasin Mabrouk Electronique,DEAL-003593,23/06/2023,2023-06-11,2023-06-14,paid,132900.0,19 %,25251.0,158151.0,,,Acompte 50% - Contrat annuel support applicatif.,22-Aug-23,0.0,,19.0,2023-05-12,33,False,
INV-000253,JBM-2023-0253,Cafe Carthage,,24-Oct-23,2023-06-12,2024-01-09,paid,61600.0,19,11704.0,73304.0,tnd,bank transfer,Invoice for Q2 maintenance contract. PO number: TT-2024-8821.,January 22 2024,0.0,,19.0,2023-05-13,241,False,
INV-000254,JBM-2023-0254,STE Ben Salah & Fils,,2023/10/29,2023-12-19,2023-12-28,paid,8300.0,19,1577.0,9877.0,DT,,Regularisation facture N-1. Avoir emis en contrepartie.,26/05/2024,0.0,,19.0,2023-11-19,39,False,
INV-000255,JBM-2023-0255,GlobalNet,DEAL-001149,2023-12-28,2024-02-22,,pending,58600.0,0.19,11134.0,69734.0,tnd,bank transfer,,2024-05-26,0.0,,0.19,2024-01-23,,True,799
INV-000256,JBM-2023-0256,cyberpark elghazala,DEAL-002586,10/06/2023,2023-07-17,,paid,45500.0,19,8645.0,54145.0,DT,,,12-Jul-23,0.0,,19.0,2023-06-17,,False,
INV-000257,JBM-2023-0257,Auto-Ecole Nejib,,31/12/2023,2024-02-05,,pending,82900.0,19%,15751.0,98651.0,DT,,,30/03/2024,0.0,,19.0,2024-01-06,,True,816
INV-000423,JBM-2023-0258,S.Ferchiou Informatique,DEAL-003819,2024/03/26,2024-05-21,2024-03-16,paid,152700.0,19,29013.0,181713.0,TND,,Acompte 50% - Contrat annuel support applicatif.,March 26 2024,0.0,,19.0,2024-04-21,-36,False,
INV-000259,JBM-2023-0259,La Poste Tunisienne,DEAL-005833,October 22 2023,2023-11-28,2023-11-25,paid,43300.0,19,8227.0,51527.0,DT,,Facture mensuelle maintenance.,20-Mar-24,0.0,,19.0,2023-10-29,27,False,
INV-000260,JBM-2023-0260,STE Zo#uari Consulting,DEAL-002256,November 14 2023,2024-01-05,2023-12-30,paid,117400.0,19,22306.0,139706.0,EUR,,,February 12 2024,0.0,,19.0,2023-12-06,24,False,
INV-000261,JBM-2023-0261,Entreprise Hamouda,DEAL-007286,December 12 2023,2024-05-02,2024-09-02,paid,84200.0,19,15998.0,100198.0,TND,,,31-Jan-24,0.0,,19.0,2024-04-02,153,False,
INV-000262,JBM-2023-0262,Ecole Privee Ibn Khaldoun,DEAL-007241,18/03/2023,2023-04-25,2023-06-12,paid,129234.0,19,24554.46,153788.46,TND,,,14/09/2023,0.0,,19.0,2023-03-26,78,False,
INV-000633,JBM-2023-0263,Groupe Trabelsi Technologies,,September 18 2024,2024-10-22,,cancelled,19300.0,19,3667.0,22967.0,tnd,,Invoice for Q2 maintenance contract. PO number: TT-2024-8821.,18-Sep-24,0.0,,19.0,2024-09-22,,False,
INV-000264,JBM-2023-0264,RESTAURANT LE MEDITERRANEE,DEAL-004798,February 26 2023,2023-04-19,,pending,48700.0,19,9253.0,57953.0,EUR,,Acompte 50% - Contrat annuel support applicatif.,2023-11-23,0.0,,19.0,2023-03-20,,True,1108
INV-000265,JBM-2023-0265,STE Oueslati & Fils,DEAL-003075,06-Jan-23,2023-02-09,,cancelled,101700.0,19,19323.0,121023.0,TND,,Facture mensuelle maintenance.,2023-01-06,0.0,,19.0,2023-01-10,,False,
INV-000266,JBM-2023-0266,Groupe Bouzid Digital,,April 27 2023,2023-06-14,2023-06-15,paid,147400.0,19,28006.0,175406.0,DT,,Avoir suite annulation partielle du projet.,2023/08/25,0.0,,19.0,2023-05-15,31,False,
INV-000268,JBM-2023-0268,L.Poste Tunisienne,,2023/07/11,2023-09-06,2023-08-17,paid,90600.0,,17214.0,107814.0,tnd,check,,2023/11/08,0.0,,,2023-08-07,10,False,
INV-000270,JBM-2023-0270,STE Khalfallah & Fils,DEAL-002567,21-Apr-23,2023-05-21,2023-06-12,paid,12200.0,19,2318.0,14518.0,TND,,,2023/11/17,0.0,,19.0,2023-04-21,52,False,
INV-000271,JBM-2023-0271,La Poste Tunisienne,DEAL-004680,2023-02-11,2023-03-17,,cancelled,69800.0,0.19,13262.0,83062.0,tnd,,,February 14 2023,0.0,,0.19,2023-02-15,,False,
INV-000272,JBM-2023-0272,STE Chaabane Solutions,DEAL-002444,2023/05/14,2023-07-03,2023-07-07,paid,12900.0,19,2451.0,15351.0,tnd,,Retenue de garantie 10% - Liberation apres recette definitive.,10-Nov-23,0.0,,19.0,2023-06-03,34,False,
INV-000274,JBM-2023-0274,BIoAT,DEAL-007308,10/12/2023,2024-08-02,2024-01-12,paid,66000.0,19%,12540.0,78540.0,EUR,,Facture mensuelle maintenance.,2024-03-09,0.0,,19.0,2024-07-03,-173,False,
INV-000275,JBM-2023-0275,Auto-Ecole Nejib,DEAL-005461,2023/11/04,2023-12-14,,paid,42900.0,19%,8151.0,51051.0,tnd,,Facture solde - Developpement plateforme BI. Livraison finale acceptee.,November 04 2023,0.0,,19.0,2023-11-14,,False,
INV-000276,JBM-2023-0276,STE Ben Salah & Fils,,2023/10/30,2023-12-11,2023-12-16,cancelled,130300.0,15,24757.0,155057.0,TND,,Avoir suite annulation partielle du projet.,2023-11-29,0.0,,15.0,2023-11-11,,False,
INV-000277,JBM-2023-0277,la poste tunisienne,DEAL-006913,2023/05/14,2023-07-05,2023-06-20,paid,19800.0,19,3762.0,23562.0,DT,,Invoice for Q2 maintenance contract. PO number: TT-2024-8821.,20-Jun-23,23562.0,0,19.0,2023-06-05,15,False,
INV-000279,JBM-2023-0279,Tunisair,DEAL-003519,2023/09/10,2023-10-14,2023-10-21,paid,133000.0,0.19,25270.0,158270.0,tnd,,Contrat cadre 2025. Facture trimestrielle T2.,2024/01/08,0.0,,0.19,2023-09-14,37,False,
INV-000280,JBM-2023-0280,Cabinet Comptable Slim,DEAL-002815,,2024-06-02,2024-03-24,paid,28100.0,20,5339.0,33439.0,TND,,Contrat cadre 2025. Facture trimestrielle T2.,25/11/2024,0.0,,20.0,2024-05-03,-40,False,
INV-000281,JBM-2023-0281,Bureau d'Etudes Laabidi,DEAL-002825,April 07 2023,2023-05-24,,pending,75800.0,19,14402.0,90202.0,DT,,Facture solde - Developpement plateforme BI. Livraison finale acceptee.,01/04/2024,0.0,,19.0,2023-04-24,,True,1073
INV-000282,JBM-2023-0282,Clinique Dentaire Dr Mrad,DEAL-005286,2023-08-24,2023-10-13,,cancelled,96700.0,19,18373.0,115073.0,tnd,Virement bancaire,Invoice for Q2 maintenance contract. PO number: TT-2024-8821.,03-Sep-23,0.0,,19.0,2023-09-13,,False,
INV-000283,JBM-2023-0283,STE Khalfallah Consulting,,2023-12-08,2024-01-25,,pending,34500.0,19,6555.0,41055.0,DT,,Frais de deplacement inclus. Voir detail en annexe.,02-Nov-24,0.0,,19.0,2023-12-26,,True,827
INV-000284,JBM-2023-0284,CNAM,DEAL-004302,April 29 2023,2023-07-06,2023-06-11,paid,18300.0,0.19,3477.0,21777.0,TND,,Invoice for Q2 maintenance contract. PO number: TT-2024-8821.,26-Oct-23,0.0,,0.19,2023-06-06,5,False,
INV-000285,JBM-2023-0285,Groupe Haddad Technologies,DEAL-006797,2023/10/07,2023-11-08,2023-06-12,paid,17600.0,20,3344.0,20944.0,DT,,Contrat cadre 2025. Facture trimestrielle T2.,10/10/2023,0.0,,20.0,2023-10-09,-119,False,
INV-000286,JBM-2023-0286,Entreprise Chaabane,,10-Jan-23,2023-03-01,2023-09-03,paid,57300.0,19,10887.0,68187.0,TND,cheque,,2023-03-09,68187.0,0,19.0,2023-01-30,216,False,
INV-000508,JBM-2023-0287,ste hamdi consulting,DEAL-007806,2024/11/01,2024-12-12,,cancelled,109800.0,0.19,20862.0,130662.0,TND,,Regularisation facture N-1. Avoir emis en contrepartie.,2024-11-16,0.0,,0.19,2024-11-12,,False,
INV-000289,JBM-2023-0289,Librairie Al Manar,,December 16 2023,2024-02-02,2024-02-16,paid,78200.0,,14858.0,93058.0,DT,,Facture 1/3 - Projet migration cloud STEG. Tranche initiale 30%.,2024-05-14,0.0,,,2024-01-03,44,False,
INV-000290,JBM-2023-0290,Groupe Hamouda Digital,DEAL-002275,2023/12/31,2024-02-29,2024-02-15,paid,44400.0,19,8436.0,52836.0,DT,cheque,,31-Dec-23,0.0,,19.0,2024-01-30,16,False,
INV-000291,JBM-2023-0291,S.Photo Memories,,2023-09-16,2023-11-07,2023-11-16,paid,51500.0,19,9785.0,61285.0,EUR,Bank Transfer,Regularisation facture N-1. Avoir emis en contrepartie.,15/12/2023,0.0,,19.0,2023-10-08,39,False,
INV-000292,JBM-2023-0292,STE Chaabane Solutions,DEAL-000585,February 18 2023,2023-03-27,2023-01-31,paid,147441.0,19,28013.79,175454.79,,,Invoice for Q2 maintenance contract. PO number: TT-2024-8821.,20/02/2023,0.0,,19.0,2023-02-25,-25,False,
INV-000293,JBM-2023-0293,Ministere des Finances,DEAL-004000,2023-03-14,2023-04-29,2023-04-21,paid,135900.0,19,25821.0,161721.0,EUR,,,10-Oct-23,0.0,,19.0,2023-03-30,22,False,
INV-000295,JBM-2023-0295,Centre Medical Bouzid,DEAL-006845,09-Mar-23,2023-04-28,2023-05-28,paid,145800.0,19,27702.0,173502.0,TND,,Retenue de garantie 10% - Liberation apres recette definitive.,08/05/2023,0.0,,19.0,2023-03-29,60,False,
INV-000296,JBM-2023-0296,STE Ben Romdhane Consulting,DEAL-001518,16/07/2023,2023-10-09,2023-09-11,paid,113900.0,19,21641.0,135541.0,TND,,Avoir suite annulation partielle du projet.,2023-09-14,0.0,,19.0,2023-09-09,2,False,
INV-000298,JBM-2023-0298,BIAT,DEAL-002473,2023-04-12,2023-05-29,,cancelled,113700.0,19,21603.0,135303.0,TND,,,2023-04-12,0.0,,19.0,2023-04-29,,False,
INV-000299,JBM-2023-0299,STUDIO PHOTO MEMORIES,DEAL-004737,06/10/2023,2023-11-09,2023-12-11,paid,121800.0,0,23142.0,144942.0,DT,,Frais de deplacement inclus. Voir detail en annexe.,2024-05-03,0.0,,0.0,2023-10-10,62,False,
INV-000300,JBM-2023-0300,Tunisie Telecom,DEAL-000254,05/05/2023,2023-06-14,2023-06-08,paid,117100.0,19,22249.0,139349.0,tnd,,Facture mensuelle maintenance.,04-Jun-23,0.0,,19.0,2023-05-15,24,False,
INV-000301,JBM-2023-0301,Cabinet Agrebi Conseil,DEAL-000170,2023/06/03,2023-07-22,2023-07-22,paid,20800.0,,3952.0,24752.0,tnd,,Invoice for Q2 maintenance contract. PO number: TT-2024-8821.,31/10/2023,0.0,,,2023-06-22,30,False,
INV-000302,JBM-2023-0302,Cabinet Agrebi Conseil,DEAL-000725,October 06 2023,2023-11-18,,pending,140700.0,19,26733.0,167433.0,DT,,,2024-03-04,0.0,,19.0,2023-10-19,,True,895
INV-000303,JBM-2023-0303,Groupe Ferchiou Digital,DEAL-001007,2023-01-03,2023-02-09,2023-02-18,paid,114100.0,19,21679.0,135779.0,DT,,,2023-08-31,0.0,,19.0,2023-01-10,39,False,
INV-000305,JBM-2023-0305,Magasin Mabrouk Electronique,DEAL-005883,,2023-12-28,2024-02-15,paid,64300.0,19,12217.0,76517.0,EUR,Cheque,Facture 1/3 - Projet migration cloud STEG. Tranche initiale 30%.,21/01/2024,0.0,,19.0,2023-11-28,79,False,
INV-000306,JBM-2023-0306,Garage Mecanique Toumi,DEAL-001422,25-Mar-23,2023-04-30,,pending,102300.0,0.19,19437.0,121737.0,tnd,,,March 25 2023,0.0,,0.19,2023-03-31,,True,1097
INV-000822,JBM-2023-0307,Entreprise Hamouda,,January 16 2024,2024-02-17,2024-07-03,paid,215900.0,19,41021.0,256921.0,TND,,Avoir suite annulation partielle du projet.,February 15 2024,0.0,,19.0,2024-01-18,167,False,
INV-000308,JBM-2023-0308,Groupe Haddad Technologies,DEAL-003159,31-Dec-23,2024-01-30,2024-02-27,paid,39000.0,,7410.0,46410.0,TND,,Regularisation facture N-1. Avoir emis en contrepartie.,2024/04/29,0.0,,,2023-12-31,58,False,
INV-000309,JBM-2023-0309,STE Laabidi Consulting,DEAL-006801,2023-12-15,2024-02-03,2024-09-02,paid,92100.0,0,17499.0,109599.0,TND,bank transfer,Invoice for Q2 maintenance contract. PO number: TT-2024-8821.,May 13 2024,0.0,,0.0,2024-01-04,242,False,
INV-000310,JBM-2023-0310,Groupe Khalfallah Digital,DEAL-003543,19-May-23,2023-07-01,2023-07-07,paid,73542.0,19,13972.98,87514.98,EUR,,Avoir suite annulation partielle du projet.,20/05/2023,0.0,,19.0,2023-06-01,36,False,
INV-000311,JBM-2023-0311,Bureau d'Etudes Oueslati,DEAL-003174,03-Oct-23,2023-11-14,2023-11-28,paid,105200.0,,19988.0,125188.0,DT,,Contrat cadre 2025. Facture trimestrielle T2.,28-Aug-24,0.0,,,2023-10-15,44,False,
INV-000313,JBM-2023-0313,Cabinet Comptable Slim,DEAL-001744,June 27 2023,2023-08-09,2023-10-09,paid,144400.0,19,27436.0,171836.0,tnd,,Invoice for Q2 maintenance contract. PO number: TT-2024-8821.,26-Aug-23,0.0,,19.0,2023-07-10,91,False,
INV-000314,JBM-2023-0314,Tunisie Telecom,DEAL-006276,26-Feb-23,2023-04-05,2023-04-04,paid,4600.0,19,874.0,5474.0,TND,,,2024/01/22,0.0,,19.0,2023-03-06,29,False,
INV-000315,JBM-2023-0315,Cabinet Turki Conseil,DEAL-001187,June 21 2023,2023-07-23,,pending,89300.0,19,16967.0,106267.0,TND,,Frais de deplacement inclus. Voir detail en annexe.,2024/04/16,0.0,,19.0,2023-06-23,,True,1013
INV-000316,JBM-2023-0316,Bureau d'Etudes Ben Salah,DEAL-000381,2023-11-25,2024-01-01,2024-10-01,paid,27100.0,19,5149.0,32249.0,TND,,Invoice for Q2 maintenance contract. PO number: TT-2024-8821.,2024-01-10,15977.05,0,19.0,2023-12-02,304,False,
INV-000317,JBM-2023-0317,STE Ben Salah & Fils SA,DEAL-002929,2023-12-02,2024-01-16,2024-01-18,paid,55300.0,19,10507.0,65807.0,TND,,Facture solde - Developpement plateforme BI. Livraison finale acceptee.,2024/03/01,0.0,,19.0,2023-12-17,32,False,
INV-000318,JBM-2023-0318,Ecole Privee Ibn Khaldoun,DEAL-002425,May 24 2023,2023-07-05,2023-11-05,paid,62500.0,19,11875.0,74375.0,TND,,,September 21 2023,0.0,,19.0,2023-06-05,153,False,
INV-000320,JBM-2023-0320,Cabinet-Agrebi-Conseil,DEAL-005368,2023-06-30,2023-08-12,,cancelled,136612.0,,25956.28,162568.28,DT,,Avoir suite annulation partielle du projet.,2023-07-15,0.0,,,2023-07-13,,False,
INV-000322,JBM-2023-0322,Cabinet Turki Conseil,,February 15 2023,2023-03-28,2023-06-04,paid,142000.0,19%,26980.0,168980.0,tnd,,,15-Feb-23,0.0,,19.0,2023-02-26,98,False,
INV-000323,JBM-2023-0323,CyberPark Elghazala,DEAL-005053,17/03/2023,2023-05-09,2023-04-21,paid,136600.0,19,25954.0,162554.0,tnd,,Regularisation facture N-1. Avoir emis en contrepartie.,2023/04/16,0.0,,19.0,2023-04-09,12,False,
INV-000324,JBM-2023-0324,Poulina Group,DEAL-006535,25/11/2023,2024-01-12,2024-01-04,paid,148600.0,19,28234.0,176834.0,tnd,,Facture mensuelle maintenance.,2024-02-23,0.0,,19.0,2023-12-13,22,False,
INV-000325,JBM-2023-0325,E.Belhadj,,02-Mar-23,2023-04-07,2023-04-28,paid,53200.0,19,10108.0,63308.0,tnd,,,30-Jul-23,0.0,,19.0,2023-03-08,51,False,
INV-000326,JBM-2023-0326,Groupe Agrebi Technologies,DEAL-000427,November 02 2023,2023-10-28,2023-12-26,paid,50000.0,19,9500.0,59500.0,tnd,,Acompte 50% - Contrat annuel support applicatif.,2024-01-31,0.0,,19.0,2023-09-28,89,False,
INV-000327,JBM-2023-0327,Librairie Al Manar,,2023/06/24,2023-08-08,,cancelled,149900.0,19 %,28481.0,178381.0,tnd,cheque,,25-Jun-23,0.0,,19.0,2023-07-09,,False,
INV-000328,JBM-2023-0328,Groupe Trabelsi Technologies,,22-Oct-23,2023-11-25,2023-12-16,paid,10500.0,19,1995.0,12495.0,EUR,,Contrat cadre 2025. Facture trimestrielle T2.,2024/03/20,0.0,,19.0,2023-10-26,51,False,
INV-000329,JBM-2023-0329,Pharmacie Al Amal,DEAL-004231,26/02/2023,2023-04-05,2023-05-19,paid,11000.0,19,2090.0,13090.0,DT,,Acompte 50% - Contrat annuel support applicatif.,2023-08-25,0.0,,19.0,2023-03-06,74,False,
INV-000330,JBM-2023-0330,BIAT,DEAL-003548,27/11/2023,2024-01-17,2024-01-01,paid,95300.0,19 %,18107.0,113407.0,TND,,Invoice for Q2 maintenance contract. PO number: TT-2024-8821.,2024/06/24,0.0,,19.0,2023-12-18,14,False,
INV-000331,JBM-2023-0331,Ministere des Finances,,18/11/2023,2023-12-23,2023-12-22,paid,32800.0,19,6232.0,39032.0,TND,,Facture mensuelle maintenance.,18-Dec-23,0.0,,19.0,2023-11-23,29,False,
INV-000332,JBM-2023-0332,STE Zouari Consulting,DEAL-005706,27/01/2023,2023-03-24,2023-03-18,paid,106700.0,19,20273.0,126973.0,TND,,Acompte 50% - Contrat annuel support applicatif.,28-Mar-23,0.0,,19.0,2023-02-22,24,False,
INV-000333,JBM-2023-0333,Groupe Hamdi Digital,DEAL-007627,15-May-23,2023-06-16,2023-07-01,paid,90300.0,20,17157.0,107457.0,DT,cash,Facture mensuelle maintenance.,01-Jul-23,68207.03,0,20.0,2023-05-17,45,False,
INV-000334,JBM-2023-0334,Magasin Mabrouk Electronique,,28-Dec-23,2024-02-18,2024-03-03,paid,26200.0,19,4978.0,31178.0,TND,,Regularisation facture N-1. Avoir emis en contrepartie.,April 26 2024,0.0,,19.0,2024-01-19,44,False,
INV-000335,JBM-2023-0335,Groupe Zouari Digital,,2023/11/12,2024-01-06,,cancelled,54100.0,19,10279.0,64379.0,DT,,Facture 1/3 - Projet migration cloud STEG. Tranche initiale 30%.,2023-11-22,0.0,,19.0,2023-12-07,,False,
INV-000336,JBM-2023-0336,STE Khalfallah & Fils,DEAL-000101,25-May-23,2023-07-17,2023-07-19,paid,57300.0,19,10887.0,68187.0,TND,,Facture solde - Developpement plateforme BI. Livraison finale acceptee.,21-Nov-23,0.0,,19.0,2023-06-17,32,False,
INV-000338,JBM-2023-0338,Bureau d'Etudes Gharbi,DEAL-004774,19/03/2023,2023-05-07,2023-05-11,paid,,19 %,,,TND,,Retenue de garantie 10% - Liberation apres recette definitive.,14/11/2023,0.0,,19.0,2023-04-07,34,False,
INV-000339,JBM-2023-0339,CNAM,,2023-05-26,2023-09-07,2023-06-27,paid,3700.0,,703.0,4403.0,TND,,,26/05/2023,0.0,,,2023-08-08,-42,False,
INV-000340,JBM-2023-0340,Bureau d'Etudes Laabidi,DEAL-003606,2023-03-02,2023-09-04,,pending,17100.0,0.19,3249.0,20349.0,EUR,,,28-Oct-23,0.0,,0.19,2023-08-05,,True,970
INV-000341,JBM-2023-0341,Restaurant Le Mediterranee,DEAL-001870,2023-06-06,2023-07-14,,overdue,90700.0,19 %,17233.0,107933.0,TND,,Avoir suite annulation partielle du projet.,2024/02/01,0.0,,19.0,2023-06-14,,True,1022
INV-000342,JBM-2023-0342,STE Mejri Informatique,,2023/12/13,2024-02-02,2024-02-07,paid,79200.0,19 %,15048.0,94248.0,EUR,,Avoir suite annulation partielle du projet.,12/01/2024,0.0,,19.0,2024-01-03,35,False,
INV-000343,JBM-2023-0343,Centre de Formation Avenir,DEAL-003075,08/09/2023,2023-10-19,2023-11-10,paid,75400.0,19,14326.0,89726.0,tnd,,Contrat cadre 2025. Facture trimestrielle T2.,14/10/2023,0.0,,19.0,2023-09-19,52,False,
INV-000344,JBM-2023-0344,Ecole Privee Ibn Khaldoun,DEAL-007257,2023-09-10,2023-11-09,,pending,55200.0,19,10488.0,65688.0,EUR,Virement bancaire,Regularisation facture N-1. Avoir emis en contrepartie.,June 06 2024,0.0,,19.0,2023-10-10,,True,904
INV-000345,JBM-2023-0345,Orange Tunisie,,11-Mar-23,2023-04-29,2023-04-19,paid,24400.0,19,4636.0,29036.0,DT,,Facture solde - Developpement plateforme BI. Livraison finale acceptee.,11-Mar-23,0.0,,19.0,2023-03-30,20,False,
INV-000346,JBM-2023-0346,Garage Mecanique Toumi,,October 14 2023,2023-11-24,2024-06-01,paid,44300.0,20,8417.0,52717.0,TND,,Invoice for Q2 maintenance contract. PO number: TT-2024-8821.,10-Jun-24,0.0,,20.0,2023-10-25,220,False,
INV-000386,JBM-2023-0347,STE Zouari Consulting,,2023-11-06,2023-07-12,2023-12-23,paid,79100.0,19,15029.0,94129.0,TND,,,November 06 2023,0.0,,19.0,2023-06-12,194,False,
INV-000348,JBM-2023-0348,STE Laabidi Consulting,DEAL-000402,19/01/2023,2023-02-23,2023-03-18,paid,48600.0,19,9234.0,57834.0,DT,,Facture solde - Developpement plateforme BI. Livraison finale acceptee.,2023/03/20,0.0,,19.0,2023-01-24,53,False,
INV-000349,JBM-2023-0349,STE Agrebi Solutions,,December 29 2023,2024-02-22,,pending,18300.0,19,3477.0,21777.0,EUR,cheque,Regularisation facture N-1. Avoir emis en contrepartie.,2024-09-24,0.0,,19.0,2024-01-23,,True,799
INV-001248,JBM-2023-0350,B.d'Etudes Oueslati,,2025/04/29,2025-05-30,2025-06-20,paid,166400.0,19,31616.0,198016.0,,,,25/12/2025,0.0,,19.0,2025-04-30,51,False,
INV-000351,JBM-2023-0351,Groupe Mansour Digital SUARL,DEAL-002128,29/06/2023,2023-08-03,2023-08-23,paid,46400.0,19,8816.0,55216.0,,,Facture 1/3 - Projet migration cloud STEG. Tranche initiale 30%.,2023-06-29,0.0,,19.0,2023-07-04,50,False,
INV-000352,JBM-2023-0352,STE Zouari Consulting,DEAL-004099,May 02 2023,2023-06-28,2023-06-22,paid,94400.0,0,17936.0,112336.0,TND,Especes,Regularisation facture N-1. Avoir emis en contrepartie.,June 23 2023,0.0,,0.0,2023-05-29,24,False,
INV-000353,JBM-2023-0353,Bureau d'Etudes Gharbi,DEAL-004716,2023/12/10,2024-01-29,2024-01-26,paid,28600.0,0.19,5434.0,34034.0,TND,,Frais de deplacement inclus. Voir detail en annexe.,April 08 2024,0.0,,0.19,2023-12-30,27,False,
INV-000354,JBM-2023-0354,Banque de Tunisie,DEAL-001647,13/10/2023,2023-11-12,2023-11-14,paid,49300.0,19,9367.0,58667.0,tnd,,Regularisation facture N-1. Avoir emis en contrepartie.,2024/06/09,0.0,,19.0,2023-10-13,32,False,
INV-000355,JBM-2023-0355,Cabinet Comptable Sloim,DEAL-006741,07/07/2023,2023-08-15,2023-10-02,paid,118700.0,0.19,22553.0,141253.0,tnd,,Facture solde - Developpement plateforme BI. Livraison finale acceptee.,03-Jan-24,0.0,,0.19,2023-07-16,78,False,
INV-000356,JBM-2023-0356,Bureau d'Etudes Oueslati SA,DEAL-007649,2023-10-21,2023-12-17,2023-12-18,paid,121000.0,19 %,22990.0,143990.0,tnd,,Facture 1/3 - Projet migration cloud STEG. Tranche initiale 30%.,18/02/2024,0.0,,19.0,2023-11-17,31,False,
INV-000357,JBM-2023-0357,Centre de Formation Avenir,DEAL-006647,2023-10-14,2023-11-18,2024-01-11,paid,44100.0,19,8379.0,52479.0,DT,,Facture mensuelle maintenance.,April 11 2024,0.0,,19.0,2023-10-19,84,False,
INV-000358,JBM-2023-0358,STE Jlassi Consulting,,2023/07/27,2023-08-28,2023-09-14,paid,89700.0,0.19,17043.0,106743.0,tnd,,Avoir suite annulation partielle du projet.,April 22 2024,0.0,,0.19,2023-07-29,47,False,
INV-000359,JBM-2023-0359,C.Elghazala,DEAL-007194,2023/11/21,2023-12-28,2024-03-01,cancelled,103200.0,19,19608.0,122808.0,DT,,Invoice for cybersecurity audit - Phase 1 completed.,23/11/2023,0.0,,19.0,2023-11-28,,False,
INV-000360,JBM-2023-0360,Entreprise Belhadj,DEAL-005075,2023-12-31,2024-02-26,,pending,53100.0,19%,10089.0,63189.0,TND,check,,2024-01-02,0.0,,19.0,2024-01-27,,True,795
INV-000361,JBM-2023-0361,FLEURISTE AU JASMIN,DEAL-000921,December 17 2023,2024-01-16,2024-03-15,paid,53000.0,19%,10070.0,63070.0,TND,,Avoir suite annulation partielle du projet.,11/12/2024,0.0,,19.0,2023-12-17,89,False,
INV-000362,JBM-2023-0362,Cabinet Rekik & Associes,,December 08 2023,2024-01-28,2024-01-28,paid,114700.0,15,21793.0,136493.0,DT,Cheque,Avoir suite annulation partielle du projet.,2024/07/05,0.0,,15.0,2023-12-29,30,False,
INV-000363,JBM-2023-0363,STE Belhadj Consulting,,07-Jun-23,2023-07-26,2023-07-28,paid,46700.0,,8873.0,55573.0,TND,Especes,Acompte 50% - Contrat annuel support applicatif.,2023-08-06,0.0,,,2023-06-26,32,False,
INV-000364,JBM-2023-0364,Entoreprise Hamouda,DEAL-000791,2023-03-18,2023-05-07,2023-04-05,paid,93000.0,19,17670.0,110670.0,tnd,,Avoir suite annulation partielle du projet.,2023-03-18,0.0,,19.0,2023-04-07,-2,False,
INV-000365,JBM-2023-0365,Attijari Bank,DEAL-003334,February 21 2023,2023-04-20,,cancelled,31900.0,19,6061.0,37961.0,tnd,,Contrat cadre 2025. Facture trimestrielle T2.,2023-02-24,0.0,,19.0,2023-03-21,,False,
INV-000366,JBM-2023-0366,groupe bouzid digital,DEAL-003750,July 21 2023,2023-09-01,2023-09-04,paid,97900.0,19,18601.0,116501.0,TND,,Regularisation facture N-1. Avoir emis en contrepartie.,2023-12-18,0.0,,19.0,2023-08-02,33,False,
INV-000367,JBM-2023-0367,Boulangerie Chez Faouzi,,12/12/2023,2024-01-28,2024-02-20,paid,94724.0,19 %,17997.56,112721.56,tnd,,,June 09 2024,0.0,,19.0,2023-12-29,53,False,
INV-000368,JBM-2023-0368,Topnet,DEAL-003355,18-Jan-23,2023-03-10,2023-02-18,paid,9700.0,0.19,1843.0,11543.0,TND,,,17/07/2023,0.0,,0.19,2023-02-08,10,False,
INV-000369,JBM-2023-0369,groupe zouari digital,DEAL-001155,2023/02/23,2023-04-20,2023-04-14,paid,105500.0,19,20045.0,125545.0,tnd,,Acompte 50% - Contrat annuel support applicatif.,2023-03-25,0.0,,19.0,2023-03-21,24,False,
INV-000370,JBM-2023-0370,STE Ben Salah Consulting,,17-Jan-23,2023-03-14,,pending,144400.0,19,27436.0,171836.0,TND,,Contrat cadre 2025. Facture trimestrielle T2.,2023/07/16,0.0,,19.0,2023-02-12,,True,1144
INV-000371,JBM-2023-0371,Ministere des Finances,,December 20 2023,2024-02-16,2024-01-20,paid,74100.0,20,14079.0,88179.0,DT,,Acompte 50% - Contrat annuel support applicatif.,2024/07/17,0.0,,20.0,2024-01-17,3,False,
INV-000372,JBM-2023-0372,garage mecanique toumi,,February 15 2023,2023-03-19,2023-08-05,paid,51800.0,19,9842.0,61642.0,TND,,Regularisation facture N-1. Avoir emis en contrepartie.,November 12 2023,0.0,,19.0,2023-02-17,169,False,
INV-000373,JBM-2023-0373,Topnet,DEAL-006182,2023-01-07,2023-02-08,2023-02-08,paid,44600.0,19,8474.0,53074.0,TND,,Regularisation facture N-1. Avoir emis en contrepartie.,06/06/2023,0.0,,19.0,2023-01-09,30,False,
INV-000374,JBM-2023-0374,Entreprise Sghaier,,13/05/2023,2023-07-12,2023-06-30,paid,69300.0,0.19,13167.0,82467.0,tnd,Virement bancaire,Avoir suite annulation partielle du projet.,16-May-23,0.0,,0.19,2023-06-12,18,False,
INV-000376,JBM-2023-0376,Garage Mecanique Toumi,,November 17 2023,2023-12-30,,paid,64800.0,19,12312.0,77112.0,tnd,,Acompte 50% - Contrat annuel support applicatif.,14-Jun-24,0.0,,19.0,2023-11-30,,False,
INV-000377,JBM-2023-0377,Librairie Al Manar,DEAL-002204,2023/12/08,2024-01-09,2024-02-27,paid,35700.0,,6783.0,42483.0,TND,,Avoir suite annulation partielle du projet.,03/09/2024,0.0,,,2023-12-10,79,False,
INV-000378,JBM-2023-0378,Entreprise Sghaier,,May 27 2023,2023-07-18,2023-07-17,paid,53700.0,19,10203.0,63903.0,,,Facture solde - Developpement plateforme BI. Livraison finale acceptee.,29-May-23,0.0,,19.0,2023-06-18,29,False,
INV-000379,JBM-2023-0379,STE Ben Romdhane Consulting,,2023/08/20,2023-12-10,2023-10-13,paid,119400.0,19,22686.0,142086.0,tnd,Cash,Facture solde - Developpement plateforme BI. Livraison finale acceptee.,2024-02-16,0.0,,19.0,2023-11-10,-28,False,
INV-000380,JBM-2023-0380,STE Jlassi Consulting,,17-May-23,2023-07-16,,cancelled,126100.0,0.19,23959.0,150059.0,tnd,Virement bancaire,Invoice for cybersecurity audit - Phase 1 completed.,2023/05/20,0.0,,0.19,2023-06-16,,False,
INV-000381,JBM-2023-0381,Groupe Mansour Digital,,02-Oct-23,2023-11-22,2023-11-21,paid,121900.0,0.19,23161.0,145061.0,tnd,,Acompte 50% - Contrat annuel support applicatif.,August 27 2024,0.0,,0.19,2023-10-23,29,False,
INV-000382,JBM-2023-0382,GROUPE ZOUARI DIGITAL,DEAL-000403,2023/08/27,2023-12-10,2023-10-20,paid,98500.0,19,18715.0,117215.0,EUR,Bank Transfer,Regularisation facture N-1. Avoir emis en contrepartie.,October 20 2023,117215.0,0,19.0,2023-11-10,-21,False,
INV-000383,JBM-2023-0383,Orange Tunisie,DEAL-000476,2023/03/08,2023-04-18,2023-04-22,paid,66000.0,19,12540.0,78540.0,DT,,Frais de deplacement inclus. Voir detail en annexe.,2023/04/07,0.0,,19.0,2023-03-19,34,False,
INV-000384,JBM-2023-0384,Pharmacie Al Amal,,2023/10/13,2023-11-26,,pending,59400.0,0.19,11286.0,70686.0,DT,cash,Regularisation facture N-1. Avoir emis en contrepartie.,2024-04-10,0.0,,0.19,2023-10-27,,True,887
INV-002408,JBM-2023-0385,Groupe Ferchiou Digital,,17/03/2026,2026-09-05,2026-05-16,paid,462400.0,0.19,87856.0,550256.0,TND,,Invoice for cybersecurity audit - Phase 1 completed.,2026-05-04,0.0,,0.19,2026-08-06,-82,False,
INV-000387,JBM-2023-0387,Entreprise Hamouda,DEAL-001258,2023-11-29,2024-01-28,2024-01-16,paid,32800.0,19,6232.0,39032.0,,,Contrat cadre 2025. Facture trimestrielle T2.,02/12/2023,0.0,,19.0,2023-12-29,18,False,
INV-000388,JBM-2023-0388,Groupe Bouzid Digital,DEAL-003420,01/05/2023,2023-06-10,2023-06-18,paid,145300.0,19,27607.0,172907.0,TND,Especes,,2023-11-27,0.0,,19.0,2023-05-11,38,False,
INV-000389,JBM-2023-0389,Cafe Carthage,DEAL-003537,02/05/2023,2023-06-02,2023-07-16,paid,92700.0,0.19,17613.0,110313.0,TND,,Facture 1/3 - Projet migration cloud STEG. Tranche initiale 30%.,July 31 2023,0.0,,0.19,2023-05-03,74,False,
INV-000390,JBM-2023-0390,Centre Medical Bouzid,DEAL-000743,02/05/2023,2023-06-20,2023-07-24,paid,79000.0,19,15010.0,94010.0,TND,,Acompte 50% - Contrat annuel support applicatif.,2024-02-26,0.0,,19.0,2023-05-21,64,False,
INV-000391,JBM-2023-0391,Auto-Ecole Nejib,DEAL-005287,11/11/2023,2023-10-27,,paid,25300.0,19,4807.0,30107.0,TND,,,08-Jun-24,0.0,,19.0,2023-09-27,,False,
INV-000392,JBM-2023-0392,Entreprise Belhadj,DEAL-003054,04-Dec-23,2024-01-06,2024-01-28,paid,113700.0,19,21603.0,135303.0,EUR,,Regularisation facture N-1. Avoir emis en contrepartie.,02-Apr-24,0.0,,19.0,2023-12-07,52,False,
INV-000394,JBM-2023-0394,STE Ben Romdhane Consulting,DEAL-000611,2023/05/03,2023-06-03,2023-06-22,paid,42500.0,,8075.0,50575.0,TND,,Contrat cadre 2025. Facture trimestrielle T2.,29/11/2023,0.0,,,2023-05-04,49,False,
INV-000395,JBM-2023-0395,Topnet,,March 03 2023,2023-04-06,2023-04-17,paid,47700.0,0,9063.0,56763.0,DT,,,2023/12/28,0.0,,0.0,2023-03-07,41,False,
INV-000396,JBM-2023-0396,Groupe Haddad Technologies,DEAL-006226,2023/03/03,2023-04-15,2023-05-02,paid,39300.0,19,7467.0,46767.0,tnd,,,May 02 2023,46767.0,0,19.0,2023-03-16,47,False,
INV-000398,JBM-2023-0398,Entreprise Belhadj,DEAL-007497,2023-04-28,2023-06-13,2023-06-24,paid,36100.0,19,6859.0,42959.0,EUR,Cheque,Regularisation facture N-1. Avoir emis en contrepartie.,26/08/2023,0.0,,19.0,2023-05-14,41,False,
INV-000399,JBM-2023-0399,Ecole Privee Ibn Khaldoun,,31/12/2023,2024-02-06,2024-03-15,paid,12800.0,19%,2432.0,15232.0,DT,,,2024-09-26,0.0,,19.0,2024-01-07,68,False,
INV-000400,JBM-2023-0400,Studio Photo Memories,,20/11/2023,2024-01-15,2024-01-29,paid,144500.0,19,27455.0,171955.0,tnd,,Regularisation facture N-1. Avoir emis en contrepartie.,20/12/2023,0.0,,19.0,2023-12-16,44,False,
INV-000401,JBM-2024-0001,STE Ben Salah Consulting,DEAL-004925,2024/03/22,2024-04-22,2024-05-13,paid,150500.0,,28595.0,179095.0,TND,,Facture solde - Developpement plateforme BI. Livraison finale acceptee.,18-Sep-24,0.0,,,2024-03-23,51,False,
INV-000402,JBM-2024-0002,Bureau d'Etudes Laabidi,DEAL-003101,24-Apr-24,2024-02-06,2024-06-19,paid,64200.0,19,12198.0,76398.0,EUR,cheque,Contrat cadre 2025. Facture trimestrielle T2.,19/06/2024,76398.0,0,19.0,2024-01-07,164,False,
INV-000403,JBM-2024-0003,Groupe Bouzid Digital,DEAL-005332,2024/08/31,2024-10-21,,paid,181500.0,,34485.0,215985.0,TND,,Facture mensuelle maintenance.,2024/10/16,0.0,,,2024-09-21,,False,
INV-000404,JBM-2024-0004,STE Oueslati & Fils,DEAL-004752,29/03/2024,2024-05-25,,pending,221500.0,0,42085.0,263585.0,,Virement bancaire,Frais de deplacement inclus. Voir detail en annexe.,23/04/2025,0.0,,0.0,2024-04-25,,True,706
INV-000405,JBM-2024-0005,STE Hamdi Consulting,DEAL-006442,August 21 2024,2024-04-10,2024-12-10,paid,218100.0,19,41439.0,259539.0,TND,,Invoice for Q2 maintenance contract. PO number: TT-2024-8821.,17-Jul-25,0.0,,19.0,2024-03-11,274,False,
INV-000406,JBM-2024-0006,STE Oueslati & Fils,,May 08 2024,2024-09-06,,paid,,19,,,TND,,Invoice for Q2 maintenance contract. PO number: TT-2024-8821.,07/07/2024,0.0,,19.0,2024-08-07,,False,
INV-000407,JBM-2024-0007,Topnet,DEAL-003546,December 04 2024,2025-01-10,,paid,192200.0,19,36518.0,228718.0,tnd,,Contrat cadre 2025. Facture trimestrielle T2.,May 03 2025,0.0,,19.0,2024-12-11,,False,
INV-000408,JBM-2024-0008,Groupe Trabelsi Technologies,DEAL-003409,25-Oct-24,2024-12-22,2024-10-12,paid,252400.0,19,47956.0,300356.0,TND,,Invoice for Q2 maintenance contract. PO number: TT-2024-8821.,22-Feb-25,0.0,,19.0,2024-11-22,-41,False,
INV-000409,JBM-2024-0009,Fleuriste Au Jasmin,DEAL-003214,07/07/2024,2024-11-08,,pending,282500.0,,53675.0,336175.0,TND,,Acompte 50% - Contrat annuel support applicatif.,04/11/2024,0.0,,,2024-10-09,,True,539
INV-000410,JBM-2024-0010,STE Zouari Consulting,DEAL-006734,02-Nov-24,2024-06-12,2024-12-26,paid,166000.0,19,31540.0,197540.0,EUR,check,Regularisation facture N-1. Avoir emis en contrepartie.,2024-12-26,197540.0,0,19.0,2024-05-13,227,False,
INV-000411,JBM-2024-0011,Tunisie Telecom,DEAL-004766,10/05/2024,2024-06-13,2024-04-29,paid,262100.0,0.19,49799.0,311899.0,TND,,Facture solde - Developpement plateforme BI. Livraison finale acceptee.,2024-06-08,0.0,,0.19,2024-05-14,-15,False,
INV-000412,JBM-2024-0012,Studio Photo Memories,DEAL-002453,2024-03-21,2024-10-05,2024-05-20,paid,256600.0,0.19,48754.0,305354.0,EUR,,Invoice for Q2 maintenance contract. PO number: TT-2024-8821.,21-Mar-24,0.0,,0.19,2024-09-05,-108,False,
INV-000413,JBM-2024-0013,groupe khalfallah digital,DEAL-002610,2024/10/30,2024-12-25,2024-12-28,paid,26100.0,19,4959.0,31059.0,TND,Bank Transfer,Frais de deplacement inclus. Voir detail en annexe.,January 28 2025,0.0,,19.0,2024-11-25,33,False,
INV-000414,JBM-2024-0014,STE Ben Salah & Fils,,20-Jul-24,2024-08-20,2024-09-16,paid,271600.0,19,51604.0,323204.0,TND,Cheque,Retenue de garantie 10% - Liberation apres recette definitive.,18/10/2024,0.0,,19.0,2024-07-21,57,False,
INV-000415,JBM-2024-0015,STE Ferchiou Informatique,DEAL-003659,2024/09/06,2024-10-18,2024-10-29,paid,13100.0,19,2489.0,15589.0,tnd,bank transfer,Acompte 50% - Contrat annuel support applicatif.,October 06 2024,0.0,,19.0,2024-09-18,41,False,
INV-000416,JBM-2024-0016,Groupe Hamouda Digital,DEAL-004058,07-Mar-24,2024-04-16,2024-04-30,paid,143600.0,19,27284.0,170884.0,DT,,Invoice for Q2 maintenance contract. PO number: TT-2024-8821.,December 02 2024,0.0,,19.0,2024-03-17,44,False,
INV-000418,JBM-2024-0018,STE Ferchiou Informatique,,04/06/2024,2024-07-18,,cancelled,88300.0,19%,16777.0,105077.0,TND,,Facture solde - Developpement plateforme BI. Livraison finale acceptee.,2024/12/01,0.0,,19.0,2024-06-18,,False,
INV-000419,JBM-2024-0019,UIB,,27-May-24,2024-02-07,2024-07-07,paid,196800.0,0.19,37392.0,234192.0,TND,,Invoice for Q2 maintenance contract. PO number: TT-2024-8821.,2025/02/21,0.0,,0.19,2024-01-08,181,False,
INV-000420,JBM-2024-0020,entreprise hamouda,,2024/06/14,2024-08-09,,pending,143400.0,0.19,27246.0,170646.0,TND,,Retenue de garantie 10% - Liberation apres recette definitive.,11/03/2025,0.0,,0.19,2024-07-10,,True,630
INV-000421,JBM-2024-0021,STE Chaabane Solutions,DEAL-004639,April 28 2024,2024-06-18,2024-06-21,paid,113200.0,19,21508.0,134708.0,TND,,Avoir suite annulation partielle du projet.,2024-05-28,0.0,,19.0,2024-05-19,33,False,
INV-000422,JBM-2024-0022,Garage Mecanique Toumi,DEAL-003216,13/05/2024,2024-06-25,,pending,254600.0,19,48374.0,302974.0,TND,,,10/10/2024,0.0,,19.0,2024-05-26,,True,675
INV-000424,JBM-2024-0024,Pharmacie Al Amal,,August 29 2024,2024-09-28,2024-11-27,paid,291500.0,19,55385.0,346885.0,,,Avoir suite annulation partielle du projet.,2025/07/25,0.0,,19.0,2024-08-29,90,False,
INV-000425,JBM-2024-0025,Studio-Photo-Memories,DEAL-005399,2024-05-03,2024-06-13,2024-07-24,paid,239000.0,19,45410.0,284410.0,TND,,,August 01 2024,0.0,,19.0,2024-05-14,71,False,
INV-000426,JBM-2024-0026,Bureau d'Etudes Laabidi,,31/05/2024,2024-07-29,2024-07-26,paid,136600.0,19,25954.0,162554.0,TND,,,31/05/2024,0.0,,19.0,2024-06-29,27,False,
INV-000427,JBM-2024-0027,C.Comptable Slim,DEAL-003387,07/01/2024,2024-08-02,2023-12-24,paid,316897.0,0.19,60210.43,377107.43,EUR,,Invoice for cybersecurity audit - Phase 1 completed.,2024/03/07,266300.0,0,0.19,2024-07-03,-192,False,
INV-000428,JBM-2024-0028,Groupe Haddad Technologies,DEAL-003026,28-Jan-24,2024-12-03,2024-03-13,paid,296900.0,19 %,56411.0,353311.0,tnd,,,2024-11-23,0.0,,19.0,2024-11-03,-235,False,
INV-000429,JBM-2024-0029,Fleuriste Au Jasmin,DEAL-004281,November 17 2024,2024-11-13,2025-02-15,paid,217400.0,19,41306.0,258706.0,DT,,Frais de deplacement inclus. Voir detail en annexe.,2024-12-17,0.0,,19.0,2024-10-14,124,False,
INV-000430,JBM-2024-0030,Ooredoo Tunisi@e,DEAL-006858,2024/07/28,2024-04-09,2024-05-09,paid,174800.0,19%,33212.0,208012.0,TND,,Facture 1/3 - Projet migration cloud STEG. Tranche initiale 30%.,27-Aug-24,0.0,,19.0,2024-03-10,60,False,
INV-000431,JBM-2024-0031,Poulina Group,DEAL-003192,07-Oct-24,2024-11-27,2024-11-09,paid,142500.0,19,27075.0,169575.0,TND,Cheque,Regularisation facture N-1. Avoir emis en contrepartie.,2025-06-04,0.0,,19.0,2024-10-28,12,False,
INV-000432,JBM-2024-0032,STE Chaabane Solutions,DEAL-000358,20-Dec-24,2025-02-18,2025-02-17,paid,280000.0,19,53200.0,333200.0,EUR,,Facture mensuelle maintenance.,2025-09-16,0.0,,19.0,2025-01-19,29,False,
INV-000433,JBM-2024-0033,Hexabyte,DEAL-001026,09-Dec-24,2025-02-02,2025-01-19,paid,184700.0,0,35093.0,219793.0,TND,,Avoir suite annulation partielle du projet.,2025/05/08,0.0,,0.0,2025-01-03,16,False,
INV-000434,JBM-2024-0034,Groupe Agrebi Technologies,DEAL-007952,August 26 2024,2024-11-10,,overdue,234100.0,19,44479.0,278579.0,,,,2025/07/22,0.0,,19.0,2024-10-11,,True,537
INV-001077,JBM-2024-0035,Groupe Khalfallah Digital,,06/10/2024,2024-11-13,2024-12-02,paid,75300.0,19,14307.0,89607.0,tnd,,Avoir suite annulation partielle du projet.,March 05 2025,0.0,,19.0,2024-10-14,49,False,
INV-000436,JBM-2024-0036,Bureau d'Etudes Bouzid,DEAL-001565,February 20 2024,2024-04-15,2024-04-07,paid,76100.0,19,14459.0,90559.0,DT,,,18-Aug-24,0.0,,19.0,2024-03-16,22,False,
INV-000437,JBM-2024-0037,Restaurant Le Mediterranee,DEAL-004606,2024-04-30,2024-06-24,,pending,123100.0,0.19,23389.0,146489.0,TND,,,2025-04-25,0.0,,0.19,2024-05-25,,True,676
INV-000438,JBM-2024-0038,BIAT,DEAL-006025,2024/10/06,2024-11-24,2024-11-13,paid,179800.0,19,34162.0,213962.0,TND,,,2025/02/03,0.0,,19.0,2024-10-25,19,False,
INV-000439,JBM-2024-0039,Groupe Ferchiou Digital,DEAL-007300,2024/11/11,2024-12-18,,pending,249400.0,,47386.0,296786.0,TND,,Contrat cadre 2025. Facture trimestrielle T2.,January 10 2025,0.0,,,2024-11-18,,True,499
INV-000440,JBM-2024-0040,garage mecanique toumi,DEAL-000192,2024/09/28,2024-11-21,2024-12-27,paid,24200.0,0.19,4598.0,28798.0,TND,,Invoice for Q2 maintenance contract. PO number: TT-2024-8821.,2024-11-27,0.0,,0.19,2024-10-22,66,False,
INV-000441,JBM-2024-0041,Bureau d'Etudes Bouzid,DEAL-001067,08/05/2024,2024-06-07,,overdue,109000.0,19,20710.0,129710.0,tnd,,Regularisation facture N-1. Avoir emis en contrepartie.,2025/03/04,0.0,,19.0,2024-05-08,,True,693
INV-000443,JBM-2024-0043,STE Ben Salah & Fiols,,June 30 2024,2024-08-13,2024-08-28,paid,253100.0,19%,48089.0,301189.0,,,Facture solde - Developpement plateforme BI. Livraison finale acceptee.,30/07/2024,0.0,,19.0,2024-07-14,45,False,
INV-000444,JBM-2024-0044,la poste tunisienne,DEAL-007805,,2024-05-01,2024-04-23,paid,72400.0,19,13756.0,86156.0,DT,Especes,Facture solde - Developpement plateforme BI. Livraison finale acceptee.,2024/04/23,86156.0,0,19.0,2024-04-01,22,False,
INV-000446,JBM-2024-0046,C.Dentaire Dr Mrad,DEAL-001182,26/11/2024,2025-01-20,,cancelled,201100.0,19,38209.0,239309.0,DT,,Avoir suite annulation partielle du projet.,May 25 2025,0.0,,19.0,2024-12-21,,False,
INV-000447,JBM-2024-0047,BIJOUTERIE SFAXIENNE,DEAL-005024,30-May-24,2024-01-07,2024-08-10,paid,287000.0,19,54530.0,341530.0,EUR,,,29-Jul-24,0.0,,19.0,2023-12-08,246,False,
INV-000448,JBM-2024-0048,Clinique Dentaire Dr Mrad,,November 01 2024,2024-12-27,2025-01-25,paid,195500.0,20,37145.0,232645.0,TND,,Avoir suite annulation partielle du projet.,27/09/2025,0.0,,20.0,2024-11-27,59,False,
INV-000449,JBM-2024-0049,Garage Mecanique Toumi,,May 06 2024,2024-06-16,2024-11-07,paid,84500.0,19%,16055.0,100555.0,TND,,Regularisation facture N-1. Avoir emis en contrepartie.,01/04/2025,0.0,,19.0,2024-05-17,174,False,
INV-000450,JBM-2024-0050,Bureau d'Etudes Laabidi,DEAL-001444,2024-12-28,2025-02-03,2025-02-25,paid,203500.0,19,38665.0,242165.0,TND,,Facture 1/3 - Projet migration cloud STEG. Tranche initiale 30%.,25/08/2025,0.0,,19.0,2025-01-04,52,False,
INV-000451,JBM-2024-0051,Grooupe Haddad Technologies,,24/09/2024,2024-11-19,2024-11-16,paid,206700.0,19,39273.0,245973.0,DT,check,Invoice for Q2 maintenance contract. PO number: TT-2024-8821.,2024-11-16,245973.0,0,19.0,2024-10-20,27,False,
INV-000452,JBM-2024-0052,STE Ben Salah & Fils,DEAL-005543,March 29 2024,2024-03-05,2024-05-18,paid,92100.0,19,17499.0,109599.0,tnd,,Acompte 50% - Contrat annuel support applicatif.,2025-03-24,0.0,,19.0,2024-02-04,104,False,
INV-000453,JBM-2024-0053,Groupe Haddad Technologies,DEAL-001845,2024/03/03,2024-04-08,2024-04-25,paid,219900.0,20,41781.0,261681.0,,Bank Transfer,Frais de deplacement inclus. Voir detail en annexe.,March 05 2024,0.0,,20.0,2024-03-09,47,False,
INV-000454,JBM-2024-0054,S.Haddad Import Export,DEAL-002398,02/02/2024,2024-06-03,,pending,173800.0,19,33022.0,206822.0,DT,,,2024-11-28,0.0,,19.0,2024-05-04,,True,697
INV-000455,JBM-2024-0055,STEG,DEAL-006644,2024/06/21,2024-07-21,2024-07-25,paid,208100.0,19,39539.0,247639.0,EUR,Especes,Avoir suite annulation partielle du projet.,2024-10-19,0.0,,19.0,2024-06-21,34,False,
INV-000456,JBM-2024-0056,STE Gharbi Consulting,,06-Aug-24,2024-09-20,2024-09-26,paid,245000.0,0.19,46550.0,291550.0,tnd,,Facture 1/3 - Projet migration cloud STEG. Tranche initiale 30%.,03-May-25,0.0,,0.19,2024-08-21,36,False,
INV-000459,JBM-2024-0059,STE-Jlassi-Consulting,DEAL-002320,2024/11/10,2025-01-05,2025-08-01,paid,136900.0,19 %,26011.0,162911.0,DT,,Retenue de garantie 10% - Liberation apres recette definitive.,2025/01/09,0.0,,19.0,2024-12-06,238,False,
INV-000460,JBM-2024-0060,La Poste Tunisienne,DEAL-003403,October 05 2024,2024-11-29,2024-11-07,paid,61900.0,19,11761.0,73661.0,TND,,,2024/11/07,73661.0,0,19.0,2024-10-30,8,False,
INV-000461,JBM-2024-0061,Groupe Agrebi Technologies,,08/11/2024,2024-12-19,2025-01-07,paid,197600.0,19%,37544.0,235144.0,TND,,,2024-11-08,0.0,,19.0,2024-11-19,49,False,
INV-000462,JBM-2024-0062,Delice Danone,,19-Feb-24,2024-04-17,2024-03-26,paid,62900.0,19,11951.0,74851.0,TND,,,14/01/2025,0.0,,19.0,2024-03-18,8,False,
INV-000463,JBM-2024-0063,Banque de Tunisie,DEAL-004236,25/03/2024,2024-05-22,2024-05-08,paid,47000.0,0.19,8930.0,55930.0,TND,,Avoir suite annulation partielle du projet.,2024/06/23,0.0,,0.19,2024-04-22,16,False,
INV-000464,JBM-2024-0064,CyberPark Elghazala,,September 18 2024,2024-10-30,2024-10-23,paid,41500.0,19,7885.0,49385.0,TND,,Invoice for cybersecurity audit - Phase 1 completed.,15-Jul-25,0.0,,19.0,2024-09-30,23,False,
INV-000465,JBM-2024-0065,GlobalNet,DEAL-004960,2024/08/11,2024-09-10,2024-09-17,paid,119200.0,19,22648.0,141848.0,tnd,,Avoir suite annulation partielle du projet.,09-Nov-24,0.0,,19.0,2024-08-11,37,False,
INV-000466,JBM-2024-0066,Beureau d'Etudes Ben Salah,,2024/06/25,2024-08-22,2024-08-18,paid,20200.0,19,3838.0,24038.0,tnd,,Facture 1/3 - Projet migration cloud STEG. Tranche initiale 30%.,20/06/2025,0.0,,19.0,2024-07-23,26,False,
INV-000467,JBM-2024-0067,Bureau d'Etudes Ben Salah,,December 28 2024,2025-02-20,2025-02-21,paid,123100.0,19,23389.0,146489.0,tnd,,Facture solde - Developpement plateforme BI. Livraison finale acceptee.,2025/02/26,0.0,,19.0,2025-01-21,31,False,
INV-000468,JBM-2024-0068,STE Khalfallah & Fils,DEAL-000137,14/04/2024,2024-05-26,2024-10-06,paid,28500.0,19,5415.0,33915.0,EUR,,Invoice for cybersecurity audit - Phase 1 completed.,14/05/2024,0.0,,19.0,2024-04-26,163,False,
INV-000469,JBM-2024-0069,STE Ben Salah Consulting,DEAL-001381,2024/10/11,2024-11-28,2024-06-12,paid,236400.0,20,44916.0,281316.0,DT,,,08-Jul-25,0.0,,20.0,2024-10-29,-139,False,
INV-000470,JBM-2024-0070,STE Agrebi Solutions,DEAL-004442,February 01 2024,2024-03-07,2024-03-18,paid,169000.0,0.19,32110.0,201110.0,TND,,Regularisation facture N-1. Avoir emis en contrepartie.,2024/03/02,0.0,,0.19,2024-02-06,41,False,
INV-000471,JBM-2024-0071,STE Hamdi Consulting,DEAL-003876,2024-05-15,2024-07-01,,paid,72100.0,19,13699.0,85799.0,TND,,Invoice for cybersecurity audit - Phase 1 completed.,August 13 2024,0.0,,19.0,2024-06-01,,False,
INV-000472,JBM-2024-0072,Restaurant Le Mediterranee,,2024/02/03,2024-03-15,2024-04-18,paid,90200.0,19,17138.0,107338.0,TND,Cheque,Facture 1/3 - Projet migration cloud STEG. Tranche initiale 30%.,April 18 2024,44525.72,0,19.0,2024-02-14,64,False,
INV-000473,JBM-2024-0073,Magasin Mabrouk Electronique,DEAL-004527,December 21 2024,2025-02-07,2025-03-03,paid,54200.0,19,10298.0,64498.0,TND,,Regularisation facture N-1. Avoir emis en contrepartie.,20-May-25,0.0,,19.0,2025-01-08,54,False,
INV-000474,JBM-2024-0074,Delice Danone,DEAL-003964,23-Dec-24,2025-02-18,2025-01-31,paid,206000.0,0,39140.0,245140.0,EUR,,Retenue de garantie 10% - Liberation apres recette definitive.,22-May-25,0.0,,0.0,2025-01-19,12,False,
INV-000475,JBM-2024-0075,STE Ferchiou Informatique,DEAL-005088,October 29 2024,2024-12-13,2024-12-17,paid,249400.0,19,47386.0,296786.0,TND,,Invoice for cybersecurity audit - Phase 1 completed.,2025-10-24,0.0,,19.0,2024-11-13,34,False,
INV-000476,JBM-2024-0076,Entreprise Chaabane,DEAL-000933,20/10/2024,2024-12-09,2024-12-14,paid,152500.0,19,28975.0,181475.0,tnd,,Frais de deplacement inclus. Voir detail en annexe.,May 18 2025,0.0,,19.0,2024-11-09,35,False,
INV-000477,JBM-2024-0077,Imprimerie-El-Ittihad,DEAL-002634,2024/04/27,2024-06-22,2024-07-26,paid,249600.0,19,47424.0,297024.0,TND,,Invoice for cybersecurity audit - Phase 1 completed.,21/02/2025,0.0,,19.0,2024-05-23,64,False,
INV-000478,JBM-2024-0078,La Poste Tunisienne,DEAL-000742,29/03/2024,2024-05-18,2024-05-13,paid,284000.0,0.19,53960.0,337960.0,TND,,Frais de deplacement inclus. Voir detail en annexe.,2024/07/27,0.0,,0.19,2024-04-18,25,False,
INV-000541,JBM-2024-0079,STE Khalfallah Consulting SARL,DEAL-005752,2024/05/14,2024-06-21,,cancelled,5700.0,19,1083.0,6783.0,TND,,,2024/05/29,0.0,,19.0,2024-05-22,,False,
INV-000480,JBM-2024-0080,Centre de Formation Avenir,DEAL-006564,2024-05-30,2024-05-22,,pending,76000.0,0.19,14440.0,90440.0,EUR,,Avoir suite annulation partielle du projet.,June 01 2024,0.0,,0.19,2024-04-22,,True,709
INV-000481,JBM-2024-0081,BIAoT,DEAL-003372,,2024-09-26,2024-08-30,paid,279800.0,19,53162.0,332962.0,DT,,Facture solde - Developpement plateforme BI. Livraison finale acceptee.,May 24 2025,0.0,,19.0,2024-08-27,3,False,
INV-000482,JBM-2024-0082,Groupe Ferchiou Digital,DEAL-002389,02/09/2024,2024-10-27,2024-11-01,paid,65300.0,19,12407.0,77707.0,TND,,,2025-07-29,0.0,,19.0,2024-09-27,35,False,
INV-000483,JBM-2024-0083,Ministere des Finances,DEAL-005718,2024/04/20,2024-04-08,2024-05-23,paid,297400.0,0,56506.0,353906.0,,,Acompte 50% - Contrat annuel support applicatif.,2024/05/20,0.0,,0.0,2024-03-09,75,False,
INV-000484,JBM-2024-0084,Groupe Agrebi Technologies,DEAL-007815,2024/04/26,2024-09-06,2024-06-11,paid,211600.0,19,40204.0,251804.0,TND,,Invoice for cybersecurity audit - Phase 1 completed.,July 25 2024,0.0,,19.0,2024-08-07,-57,False,
INV-000485,JBM-2024-0085,STE Chaabane Solutions,,2024/06/13,2024-07-21,2024-07-29,paid,87500.0,19,16625.0,104125.0,tnd,,,13/06/2024,0.0,,19.0,2024-06-21,38,False,
INV-000486,JBM-2024-0086,Bureau d'Etudes Laabidi,DEAL-007644,October 12 2024,2024-11-15,2024-09-12,paid,133700.0,0.19,25403.0,159103.0,TND,,Facture 1/3 - Projet migration cloud STEG. Tranche initiale 30%.,2025/03/11,0.0,,0.19,2024-10-16,-34,False,
INV-000487,JBM-2024-0087,Delice Danone,,2024/05/13,2024-10-07,2024-06-21,paid,12900.0,19,2451.0,15351.0,TND,,,07-Jun-25,0.0,,19.0,2024-09-07,-78,False,
INV-000488,JBM-2024-0088,Garage Mecanique Toumi,DEAL-007598,04/08/2024,2024-09-15,2024-10-22,paid,168980.0,19,32106.2,201086.2,tnd,,Facture solde - Developpement plateforme BI. Livraison finale acceptee.,October 03 2024,0.0,,19.0,2024-08-16,67,False,
INV-000489,JBM-2024-0089,Bureau d'Etudes Oueslati,DEAL-002162,January 05 2024,2024-02-08,2024-03-03,paid,207400.0,19,39406.0,246806.0,EUR,,Avoir suite annulation partielle du projet.,2024/03/03,246806.0,0,19.0,2024-01-09,54,False,
INV-000490,JBM-2024-0090,Ministere des Finances,,2024-03-04,2024-04-15,2024-04-17,paid,31800.0,0.19,6042.0,37842.0,TND,,Invoice for cybersecurity audit - Phase 1 completed.,31-Aug-24,0.0,,0.19,2024-03-16,32,False,
INV-000491,JBM-2024-0091,Groupe Khalfallah Digital,,2024/06/26,2024-08-07,2024-08-10,paid,37700.0,19,7163.0,44863.0,tnd,,Facture solde - Developpement plateforme BI. Livraison finale acceptee.,23/11/2024,0.0,,19.0,2024-07-08,33,False,
INV-000492,JBM-2024-0092,G.Mansour Digital,DEAL-000936,November 14 2024,2025-01-10,2025-01-13,paid,9300.0,19,1767.0,11067.0,EUR,,Facture solde - Developpement plateforme BI. Livraison finale acceptee.,2024/12/14,0.0,,19.0,2024-12-11,33,False,
INV-000493,JBM-2024-0093,Ecole Privee Ibn Khaldoun,DEAL-003659,11/12/2024,2025-01-20,2025-02-27,paid,294200.0,19,55898.0,350098.0,TND,,Contrat cadre 2025. Facture trimestrielle T2.,2025-01-10,0.0,,19.0,2024-12-21,68,False,
INV-000495,JBM-2024-0095,BANQUE DE TUNISIE,DEAL-007467,26/10/2024,2024-12-12,2024-07-12,paid,252000.0,19%,47880.0,299880.0,tnd,,Regularisation facture N-1. Avoir emis en contrepartie.,25/12/2024,0.0,,19.0,2024-11-12,-123,False,
INV-000496,JBM-2024-0096,Groupe Trabelsi Technologies,DEAL-004378,27/11/2024,2025-04-01,,cancelled,261000.0,19%,49590.0,310590.0,EUR,,Avoir suite annulation partielle du projet.,2024-12-07,0.0,,19.0,2025-03-02,,False,
INV-000497,JBM-2024-0097,STE Ferchiou Informatique,DEAL-006330,February 07 2024,2024-03-21,2024-04-02,paid,162200.0,19,30818.0,193018.0,TND,,Frais de deplacement inclus. Voir detail en annexe.,2024-05-07,0.0,,19.0,2024-02-20,42,False,
INV-000516,JBM-2024-0098,Cabinet Comptable Slim,DEAL-006794,2024/04/19,2024-06-13,2024-07-14,paid,279500.0,15,53105.0,332605.0,TND,Cash,Avoir suite annulation partielle du projet.,2024-09-16,0.0,,15.0,2024-05-14,61,False,
INV-000499,JBM-2024-0099,Groupe Hamouda Digital,,2024-09-30,2024-11-13,2024-11-15,paid,45200.0,20,8588.0,53788.0,EUR,,Retenue de garantie 10% - Liberation apres recette definitive.,15-Nov-24,34798.32,0,20.0,2024-10-14,32,False,
INV-000500,JBM-2024-0100,Ooredoo Tunisie,,October 25 2024,2024-12-02,2024-11-26,paid,153300.0,19%,29127.0,182427.0,DT,,,October 26 2024,0.0,,19.0,2024-11-02,24,False,
INV-000501,JBM-2024-0101,STE Hamdi Consulting,DEAL-001782,01-Oct-24,2024-09-25,,pending,167500.0,19,31825.0,199325.0,TND,,Facture 1/3 - Projet migration cloud STEG. Tranche initiale 30%.,27/08/2025,0.0,,19.0,2024-08-26,,True,583
INV-000502,JBM-2024-0102,Tunisair,DEAL-003152,15-Sep-24,2024-10-30,2024-10-20,paid,226500.0,15,43035.0,269535.0,tnd,,,2025-06-12,0.0,,15.0,2024-09-30,20,False,
INV-000503,JBM-2024-0103,O.Tunisie,DEAL-006086,15-Nov-24,2024-12-15,,paid,61000.0,19,11590.0,72590.0,EUR,,,2025/02/13,0.0,,19.0,2024-11-15,,False,
INV-000504,JBM-2024-0104,STE Oueslati & Fils,DEAL-002143,September 17 2024,2024-10-26,,pending,240200.0,19,45638.0,285838.0,EUR,,,14/02/2025,0.0,,19.0,2024-09-26,,True,552
INV-000505,JBM-2024-0105,STE Bouzid Consulting,,June 20 2024,2024-07-21,,pending,86800.0,,16492.0,103292.0,tnd,,Facture 1/3 - Projet migration cloud STEG. Tranche initiale 30%.,2024-08-19,0.0,,,2024-06-21,,True,649
INV-000506,JBM-2024-0106,STE Khalfallah Consulting,DEAL-005127,2024-05-24,2024-07-12,2024-07-19,cancelled,259300.0,19,49267.0,308567.0,TND,,Acompte 50% - Contrat annuel support applicatif.,25-May-24,0.0,,19.0,2024-06-12,,False,
INV-000507,JBM-2024-0107,Pharmacie Al Amal,DEAL-004756,2024/12/11,2025-01-23,2025-03-10,paid,202000.0,19,38380.0,240380.0,tnd,Especes,Facture mensuelle maintenance.,March 10 2025,240380.0,0,19.0,2024-12-24,76,False,
INV-000510,JBM-2024-0110,ENTREPRISE BELHADJ,DEAL-005003,September 06 2024,2024-10-22,2024-02-11,paid,201200.0,19,38228.0,239428.0,TND,,Regularisation facture N-1. Avoir emis en contrepartie.,February 03 2025,0.0,,19.0,2024-09-22,-224,False,
INV-000511,JBM-2024-0111,BNA Bank,DEAL-003531,11-Feb-24,2024-03-28,,pending,167000.0,19,31730.0,198730.0,EUR,Especes,Avoir suite annulation partielle du projet.,October 08 2024,0.0,,19.0,2024-02-27,,True,764
INV-000512,JBM-2024-0112,Groupe Hamouda Digital,DEAL-001955,28-Feb-24,2024-04-22,2024-04-21,paid,152300.0,19,28937.0,181237.0,TND,,,2024-08-26,0.0,,19.0,2024-03-23,29,False,
INV-000513,JBM-2024-0113,STE Laabidi Consulting,DEAL-000091,2024/09/22,2024-09-14,2024-11-15,paid,14000.0,19,2660.0,16660.0,TND,,Retenue de garantie 10% - Liberation apres recette definitive.,September 17 2025,0.0,,19.0,2024-08-15,92,False,
INV-000514,JBM-2024-0114,GlobalNet,DEAL-004121,09-Jul-24,2024-08-31,2024-08-13,paid,105000.0,19,19950.0,124950.0,TND,Check,Acompte 50% - Contrat annuel support applicatif.,2025/03/06,0.0,,19.0,2024-08-01,12,False,
INV-000515,JBM-2024-0115,STE Zouari Consulting,DEAL-006011,26-Jan-24,2024-03-12,2024-03-14,paid,187500.0,19,35625.0,223125.0,TND,,,2024/10/22,0.0,,19.0,2024-02-11,32,False,
INV-000517,JBM-2024-0117,ste khalfallah consulting,DEAL-000029,23/11/2024,2025-01-02,2025-01-12,paid,58500.0,19,11115.0,69615.0,TND,,Contrat cadre 2025. Facture trimestrielle T2.,December 23 2024,0.0,,19.0,2024-12-03,40,False,
INV-000518,JBM-2024-0118,Topnet,DEAL-004918,March 17 2024,2024-05-13,2024-03-02,paid,68400.0,19,12996.0,81396.0,tnd,,Invoice for Q2 maintenance contract. PO number: TT-2024-8821.,2025-03-12,0.0,,19.0,2024-04-13,-42,False,
INV-000519,JBM-2024-0119,STE Ben Salah Consulting,DEAL-002425,14/12/2024,2025-06-02,2025-01-31,paid,86400.0,19,16416.0,102816.0,TND,,Acompte 50% - Contrat annuel support applicatif.,2025-01-31,102816.0,0,19.0,2025-05-03,-92,False,
INV-000520,JBM-2024-0120,STE Bouzid Consulting,DEAL-007886,05/05/2024,2024-06-09,2024-06-28,paid,232600.0,19,44194.0,276794.0,TND,,Facture solde - Developpement plateforme BI. Livraison finale acceptee.,01/11/2024,0.0,,19.0,2024-05-10,49,False,
INV-000521,JBM-2024-0121,Groupe Mansour Digital,DEAL-007375,2024/04/20,2024-06-01,2024-04-06,paid,26700.0,19,5073.0,31773.0,TND,,Avoir suite annulation partielle du projet.,November 16 2024,0.0,,19.0,2024-05-02,-26,False,
INV-000522,JBM-2024-0122,Groupe Trabelsi Technologies,DEAL-004998,,2024-12-07,2024-12-14,paid,42200.0,19,8018.0,50218.0,TND,,,2025-01-13,0.0,,19.0,2024-11-07,37,False,
INV-000523,JBM-2024-0123,cabinet turki conseil,,May 04 2024,2024-06-30,,pending,88600.0,19,16834.0,105434.0,tnd,,Invoice for Q2 maintenance contract. PO number: TT-2024-8821.,2024-06-03,0.0,,19.0,2024-05-31,,True,670
INV-000524,JBM-2024-0124,Agence Immobiliere Sfax Centre,,2024-07-30,2024-09-27,,pending,274800.0,0,52212.0,327012.0,,,,2024/08/02,0.0,,0.0,2024-08-28,,True,581
INV-000525,JBM-2024-0125,Orange-Tunisie,DEAL-002120,2024/03/31,2024-02-05,2024-05-14,paid,15100.0,19,2869.0,17969.0,tnd,,Frais de deplacement inclus. Voir detail en annexe.,2024/07/29,0.0,,19.0,2024-01-06,129,False,
INV-001956,JBM-2024-0126,Groupe Haddad Technologies SUARL,DEAL-004248,20/11/2025,2026-11-01,2026-01-15,cancelled,37700.0,19,7163.0,44863.0,tnd,Cash,Invoice for cybersecurity audit - Phase 1 completed.,2026-01-19,0.0,,19.0,2026-10-02,,False,
INV-000527,JBM-2024-0127,STE Ferchiou Informatique,DEAL-002489,2024-05-18,2024-08-05,,pending,214700.0,19,40793.0,255493.0,TND,,Avoir suite annulation partielle du projet.,2024-07-17,0.0,,19.0,2024-07-06,,True,634
INV-000528,JBM-2024-0128,Clinique Dentaire Dr Mrad,,05-Apr-24,2024-05-14,,pending,230600.0,19,43814.0,274414.0,TND,,Invoice for cybersecurity audit - Phase 1 completed.,2024/12/01,0.0,,19.0,2024-04-14,,True,717
INV-000529,JBM-2024-0129,Bureau d'Etudes Laabidi,,2024/07/01,2024-08-08,2024-08-28,paid,186500.0,19,35435.0,221935.0,EUR,,,2024/07/31,0.0,,19.0,2024-07-09,50,False,
INV-000530,JBM-2024-0130,Groupe Bouzid Digital,DEAL-003687,28-Oct-24,2024-12-16,2024-12-23,paid,152300.0,19,28937.0,181237.0,TND,,Contrat cadre 2025. Facture trimestrielle T2.,25/07/2025,0.0,,19.0,2024-11-16,37,False,
INV-000531,JBM-2024-0131,Cabinet-Comptable-Slim,DEAL-001983,January 01 2024,2024-11-02,,overdue,114700.0,,21793.0,136493.0,TND,,Regularisation facture N-1. Avoir emis en contrepartie.,January 03 2024,0.0,,,2024-10-03,,True,545
INV-000532,JBM-2024-0132,STE Ben Salah Consulting,DEAL-000897,24/11/2024,2024-12-27,2025-01-15,paid,151800.0,19%,28842.0,180642.0,DT,,Regularisation facture N-1. Avoir emis en contrepartie.,22-Dec-24,0.0,,19.0,2024-11-27,49,False,
INV-000533,JBM-2024-0133,Groupe Agrebi Technologies,DEAL-004938,December 23 2024,2025-01-24,2025-02-12,paid,243300.0,19,46227.0,289527.0,EUR,,,2025-08-20,0.0,,19.0,2024-12-25,49,False,
INV-000534,JBM-2024-0134,Bijouterie Sfaxienne,DEAL-001020,10/03/2024,2024-04-18,,pending,210000.0,19,39900.0,249900.0,TND,,,2024/12/05,0.0,,19.0,2024-03-19,,True,743
INV-000535,JBM-2024-0135,STE Agrebi Solutions,DEAL-003420,2024-11-18,2024-12-30,2025-01-14,paid,7600.0,19,1444.0,9044.0,TND,,Facture solde - Developpement plateforme BI. Livraison finale acceptee.,January 17 2025,0.0,,19.0,2024-11-30,45,False,
INV-000536,JBM-2024-0136,ENTREPRISE CHAABANE,DEAL-002369,25/04/2024,2024-05-26,2024-06-23,paid,27900.0,19,5301.0,33201.0,TND,,Retenue de garantie 10% - Liberation apres recette definitive.,2024-04-25,0.0,,19.0,2024-04-26,58,False,
INV-000537,JBM-2024-0137,BNA Bank,DEAL-000472,2024/04/10,2024-05-14,2024-12-05,paid,176100.0,19,33459.0,209559.0,TND,,,05/01/2025,0.0,,19.0,2024-04-14,235,False,
INV-000538,JBM-2024-0138,Groupe Hamouda Digital,,23/02/2024,2024-04-04,2024-04-21,paid,43900.0,19,8341.0,52241.0,TND,Bank Transfer,Invoice for Q2 maintenance contract. PO number: TT-2024-8821.,20/10/2024,0.0,,19.0,2024-03-05,47,False,
INV-000539,JBM-2024-0139,Groupe Khalfallah Digital,DEAL-006582,October 09 2024,2024-11-13,2024-12-08,paid,290600.0,19%,55214.0,345814.0,tnd,,,03/11/2025,0.0,,19.0,2024-10-14,55,False,
INV-000540,JBM-2024-0140,BNA Bank,DEAL-007689,26-Nov-24,2025-01-24,2025-09-01,paid,78700.0,19,14953.0,93653.0,DT,,Frais de deplacement inclus. Voir detail en annexe.,April 25 2025,0.0,,19.0,2024-12-25,250,False,
INV-000544,JBM-2024-0144,BNA Bank,DEAL-004626,09-May-24,2024-06-17,2024-06-15,paid,75700.0,19%,14383.0,90083.0,TND,,Facture 1/3 - Projet migration cloud STEG. Tranche initiale 30%.,06/10/2024,0.0,,19.0,2024-05-18,28,False,
INV-000545,JBM-2024-0145,Bureau d'Etudes Gharbi,,August 17 2024,2024-08-10,2024-10-09,paid,249300.0,0,47367.0,296667.0,DT,,Frais de deplacement inclus. Voir detail en annexe.,2024/11/15,0.0,,0.0,2024-07-11,90,False,
INV-000546,JBM-2024-0146,Ministere des Finances,DEAL-002276,10-Jun-24,2024-07-13,2024-07-13,paid,95400.0,,18126.0,113526.0,TND,,Retenue de garantie 10% - Liberation apres recette definitive.,2024/06/12,0.0,,,2024-06-13,30,False,
INV-000548,JBM-2024-0148,STE Ben Salah & Fils,DEAL-005593,April 12 2024,2024-05-15,2024-04-06,paid,73900.0,19,14041.0,87941.0,TND,,Avoir suite annulation partielle du projet.,2024/05/12,0.0,,19.0,2024-04-15,-9,False,
INV-000549,JBM-2024-0149,Delice Danone,DEAL-000616,2024-04-24,2024-05-29,,paid,286700.0,0.19,54473.0,341173.0,EUR,,Facture solde - Developpement plateforme BI. Livraison finale acceptee.,July 23 2024,0.0,,0.19,2024-04-29,,False,
INV-000550,JBM-2024-0150,Groupe Mansour Digital,,2024/12/29,2025-10-02,,pending,41300.0,19,7847.0,49147.0,TND,,,2025-07-27,0.0,,19.0,2025-09-02,,True,211
INV-000551,JBM-2024-0151,Societe Haddad Import Export,DEAL-005723,2024-07-26,2024-09-14,,pending,293100.0,19 %,55689.0,348789.0,tnd,,Contrat cadre 2025. Facture trimestrielle T2.,24-Sep-24,0.0,,19.0,2024-08-15,,True,594
INV-000552,JBM-2024-0152,Studio Photo Memories,,2024/11/09,2024-12-26,2025-01-17,paid,201700.0,19,38323.0,240023.0,TND,,Contrat cadre 2025. Facture trimestrielle T2.,12/11/2024,0.0,,19.0,2024-11-26,52,False,
INV-000553,JBM-2024-0153,S.Haddad Import Export,DEAL-004899,17/12/2024,2025-02-06,2024-11-29,paid,155900.0,19,29621.0,185521.0,DT,,,16-Jan-25,0.0,,19.0,2025-01-07,-39,False,
INV-000554,JBM-2024-0154,Garage-Mecanique-Toumi,DEAL-003198,May 26 2024,2024-06-26,2024-08-18,paid,113100.0,19,21489.0,134589.0,TND,,Contrat cadre 2025. Facture trimestrielle T2.,2024/08/24,0.0,,19.0,2024-05-27,83,False,
INV-000555,JBM-2024-0155,Groupe Haddad Technologies,DEAL-007283,June 26 2024,2024-08-03,,pending,114600.0,19,21774.0,136374.0,tnd,,Contrat cadre 2025. Facture trimestrielle T2.,2025/04/22,0.0,,19.0,2024-07-04,,True,636
INV-000556,JBM-2024-0156,STE Oueslati & Fils,DEAL-006597,2024-10-30,2024-10-12,2024-12-15,paid,132600.0,19,25194.0,157794.0,EUR,,Facture mensuelle maintenance.,25-Oct-25,0.0,,19.0,2024-09-12,94,False,
INV-000557,JBM-2024-0157,ST@E Gharbi Consulting,,2024/01/06,2024-12-02,2024-02-26,paid,269600.0,19 %,51224.0,320824.0,TND,,,2024-09-02,0.0,,19.0,2024-11-02,-250,False,
INV-000558,JBM-2024-0158,STE Khalfallah Consulting,,28/03/2024,2024-05-03,,cancelled,65300.0,19,12407.0,77707.0,TND,,Invoice for cybersecurity audit - Phase 1 completed.,2024/03/30,0.0,,19.0,2024-04-03,,False,
INV-000559,JBM-2024-0159,Salon Coiffure Elegance,DEAL-003816,24-Apr-24,2024-05-26,,pending,108800.0,19,20672.0,129472.0,TND,,Invoice for Q2 maintenance contract. PO number: TT-2024-8821.,2024-07-23,0.0,,19.0,2024-04-26,,True,705
INV-000560,JBM-2024-0160,Centre Medical Bouzid,DEAL-006470,August 16 2024,2024-09-18,,cancelled,203900.0,19,38741.0,242641.0,tnd,,Facture mensuelle maintenance.,2024-08-31,0.0,,19.0,2024-08-19,,False,
INV-000561,JBM-2024-0161,UIB,DEAL-004057,2024/03/23,2024-05-08,2024-03-11,paid,13900.0,19,2641.0,16541.0,TND,,Avoir suite annulation partielle du projet.,2024-05-22,0.0,,19.0,2024-04-08,-28,False,
INV-000562,JBM-2024-0162,STE Mejri Informatique,DEAL-004266,2024-11-06,2024-12-27,2024-12-28,cancelled,258900.0,0.19,49191.0,308091.0,TND,,Facture solde - Developpement plateforme BI. Livraison finale acceptee.,06-Dec-24,0.0,,0.19,2024-11-27,,False,
INV-000563,JBM-2024-0163,STE Chaabane Solutions,DEAL-004698,May 04 2024,2024-06-08,2024-06-19,paid,111300.0,19,21147.0,132447.0,TND,,,October 31 2024,0.0,,19.0,2024-05-09,41,False,
INV-000564,JBM-2024-0164,Cabinet Turki Conseil,DEAL-006667,December 06 2024,2025-02-01,,pending,155700.0,,29583.0,185283.0,EUR,,,31/12/2025,0.0,,,2025-01-02,,True,454
INV-000565,JBM-2024-0165,Groupe Khalfallah Digital,DEAL-002975,June 15 2024,2024-07-16,2024-12-08,paid,170900.0,19,32471.0,203371.0,TND,,Facture mensuelle maintenance.,2025/06/10,0.0,,19.0,2024-06-16,175,False,
INV-000566,JBM-2024-0166,centre medical bouzid,,25-May-24,2024-07-09,2024-08-01,paid,81300.0,19,15447.0,96747.0,EUR,,,May 20 2025,0.0,,19.0,2024-06-09,53,False,
INV-000567,JBM-2024-0167,STE Agrebi Solutions,,27/03/2024,2024-04-30,2024-05-21,paid,25100.0,19,4769.0,29869.0,EUR,,Acompte 50% - Contrat annuel support applicatif.,July 25 2024,0.0,,19.0,2024-03-31,51,False,
INV-000568,JBM-2024-0168,STE Chaabane Solutions,DEAL-003729,2024/10/27,2024-05-12,2024-12-25,paid,99400.0,19,18886.0,118286.0,DT,,Frais de deplacement inclus. Voir detail en annexe.,2025/03/26,0.0,,19.0,2024-04-12,257,False,
INV-000569,JBM-2024-0169,Bureau d'Etudes Laabidi,DEAL-000361,19/04/2024,2024-06-17,2024-05-06,paid,102400.0,19,19456.0,121856.0,TND,Virement bancaire,Invoice for Q2 maintenance contract. PO number: TT-2024-8821.,05-Jun-24,121856.0,0,19.0,2024-05-18,-12,False,
INV-000570,JBM-2024-0170,entreprise belhadj,DEAL-003864,October 07 2024,2024-11-06,,cancelled,191500.0,19,36385.0,227885.0,TND,Cheque,Invoice for cybersecurity audit - Phase 1 completed.,October 07 2024,0.0,,19.0,2024-10-07,,False,
INV-000571,JBM-2024-0171,STE Hamdi Consulting,DEAL-003898,2024/02/04,2024-01-31,,cancelled,72200.0,0.19,13718.0,85918.0,TND,especes,,2024/02/05,0.0,,0.19,2024-01-01,,False,
INV-000572,JBM-2024-0172,groupe mansour digital,DEAL-004493,2024-11-14,2025-12-01,,pending,204600.0,19,38874.0,243474.0,TND,,Contrat cadre 2025. Facture trimestrielle T2.,October 10 2025,0.0,,19.0,2025-11-01,,True,151
INV-000573,JBM-2024-0173,Librairie Al Manar,DEAL-005042,2024-04-15,2024-06-05,2024-11-07,paid,8000.0,19,1520.0,9520.0,TND,,,July 11 2024,9520.0,0,19.0,2024-05-06,185,False,
INV-000575,JBM-2024-0175,STE Ferchiou Informatique,,2024-04-03,2024-05-18,2024-05-18,paid,278100.0,19 %,52839.0,330939.0,TND,,Contrat cadre 2025. Facture trimestrielle T2.,2024-08-31,0.0,,19.0,2024-04-18,30,False,
INV-000576,JBM-2024-0176,Entreprise Chaabane SUARL,DEAL-001234,11/04/2024,2024-05-17,2024-05-30,paid,128200.0,19,24358.0,152558.0,EUR,Bank Transfer,Facture mensuelle maintenance.,12/05/2024,0.0,,19.0,2024-04-17,43,False,
INV-000577,JBM-2024-0177,Groupe Trabelsi Technologies,,04/11/2024,2024-12-14,2024-12-23,paid,116300.0,0.19,22097.0,138397.0,TND,,Acompte 50% - Contrat annuel support applicatif.,2025/05/03,0.0,,0.19,2024-11-14,39,False,
INV-000579,JBM-2024-0179,U#IB,,15/10/2024,2024-12-14,2024-11-20,paid,207400.0,19,39406.0,246806.0,TND,,Regularisation facture N-1. Avoir emis en contrepartie.,12-Jun-25,0.0,,19.0,2024-11-14,6,False,
INV-000580,JBM-2024-0180,Tunisair,DEAL-003365,2024-12-04,2025-01-16,2025-01-13,paid,287200.0,19 %,54568.0,341768.0,TND,,Invoice for cybersecurity audit - Phase 1 completed.,February 02 2025,0.0,,19.0,2024-12-17,27,False,
INV-000581,JBM-2024-0181,Orange Tunisie,DEAL-005750,2024-01-29,2024-01-03,2024-12-03,paid,8900.0,0.19,1691.0,10591.0,tnd,,Regularisation facture N-1. Avoir emis en contrepartie.,2024-08-26,0.0,,0.19,2023-12-04,365,False,
INV-000582,JBM-2024-0182,Groupe Bouzid Digital,DEAL-003205,January 21 2024,2024-03-17,,pending,84000.0,,15960.0,99960.0,DT,,Invoice for Q2 maintenance contract. PO number: TT-2024-8821.,2024/06/19,0.0,,,2024-02-16,,True,775
INV-000583,JBM-2024-0183,STE Agrebi Solutions,DEAL-001136,2024/04/13,2024-06-04,2024-05-31,paid,203000.0,19,38570.0,241570.0,tnd,,Invoice for cybersecurity audit - Phase 1 completed.,2024/12/09,0.0,,19.0,2024-05-05,26,False,
INV-000585,JBM-2024-0185,Cabinet Turki Conseil,DEAL-006776,2024/11/29,2025-02-01,2025-01-27,paid,265000.0,19,50350.0,315350.0,TND,,,29/12/2024,0.0,,19.0,2025-01-02,25,False,
INV-000586,JBM-2024-0186,E.Sghaier,DEAL-003603,2024/02/16,2024-04-04,,pending,254700.0,19,48393.0,303093.0,TND,,Invoice for cybersecurity audit - Phase 1 completed.,2024-08-14,0.0,,19.0,2024-03-05,,True,757
INV-000587,JBM-2024-0187,Groupe Khalfallah Digital,,2024/07/08,2024-08-12,2024-08-27,paid,84900.0,19,16131.0,101031.0,DT,,,03-Jun-25,0.0,,19.0,2024-07-13,45,False,
INV-000588,JBM-2024-0188,STE Gharbi Consulting,,2024/12/04,2025-01-21,2025-01-21,paid,283200.0,19,53808.0,337008.0,TND,,Acompte 50% - Contrat annuel support applicatif.,2025-01-03,0.0,,19.0,2024-12-22,30,False,
INV-000589,JBM-2024-0189,Cabinet-Rekik-&-Associes,DEAL-001621,10-Mar-24,2024-04-30,2024-06-05,paid,194000.0,19,36860.0,230860.0,TND,,Facture solde - Developpement plateforme BI. Livraison finale acceptee.,10/03/2024,0.0,,19.0,2024-03-31,66,False,
INV-000590,JBM-2024-0190,Cabinet Agrebi Conseil,DEAL-005411,2024-11-21,2024-12-22,,pending,10500.0,0.19,1995.0,12495.0,TND,,Facture solde - Developpement plateforme BI. Livraison finale acceptee.,19-Jun-25,0.0,,0.19,2024-11-22,,True,495
INV-000591,JBM-2024-0191,Entreprise Chaeabane,DEAL-007439,10/06/2024,2024-07-28,,overdue,48300.0,19%,9177.0,57477.0,TND,,Frais de deplacement inclus. Voir detail en annexe.,27/08/2024,0.0,,19.0,2024-06-28,,True,642
INV-000592,JBM-2024-0192,Groupe Haddad Technologies,DEAL-003087,18-Apr-24,2024-05-30,2024-06-15,paid,29900.0,19%,5681.0,35581.0,EUR,,Contrat cadre 2025. Facture trimestrielle T2.,2024/07/17,0.0,,19.0,2024-04-30,46,False,
INV-001135,JBM-2024-0193,LA POSTE TUNISIENNE,,15-Jun-24,2024-07-21,2024-07-21,paid,268600.0,20,51034.0,319634.0,DT,,Facture solde - Developpement plateforme BI. Livraison finale acceptee.,2024-06-15,0.0,,20.0,2024-06-21,30,False,
INV-000595,JBM-2024-0195,STE Ben Romdhan@e Consulting,,December 02 2024,2025-10-01,2024-11-17,paid,286300.0,19 %,54397.0,340697.0,TND,,Regularisation facture N-1. Avoir emis en contrepartie.,July 30 2025,0.0,,19.0,2025-09-01,-288,False,
INV-000597,JBM-2024-0197,CNAM,DEAL-003842,2024-09-27,2024-11-25,2024-05-11,paid,229400.0,19,43586.0,272986.0,EUR,cash,Retenue de garantie 10% - Liberation apres recette definitive.,25-Oct-24,114929.4,158056.6,19.0,2024-10-26,-168,False,
INV-000598,JBM-2024-0198,Pharmacie Al Amal,DEAL-000837,2024-11-08,2024-12-25,2025-01-10,paid,284200.0,19%,53998.0,338198.0,TND,,Acompte 50% - Contrat annuel support applicatif.,2024/12/08,0.0,,19.0,2024-11-25,46,False,
INV-000599,JBM-2024-0199,Groupe Mansour Digital,DEAL-007088,2024-05-01,2024-06-17,2024-06-26,paid,167800.0,19,31882.0,199682.0,TND,Cash,Regularisation facture N-1. Avoir emis en contrepartie.,March 27 2025,0.0,,19.0,2024-05-18,39,False,
INV-000600,JBM-2024-0200,Bureau d'Etudes Bouzid SARL,DEAL-005096,12-Jul-24,2024-08-20,2024-09-08,paid,322966.0,19,61363.54,384329.54,TND,,Frais de deplacement inclus. Voir detail en annexe.,15/08/2024,0.0,,19.0,2024-07-21,49,False,
INV-000601,JBM-2024-0201,Delice Danone,DEAL-002116,January 02 2024,2024-06-02,2024-02-12,paid,205600.0,0.19,39064.0,244664.0,TND,,,2024/01/03,0.0,,0.19,2024-05-03,-81,False,
INV-000602,JBM-2024-0202,Fleuriste Au Jasmin,DEAL-007934,2024-04-23,2024-06-01,2024-12-07,cancelled,147500.0,19,28025.0,175525.0,tnd,,Acompte 50% - Contrat annuel support applicatif.,December 19 2024,0.0,,19.0,2024-05-02,,False,
INV-000603,JBM-2024-0203,STE Hamdi Consulting SARL,DEAL-002591,12/01/2024,2024-02-11,,pending,197000.0,19,37430.0,234430.0,TND,,Acompte 50% - Contrat annuel support applicatif.,2025-01-06,0.0,,19.0,2024-01-12,,True,810
INV-000604,JBM-2024-0204,Boulangerie Chez Faouzi,DEAL-004149,24/05/2024,2024-07-09,2024-08-17,paid,186900.0,19,35511.0,222411.0,TND,,Facture 1/3 - Projet migration cloud STEG. Tranche initiale 30%.,22/08/2024,0.0,,19.0,2024-06-09,69,False,
INV-000605,JBM-2024-0205,STE Laabidi Consulting,,2024/05/14,2024-06-18,,cancelled,156600.0,15,29754.0,186354.0,DT,,Invoice for cybersecurity audit - Phase 1 completed.,2024-05-14,0.0,,15.0,2024-05-19,,False,
INV-000606,JBM-2024-0206,Studio Photo Memories,,03-Apr-24,2024-05-16,,pending,9200.0,19,1748.0,10948.0,tnd,,,2024-04-03,0.0,,19.0,2024-04-16,,True,715
INV-000607,JBM-2024-0207,Groupe Khalfallah Digital SARL,DEAL-005504,2024/08/14,2024-10-02,2024-10-13,paid,295100.0,19,56069.0,351169.0,DT,,Avoir suite annulation partielle du projet.,April 11 2025,0.0,,19.0,2024-09-02,41,False,
INV-000608,JBM-2024-0208,Cabinet Comptable Slim,DEAL-002908,October 07 2024,2024-05-12,,pending,27200.0,19,5168.0,32368.0,TND,,Invoice for Q2 maintenance contract. PO number: TT-2024-8821.,05-Dec-24,0.0,,19.0,2024-04-12,,True,719
INV-000609,JBM-2024-0209,Bijouterie Sfaxienne,,2024/02/24,2024-04-04,2024-05-14,paid,61600.0,20,11704.0,73304.0,TND,,Invoice for Q2 maintenance contract. PO number: TT-2024-8821.,24-Feb-24,0.0,,20.0,2024-03-05,70,False,
INV-000610,JBM-2024-0210,La Poste Tunisienne,DEAL-005205,2024-08-01,2024-09-02,2024-09-03,paid,272400.0,19 %,51756.0,324156.0,TND,,Invoice for cybersecurity audit - Phase 1 completed.,March 29 2025,0.0,,19.0,2024-08-03,31,False,
INV-000611,JBM-2024-0211,STE Laabidi Consulting,DEAL-007416,11-Jan-24,2024-02-14,2024-03-06,paid,78000.0,15,14820.0,92820.0,,especes,,June 09 2024,0.0,,15.0,2024-01-15,51,False,
INV-000612,JBM-2024-0212,Centre de Formation Avenir SUARL,DEAL-000724,17/02/2024,2024-04-05,2024-05-14,paid,70567.0,19,13407.73,83974.73,tnd,,,13-Nov-24,0.0,,19.0,2024-03-06,69,False,
INV-000613,JBM-2024-0213,STE Oueslati & Fils,DEAL-006900,2024-08-06,2024-09-15,2024-09-21,paid,65200.0,,12388.0,77588.0,,,Contrat cadre 2025. Facture trimestrielle T2.,2024/11/04,0.0,,,2024-08-16,36,False,
INV-000614,JBM-2024-0214,Groupe Hamouda Digital,DEAL-001061,2024-10-07,2024-11-10,2024-11-27,paid,85100.0,19 %,16169.0,101269.0,TND,Cash,Acompte 50% - Contrat annuel support applicatif.,04-Jul-25,0.0,,19.0,2024-10-11,47,False,
INV-000615,JBM-2024-0215,Delice Danone,DEAL-006733,29/10/2024,2024-12-12,2024-12-08,paid,280700.0,19%,53333.0,334033.0,DT,,Invoice for Q2 maintenance contract. PO number: TT-2024-8821.,2024-12-28,0.0,,19.0,2024-11-12,26,False,
INV-000616,JBM-2024-0216,Fleuriste Au Jasmin,DEAL-007445,2024/10/07,2024-11-10,,pending,110100.0,19 %,20919.0,131019.0,DT,,,2024/10/08,0.0,,19.0,2024-10-11,,True,537
INV-000617,JBM-2024-0217,Topnet,DEAL-003967,20-Jun-24,2024-06-08,,pending,229700.0,19,43643.0,273343.0,EUR,,Facture mensuelle maintenance.,2024-07-20,0.0,,19.0,2024-05-09,,True,692
INV-000618,JBM-2024-0218,Groupe Agrebi Technologies SUARL,DEAL-003865,2024-04-02,2024-03-25,2024-05-18,paid,69600.0,,13224.0,82824.0,EUR,,Facture 1/3 - Projet migration cloud STEG. Tranche initiale 30%.,2024/07/31,0.0,,,2024-02-24,84,False,
INV-000619,JBM-2024-0219,Fleuriste Au Jasmin,,2024/11/27,2025-01-24,2025-02-13,paid,205394.0,19,39024.86,244418.86,DT,,,2024/12/27,0.0,,19.0,2024-12-25,50,False,
INV-000620,JBM-2024-0220,Agence Immobiliere Sfax Centre,DEAL-004508,29/04/2024,2024-06-13,2024-07-23,paid,219200.0,19%,41648.0,260848.0,EUR,,Facture mensuelle maintenance.,2024/12/25,0.0,,19.0,2024-05-14,70,False,
INV-000621,JBM-2024-0221,Groupe Agrebi Technologies,,2024-10-09,2024-11-14,2024-12-04,paid,275800.0,19,52402.0,328202.0,TND,Especes,Facture solde - Developpement plateforme BI. Livraison finale acceptee.,04-Dec-24,194128.01,0,19.0,2024-10-15,50,False,
INV-000622,JBM-2024-0222,Cabinet Comptable Slim,DEAL-006456,12-Mar-24,2024-04-17,2024-06-07,paid,72400.0,19,13756.0,86156.0,tnd,,Facture solde - Developpement plateforme BI. Livraison finale acceptee.,08/10/2024,0.0,,19.0,2024-03-18,81,False,
INV-000623,JBM-2024-0223,Bureau d'Etudes Oueslati,DEAL-006374,2024/05/18,2024-07-08,,cancelled,261500.0,19%,49685.0,311185.0,tnd,cheque,Frais de deplacement inclus. Voir detail en annexe.,2024-06-02,0.0,,19.0,2024-06-08,,False,
INV-000624,JBM-2024-0224,STE Laabidi Consulting,DEAL-001153,2024-03-22,2024-05-19,2024-05-17,paid,84100.0,19%,15979.0,100079.0,tnd,,Facture 1/3 - Projet migration cloud STEG. Tranche initiale 30%.,2024/11/17,0.0,,19.0,2024-04-19,28,False,
INV-000625,JBM-2024-0225,Bureau d'Etudes Oueslati,DEAL-001270,17-Sep-24,2024-10-24,,pending,44200.0,19,8398.0,52598.0,TND,,,17/10/2024,0.0,,19.0,2024-09-24,,True,554
INV-000626,JBM-2024-0226,Centre Medical Bouzid,DEAL-004759,2024-01-28,2024-12-03,,overdue,146700.0,19,27873.0,174573.0,TND,,,25/08/2024,0.0,,19.0,2024-11-03,,True,514
INV-000627,JBM-2024-0227,STE Ben Romdhane Consulting,DEAL-006809,2024-01-10,2024-10-03,2024-02-29,paid,254000.0,19,48260.0,302260.0,TND,,Retenue de garantie 10% - Liberation apres recette definitive.,13-Jan-24,0.0,,19.0,2024-09-03,-187,False,
INV-000628,JBM-2024-0228,Garage Mecanique Toumi,,2024-09-20,2024-11-10,,pending,71100.0,19%,13509.0,84609.0,TND,,Facture 1/3 - Projet migration cloud STEG. Tranche initiale 30%.,21-Sep-24,0.0,,19.0,2024-10-11,,True,537
INV-000629,JBM-2024-0229,S.Hamdi Consulting,DEAL-003934,2024/12/02,2025-01-25,2025-01-17,paid,130600.0,0.19,24814.0,155414.0,DT,,,2025/09/28,0.0,,0.19,2024-12-26,22,False,
INV-000630,JBM-2024-0230,Entreprise Sghaier,,2024/10/24,2024-12-23,2024-12-20,paid,256100.0,19 %,48659.0,304759.0,TND,virement,Acompte 50% - Contrat annuel support applicatif.,20-Dec-24,125633.76,0,19.0,2024-11-23,27,False,
INV-000631,JBM-2024-0231,Bureau d'Etudes Oueslati,DEAL-004299,25-Apr-24,2024-05-27,2024-06-15,paid,88800.0,15,16872.0,105672.0,TND,,,May 25 2024,0.0,,15.0,2024-04-27,49,False,
INV-000632,JBM-2024-0232,Tunisair,DEAL-002765,September 07 2024,2024-10-13,2024-07-10,paid,25200.0,19 %,4788.0,29988.0,TND,,Facture mensuelle maintenance.,05/04/2025,0.0,,19.0,2024-09-13,-65,False,
INV-000634,JBM-2024-0234,Librairie Al Manar,DEAL-004802,2024/02/06,2024-03-28,,pending,286400.0,19 %,54416.0,340816.0,EUR,,Invoice for Q2 maintenance contract. PO number: TT-2024-8821.,07/03/2024,0.0,,19.0,2024-02-27,,True,764
INV-000635,JBM-2024-0235,Tunisie Telecom,DEAL-000307,2024-11-15,2024-12-26,2024-12-28,paid,119200.0,19,22648.0,141848.0,TND,,,2025/01/14,0.0,,19.0,2024-11-26,32,False,
INV-000636,JBM-2024-0236,Centre Medical Bouzid,DEAL-007278,2024/09/15,2024-11-08,2024-11-25,paid,25100.0,19,4769.0,29869.0,TND,especes,Facture mensuelle maintenance.,2024/11/25,12386.91,0,19.0,2024-10-09,47,False,
INV-000638,JBM-2024-0238,Bureau d'Etudes Oueslati,,13-Nov-24,2025-01-10,,paid,171400.0,19,32566.0,203966.0,DT,,Frais de deplacement inclus. Voir detail en annexe.,February 11 2025,0.0,,19.0,2024-12-11,,False,
INV-000639,JBM-2024-0239,STE Agrebi Solutions,DEAL-002006,2024/10/19,2024-11-22,,pending,238300.0,19 %,45277.0,283577.0,DT,,Regularisation facture N-1. Avoir emis en contrepartie.,October 22 2024,0.0,,19.0,2024-10-23,,True,525
INV-000640,JBM-2024-0240,Delice Danone,DEAL-005983,02-Apr-24,2024-05-12,2024-05-11,paid,112400.0,19,21356.0,133756.0,EUR,,Retenue de garantie 10% - Liberation apres recette definitive.,2024/07/01,0.0,,19.0,2024-04-12,29,False,
INV-000642,JBM-2024-0242,Centre Medical Bouzid,,February 08 2024,2024-03-27,,paid,191800.0,19,36442.0,228242.0,EUR,,Facture solde - Developpement plateforme BI. Livraison finale acceptee.,2024/03/22,0.0,,19.0,2024-02-26,,False,
INV-000643,JBM-2024-0243,Ministere des Finances,,15-Jun-24,2024-08-13,2024-07-25,paid,30700.0,,5833.0,36533.0,DT,,Retenue de garantie 10% - Liberation apres recette definitive.,2025-01-11,0.0,,,2024-07-14,11,False,
INV-000644,JBM-2024-0244,Entreprise Sghaier,DEAL-002616,27-May-24,2024-06-07,2024-07-20,paid,168200.0,19,31958.0,200158.0,tnd,,Retenue de garantie 10% - Liberation apres recette definitive.,February 21 2025,0.0,,19.0,2024-05-08,73,False,
INV-000645,JBM-2024-0245,Entreprise Hamouda,DEAL-006422,2024/01/25,2024-02-25,,paid,102100.0,0.19,19399.0,121499.0,TND,,,2024-03-25,0.0,,0.19,2024-01-26,,False,
INV-000646,JBM-2024-0246,STE Hamdi Consulting,DEAL-004761,2024/12/19,2025-12-02,2025-02-09,paid,253200.0,19%,48108.0,301308.0,EUR,,Avoir suite annulation partielle du projet.,15-Oct-25,0.0,,19.0,2025-11-02,-266,False,
INV-000648,JBM-2024-0248,Groupe Hamdi Digital,,May 11 2024,2024-06-21,2024-01-07,paid,127700.0,19%,24263.0,151963.0,,,Regularisation facture N-1. Avoir emis en contrepartie.,2025-05-06,0.0,,19.0,2024-05-22,-136,False,
INV-000649,JBM-2024-0249,CNAM,DEAL-002909,June 22 2024,2024-08-03,2024-07-23,paid,125400.0,19,23826.0,149226.0,EUR,,Facture solde - Developpement plateforme BI. Livraison finale acceptee.,2025/03/19,0.0,,19.0,2024-07-04,19,False,
INV-000650,JBM-2024-0250,STE Belhadj Consulting,DEAL-006498,December 12 2024,2025-01-17,,paid,277200.0,19,52668.0,329868.0,TND,,Regularisation facture N-1. Avoir emis en contrepartie.,2025-03-12,0.0,,19.0,2024-12-18,,False,
INV-000651,JBM-2024-0251,Cabinet Agrebi Conseil,DEAL-005506,2024/01/30,2024-03-11,2024-03-24,paid,14800.0,19,2812.0,17612.0,DT,,Avoir suite annulation partielle du projet.,26/09/2024,0.0,,19.0,2024-02-10,43,False,
INV-000652,JBM-2024-0252,BIAT,DEAL-007171,28-Mar-24,2024-11-05,2024-04-28,paid,152200.0,0.19,28918.0,181118.0,EUR,,Frais de deplacement inclus. Voir detail en annexe.,2024/06/26,0.0,,0.19,2024-10-06,-161,False,
INV-000654,JBM-2024-0254,Entreprise Sghaier,DEAL-002992,December 31 2024,2025-02-08,2025-02-20,paid,228800.0,0.19,43472.0,272272.0,tnd,,,2025/01/30,0.0,,0.19,2025-01-09,42,False,
INV-000655,JBM-2024-0255,Bureau d'Etudes Ben Salah,DEAL-003252,2024-06-11,2024-07-25,,paid,125500.0,19,23845.0,149345.0,tnd,,Avoir suite annulation partielle du projet.,July 11 2024,0.0,,19.0,2024-06-25,,False,
INV-000656,JBM-2024-0256,Groupe Ferchiou Digital,,25-Nov-24,2025-01-17,2025-01-10,paid,146900.0,19,27911.0,174811.0,TND,,Facture 1/3 - Projet migration cloud STEG. Tranche initiale 30%.,June 23 2025,0.0,,19.0,2024-12-18,23,False,
INV-000657,JBM-2024-0257,STE Jlassi Consulting,,2024-05-05,2024-05-03,2024-06-23,paid,164400.0,19,31236.0,195636.0,TND,,,August 03 2024,0.0,,19.0,2024-04-03,81,False,
INV-000665,JBM-2024-0258,Cabinet Comptable Slim,DEAL-000110,31/10/2024,2024-12-10,2025-01-21,paid,189800.0,19 %,36062.0,225862.0,TND,Bank Transfer,Regularisation facture N-1. Avoir emis en contrepartie.,January 21 2025,225862.0,0,19.0,2024-11-10,72,False,
INV-000659,JBM-2024-0259,Librairie Al Manar,DEAL-000749,13/03/2024,2024-04-23,,cancelled,198611.0,19%,37736.09,236347.09,TND,,Acompte 50% - Contrat annuel support applicatif.,April 12 2024,0.0,,19.0,2024-03-24,,False,
INV-000660,JBM-2024-0260,Magasin Mabrouk Electronique,DEAL-002008,January 12 2024,2024-02-15,2024-03-24,paid,122300.0,19,23237.0,145537.0,EUR,,Invoice for cybersecurity audit - Phase 1 completed.,March 24 2024,86583.99,0,19.0,2024-01-16,68,False,
INV-000661,JBM-2024-0261,Agence Immobiliere Sfax Centre,,2024-03-30,2024-11-05,2024-03-06,paid,16400.0,19,3116.0,19516.0,EUR,,,2024/09/26,0.0,,19.0,2024-10-06,-214,False,
INV-000662,JBM-2024-0262,C.Rekik & Associes,,April 23 2024,2024-05-23,2024-12-06,paid,260400.0,19,49476.0,309876.0,EUR,,Facture solde - Developpement plateforme BI. Livraison finale acceptee.,18-Jan-25,0.0,,19.0,2024-04-23,227,False,
INV-000663,JBM-2024-0263,STE Hamdi Consulting,DEAL-005450,10-Jan-24,2024-02-29,2024-02-03,paid,136000.0,19,25840.0,161840.0,TND,,Acompte 50% - Contrat annuel support applicatif.,2024/06/08,0.0,,19.0,2024-01-30,4,False,
INV-000664,JBM-2024-0264,STE KHALFALLAH & FILS,DEAL-003106,18/05/2024,2024-07-16,2024-12-07,paid,60200.0,19%,11438.0,71638.0,tnd,,Invoice for Q2 maintenance contract. PO number: TT-2024-8821.,2024/10/15,0.0,,19.0,2024-06-16,174,False,
INV-000666,JBM-2024-0266,STE Ben Salah & Fils,DEAL-005210,2024-02-22,2024-03-26,,cancelled,186700.0,0.19,35473.0,222173.0,EUR,,,2024-03-08,0.0,,0.19,2024-02-25,,False,
INV-000667,JBM-2024-0267,Ooredoo Tunisie,DEAL-003332,15-Mar-24,2024-04-28,2024-04-18,paid,213900.0,19,40641.0,254541.0,TND,,Retenue de garantie 10% - Liberation apres recette definitive.,15-Mar-24,0.0,,19.0,2024-03-29,20,False,
INV-000668,JBM-2024-0268,Orange Tunisie,DEAL-003450,29-Jun-24,2024-08-22,2024-08-04,paid,264900.0,19,50331.0,315231.0,tnd,,Frais de deplacement inclus. Voir detail en annexe.,2024-12-26,0.0,,19.0,2024-07-23,12,False,
INV-000669,JBM-2024-0269,STE Ben Salah Consulting,DEAL-007268,16/03/2024,2024-05-15,2024-03-12,paid,234549.0,19 %,44564.31,279113.31,EUR,Bank Transfer,Retenue de garantie 10% - Liberation apres recette definitive.,13/08/2024,0.0,,19.0,2024-04-15,-34,False,
INV-000670,JBM-2024-0270,Bureau d'Etudes Ben Salah,,July 05 2024,2024-08-14,2024-08-25,paid,98600.0,19,18734.0,117334.0,TND,,Invoice for Q2 maintenance contract. PO number: TT-2024-8821.,July 05 2024,0.0,,19.0,2024-07-15,41,False,
INV-000671,JBM-2024-0271,Poulina Group,,2024/06/29,2024-08-12,2024-04-08,paid,17200.0,19%,3268.0,20468.0,tnd,,,25/05/2025,0.0,,19.0,2024-07-13,-96,False,
INV-000672,JBM-2024-0272,Garage Mecanique Toumi,DEAL-007664,07-Apr-24,2024-10-05,,paid,47000.0,19%,8930.0,55930.0,TND,,Retenue de garantie 10% - Liberation apres recette definitive.,07/05/2024,0.0,,19.0,2024-09-05,,False,
INV-000673,JBM-2024-0273,CyberPark Elghazala,DEAL-001418,13/12/2024,2025-01-31,2025-01-13,paid,225600.0,19,42864.0,268464.0,EUR,,Contrat cadre 2025. Facture trimestrielle T2.,2024/12/13,0.0,,19.0,2025-01-01,12,False,
INV-000674,JBM-2024-0274,UIB SUARL,DEAL-003541,18/10/2024,2024-11-25,2024-11-18,paid,119900.0,19 %,22781.0,142681.0,TND,,Retenue de garantie 10% - Liberation apres recette definitive.,2025-01-16,0.0,,19.0,2024-10-26,23,False,
INV-000675,JBM-2024-0275,STE Khalfallah & Fils,,2024-07-13,2024-08-14,2024-11-09,paid,76600.0,19,14554.0,91154.0,EUR,,Invoice for cybersecurity audit - Phase 1 completed.,August 12 2024,0.0,,19.0,2024-07-15,117,False,
INV-000676,JBM-2024-0276,Groupe Hamdi Digital,,2024-06-02,2024-07-18,2024-07-26,paid,50500.0,19 %,9595.0,60095.0,TND,,Retenue de garantie 10% - Liberation apres recette definitive.,05/06/2024,0.0,,19.0,2024-06-18,38,False,
INV-000677,JBM-2024-0277,Bijouterie Sfaxienne,DEAL-004469,27-Apr-24,2024-06-17,2024-06-29,paid,210749.0,0.19,40042.31,250791.31,TND,,Facture 1/3 - Projet migration cloud STEG. Tranche initiale 30%.,27-May-24,0.0,,0.19,2024-05-18,42,False,
INV-000678,JBM-2024-0278,STE Agrebi Solutions,DEAL-003590,2024-08-28,2024-10-24,2024-10-24,paid,253800.0,19,48222.0,302022.0,TND,,Invoice for Q2 maintenance contract. PO number: TT-2024-8821.,26-Dec-24,0.0,,19.0,2024-09-24,30,False,
INV-000679,JBM-2024-0279,STE Zouari Consulting,DEAL-001657,30/05/2024,2024-07-01,2024-07-18,paid,286600.0,19%,54454.0,341054.0,EUR,,,September 27 2024,0.0,,19.0,2024-06-01,47,False,
INV-000680,JBM-2024-0280,Groupe Zouari Digital,DEAL-004797,2024/06/06,2024-07-24,2024-07-23,paid,110600.0,0.19,21014.0,131614.0,TND,,,01/02/2025,0.0,,0.19,2024-06-24,29,False,
INV-000682,JBM-2024-0282,Banque de Tunisie,DEAL-004549,2024/05/13,2024-07-12,2024-06-23,paid,206200.0,19,39178.0,245378.0,DT,cheque,Retenue de garantie 10% - Liberation apres recette definitive.,13-May-24,0.0,,19.0,2024-06-12,11,False,
INV-000683,JBM-2024-0283,GlobalNet,DEAL-003444,26-Jan-24,2024-03-17,2024-02-29,paid,37700.0,19,7163.0,44863.0,DT,,Avoir suite annulation partielle du projet.,28/01/2024,0.0,,19.0,2024-02-16,13,False,
INV-000684,JBM-2024-0284,Studio Photo Memories,DEAL-003147,27-Aug-24,2024-09-27,2024-10-29,paid,131800.0,0.19,25042.0,156842.0,TND,virement,,August 27 2024,0.0,,0.19,2024-08-28,62,False,
INV-000685,JBM-2024-0285,AUTO-ECOLE NEJIB,DEAL-003106,07-May-24,2024-06-07,,pending,,0.19,,,TND,,Frais de deplacement inclus. Voir detail en annexe.,October 04 2024,0.0,,0.19,2024-05-08,,True,693
INV-000686,JBM-2024-0286,Groupe Hamouda Digital,DEAL-002241,2024/11/30,2025-01-27,2025-01-18,paid,60600.0,0.19,11514.0,72114.0,TND,,Facture solde - Developpement plateforme BI. Livraison finale acceptee.,2025-05-29,0.0,,0.19,2024-12-28,21,False,
INV-000687,JBM-2024-0287,Societe Haddad Import Export,,05/01/2024,2024-02-29,2024-03-27,paid,72700.0,0.19,13813.0,86513.0,tnd,,Facture solde - Developpement plateforme BI. Livraison finale acceptee.,August 02 2024,0.0,,0.19,2024-01-30,57,False,
INV-000688,JBM-2024-0288,STE Ben Salah Consulting,,05-Sep-24,2024-11-02,2024-10-31,paid,137000.0,19,26030.0,163030.0,tnd,,,2025/03/04,0.0,,19.0,2024-10-03,28,False,
INV-000689,JBM-2024-0289,STE Mejri Informatique,DEAL-002472,24-Nov-24,2025-01-16,2025-01-14,paid,88600.0,19,16834.0,105434.0,EUR,,Frais de deplacement inclus. Voir detail en annexe.,25/11/2024,0.0,,19.0,2024-12-17,28,False,
INV-000690,JBM-2024-0290,Delice-Danone,,August 18 2024,2024-01-10,2024-10-01,cancelled,76900.0,19,14611.0,91511.0,EUR,,Regularisation facture N-1. Avoir emis en contrepartie.,2024/11/16,0.0,,19.0,2023-12-11,,False,
INV-000691,JBM-2024-0291,Hexabyte,,2024-07-05,2024-08-15,2024-08-18,paid,176400.0,19,33516.0,209916.0,TND,,Frais de deplacement inclus. Voir detail en annexe.,December 02 2024,0.0,,19.0,2024-07-16,33,False,
INV-000692,JBM-2024-0292,STE Jlassi Consulting,DEAL-002555,29-May-24,2024-07-28,2024-07-15,paid,36500.0,0.19,6935.0,43435.0,TND,bank transfer,Invoice for Q2 maintenance contract. PO number: TT-2024-8821.,2025-04-24,0.0,,0.19,2024-06-28,17,False,
INV-000694,JBM-2024-0294,Groupe Zouari Digital,DEAL-006706,April 01 2024,2024-05-28,,pending,106600.0,0.19,20254.0,126854.0,DT,,Facture 1/3 - Projet migration cloud STEG. Tranche initiale 30%.,27-Dec-24,0.0,,0.19,2024-04-28,,True,703
INV-000695,JBM-2024-0295,UIB,,24-Oct-24,2024-11-12,2024-04-12,paid,279100.0,19,53029.0,332129.0,TND,,,December 23 2024,0.0,,19.0,2024-10-13,-184,False,
INV-000696,JBM-2024-0296,Restaurant Le Mediterranee,DEAL-007179,2024-11-06,2024-10-12,2025-01-13,paid,91600.0,15,17404.0,109004.0,TND,,,June 04 2025,0.0,,15.0,2024-09-12,123,False,
INV-000697,JBM-2024-0297,Banque de Tunisie,DEAL-004645,2024/01/23,2024-03-13,2024-01-03,paid,148100.0,19,28139.0,176239.0,EUR,,Invoice for cybersecurity audit - Phase 1 completed.,January 26 2024,0.0,,19.0,2024-02-12,-40,False,
INV-000698,JBM-2024-0298,Groupe Hamouda Digital,DEAL-003659,2024/12/13,2025-06-02,2025-02-06,paid,296400.0,19,56316.0,352716.0,DT,,Retenue de garantie 10% - Liberation apres recette definitive.,March 13 2025,0.0,,19.0,2025-05-03,-86,False,
INV-000699,JBM-2024-0299,Boulangerie Chez Faouzi,DEAL-004086,2024/08/20,2024-10-01,2024-10-31,paid,238600.0,,45334.0,283934.0,DT,,Facture solde - Developpement plateforme BI. Livraison finale acceptee.,April 17 2025,0.0,,,2024-09-01,60,False,
INV-000700,JBM-2024-0300,Groupe Ferchiou Digital,,11/06/2024,2024-07-25,2024-07-26,cancelled,93600.0,19 %,17784.0,111384.0,TND,,,07/01/2025,0.0,,19.0,2024-06-25,,False,
INV-000701,JBM-2024-0301,Entreprise Sghaier,DEAL-006591,2024-02-18,2024-02-03,,pending,220900.0,19,41971.0,262871.0,TND,,,2025/02/12,0.0,,19.0,2024-01-04,,True,818
INV-000702,JBM-2024-0302,Librairie Al Manar,,17/07/2024,2024-08-19,2024-06-10,paid,294200.0,19,55898.0,350098.0,DT,,Frais de deplacement inclus. Voir detail en annexe.,12/06/2025,0.0,,19.0,2024-07-20,-40,False,
INV-000703,JBM-2024-0303,STE Jlassi Consulting,,January 01 2024,2024-02-02,2023-12-24,paid,10800.0,19,2052.0,12852.0,TND,Check,,02/01/2024,0.0,,19.0,2024-01-03,-10,False,
INV-000704,JBM-2024-0304,STE Ben Romdhane Consulting SARL,DEAL-004129,2024-05-28,2024-08-07,2024-07-22,paid,296400.0,19%,56316.0,352716.0,,,Frais de deplacement inclus. Voir detail en annexe.,2025/03/24,0.0,,19.0,2024-07-08,14,False,
INV-000705,JBM-2024-0305,Clinique Dentaire Dr Mrad,,18/03/2024,2024-03-15,2024-06-11,paid,223200.0,19,42408.0,265608.0,TND,,Frais de deplacement inclus. Voir detail en annexe.,December 13 2024,0.0,,19.0,2024-02-14,118,False,
INV-000706,JBM-2024-0306,Auto-Ecole Nejib,DEAL-006348,September 22 2024,2024-05-11,,overdue,57200.0,19,10868.0,68068.0,EUR,,,16/11/2025,0.0,,19.0,2024-04-11,,True,720
INV-000707,JBM-2024-0307,Centre Medical Bouzid,,2024/06/17,2024-07-23,2024-08-29,paid,,19,,,TND,,Facture solde - Developpement plateforme BI. Livraison finale acceptee.,12-Feb-25,0.0,,19.0,2024-06-23,67,False,
INV-000709,JBM-2024-0309,Agence Immob@iliere Sfax Centre,DEAL-002826,May 28 2024,2024-07-25,,overdue,352359.0,19,66948.21,419307.21,TND,,Facture mensuelle maintenance.,09/08/2024,0.0,,19.0,2024-06-25,,True,645
INV-000710,JBM-2024-0310,Delice Danone,DEAL-000016,2024-12-19,2025-02-06,,pending,80700.0,0.19,15333.0,96033.0,TND,,Frais de deplacement inclus. Voir detail en annexe.,15-Oct-25,0.0,,0.19,2025-01-07,,True,449
INV-000711,JBM-2024-0311,STE Ferchiou Informatique,,01-Dec-24,2024-12-31,2025-01-16,paid,26200.0,19 %,4978.0,31178.0,EUR,,,03-Dec-24,0.0,,19.0,2024-12-01,46,False,
INV-000712,JBM-2024-0312,GlobalNet,,2024/02/25,2024-04-19,,paid,83200.0,19,15808.0,99008.0,TND,,Facture solde - Developpement plateforme BI. Livraison finale acceptee.,25-Apr-24,0.0,,19.0,2024-03-20,,False,
INV-000713,JBM-2024-0313,Caboinet Rekik & Associes,DEAL-003102,2024/01/17,2024-02-23,2024-01-01,paid,296800.0,19,56392.0,353192.0,TND,,Acompte 50% - Contrat annuel support applicatif.,2024/02/18,0.0,,19.0,2024-01-24,-23,False,
INV-000714,JBM-2024-0314,STE Ben Salah Consulting,DEAL-007912,07/12/2024,2025-01-18,2025-03-02,paid,249600.0,19,47424.0,297024.0,DT,,Contrat cadre 2025. Facture trimestrielle T2.,05-Jun-25,0.0,,19.0,2024-12-19,73,False,
INV-000715,JBM-2024-0315,UIB,DEAL-004846,June 19 2024,2024-08-15,2024-07-29,paid,205400.0,19%,39026.0,244426.0,EUR,,Retenue de garantie 10% - Liberation apres recette definitive.,2024/08/18,0.0,,19.0,2024-07-16,13,False,
INV-000716,JBM-2024-0316,STE Bouzid Consulting,DEAL-007461,2024-08-06,2024-09-18,2024-09-26,paid,164600.0,15,31274.0,195874.0,TND,,Retenue de garantie 10% - Liberation apres recette definitive.,December 04 2024,0.0,,15.0,2024-08-19,38,False,
INV-000717,JBM-2024-0317,La Poste Tunisienne,DEAL-004474,01/06/2024,2024-07-20,2024-07-16,paid,288600.0,19,54834.0,343434.0,TND,,Facture mensuelle maintenance.,2024-10-29,0.0,,19.0,2024-06-20,26,False,
INV-000718,JBM-2024-0318,CNSS,DEAL-001605,25-Dec-24,2025-02-19,2025-06-02,paid,273800.0,19,52022.0,325822.0,DT,,Facture solde - Developpement plateforme BI. Livraison finale acceptee.,October 21 2025,0.0,,19.0,2025-01-20,133,False,
INV-000900,JBM-2024-0319,Centre de Formation Avenir,DEAL-000385,2024-02-20,2024-03-26,,paid,20500.0,19,3895.0,24395.0,TND,,,17/10/2024,0.0,,19.0,2024-02-25,,False,
INV-000720,JBM-2024-0320,Magasin Mabrouk Electronique,DEAL-003595,21-Jan-24,2024-03-11,2024-04-13,paid,297400.0,0,56506.0,353906.0,DT,Virement bancaire,,2024-03-21,0.0,,0.0,2024-02-10,63,False,
INV-000721,JBM-2024-0321,STE Mejri Informatique SUARL,DEAL-003786,12/05/2024,2024-06-19,2024-07-04,paid,20500.0,0,3895.0,24395.0,TND,,Facture 1/3 - Projet migration cloud STEG. Tranche initiale 30%.,May 07 2025,0.0,,0.0,2024-05-20,45,False,
INV-000722,JBM-2024-0322,Groupe Mansour Digital,,July 12 2024,2024-09-04,2024-09-04,paid,90200.0,19,17138.0,107338.0,DT,,Facture mensuelle maintenance.,2024-07-13,0.0,,19.0,2024-08-05,30,False,
INV-000723,JBM-2024-0323,Banque de Tunisie,,12/05/2024,2024-01-07,2024-06-26,cancelled,39400.0,19,7486.0,46886.0,DT,,Retenue de garantie 10% - Liberation apres recette definitive.,2024-11-08,0.0,,19.0,2023-12-08,,False,
INV-000724,JBM-2024-0324,cyberpark elghazala,DEAL-003708,2024/10/07,2024-11-10,2024-11-20,paid,277000.0,19,52630.0,329630.0,TND,,Acompte 50% - Contrat annuel support applicatif.,2024-11-06,0.0,,19.0,2024-10-11,40,False,
INV-000725,JBM-2024-0325,STEG,DEAL-004124,2024/01/25,2024-03-16,2024-03-03,paid,291800.0,19,55442.0,347242.0,TND,,Contrat cadre 2025. Facture trimestrielle T2.,26-Jan-24,0.0,,19.0,2024-02-15,17,False,
INV-000726,JBM-2024-0326,Restaurant Le Mediterranee,DEAL-006774,09-May-24,2024-06-10,2024-05-08,paid,111500.0,19,21185.0,132685.0,TND,,,06-Sep-24,0.0,,19.0,2024-05-11,-3,False,
INV-000727,JBM-2024-0327,STE Ben Salah Consulting,,August 18 2024,2024-10-01,2024-10-15,paid,14300.0,0.19,2717.0,17017.0,tnd,,Frais de deplacement inclus. Voir detail en annexe.,15-May-25,0.0,,0.19,2024-09-01,44,False,
INV-000728,JBM-2024-0328,Bureau d'Etudes Laabidi,DEAL-003417,2024-06-10,2024-07-18,2024-08-06,paid,250600.0,19,47614.0,298214.0,DT,Cheque,Acompte 50% - Contrat annuel support applicatif.,06/08/2024,298214.0,0,19.0,2024-06-18,49,False,
INV-000729,JBM-2024-0329,G.Ferchiou Digital,DEAL-004386,February 11 2024,2024-03-19,2024-04-08,paid,101600.0,19,19304.0,120904.0,tnd,,Regularisation facture N-1. Avoir emis en contrepartie.,08/09/2024,0.0,,19.0,2024-02-18,50,False,
INV-000730,JBM-2024-0330,CyberPark Elghazala,DEAL-002783,2024/01/24,2024-07-03,2024-05-03,paid,14800.0,19,2812.0,17612.0,tnd,,Facture mensuelle maintenance.,23-Feb-24,0.0,,19.0,2024-06-03,-31,False,
INV-000731,JBM-2024-0331,Groupe Mansour Digital,DEAL-005665,18-Jun-24,2024-08-17,2024-08-14,paid,155600.0,19,29564.0,185164.0,TND,,Invoice for cybersecurity audit - Phase 1 completed.,October 16 2024,0.0,,19.0,2024-07-18,27,False,
INV-000732,JBM-2024-0332,STE Ben Romdhane Consulting,,2024/11/21,2024-12-28,2025-01-17,paid,172300.0,0.19,32737.0,205037.0,DT,,Facture solde - Developpement plateforme BI. Livraison finale acceptee.,2025/02/19,0.0,,0.19,2024-11-28,50,False,
INV-000733,JBM-2024-0333,STE-Khalfallah-Consulting,DEAL-001321,2024-10-06,2024-09-11,,cancelled,67900.0,19,12901.0,80801.0,,Especes,,09-Oct-24,0.0,,19.0,2024-08-12,,False,
INV-000734,JBM-2024-0334,Centre de Formation Avenir,DEAL-005450,15/03/2024,2024-04-19,,paid,96300.0,19,18297.0,114597.0,TND,,Facture solde - Developpement plateforme BI. Livraison finale acceptee.,2025/01/09,0.0,,19.0,2024-03-20,,False,
INV-000735,JBM-2024-0335,Bureau d'Etudes Ben Salah,DEAL-006899,29/05/2024,2024-07-21,2024-07-25,paid,94800.0,19,18012.0,112812.0,TND,,Facture mensuelle maintenance.,23-Feb-25,0.0,,19.0,2024-06-21,34,False,
INV-000736,JBM-2024-0336,UIB SA,DEAL-002870,05-Jun-24,2024-07-19,2024-07-09,paid,180900.0,19,34371.0,215271.0,TND,,Facture mensuelle maintenance.,2025/01/31,0.0,,19.0,2024-06-19,20,False,
INV-000737,JBM-2024-0337,CNAM,DEAL-002552,15-Oct-24,2024-10-14,2024-11-21,paid,285600.0,19%,54264.0,339864.0,TND,,,12-Feb-25,0.0,,19.0,2024-09-14,68,False,
INV-000738,JBM-2024-0338,Groupe Hamdi Digital,DEAL-003506,04/05/2024,2024-06-06,2024-06-26,paid,184800.0,19%,35112.0,219912.0,tnd,,,03/07/2024,0.0,,19.0,2024-05-07,50,False,
INV-000739,JBM-2024-0339,groupe mansour digital,DEAL-005029,16-Jun-24,2024-08-10,2024-08-13,paid,22900.0,19,4351.0,27251.0,TND,,,July 16 2024,0.0,,19.0,2024-07-11,33,False,
INV-000740,JBM-2024-0340,Groupe Agrebi Technologies,DEAL-004125,2024-10-07,2024-11-14,2024-11-23,paid,207200.0,19,39368.0,246568.0,TND,virement,,2024/11/06,0.0,,19.0,2024-10-15,39,False,
INV-000741,JBM-2024-0341,Centre Medical Bouzid,DEAL-004587,17-Jan-24,2024-09-03,2024-04-12,paid,23800.0,0.19,4522.0,28322.0,TND,,,2024-12-12,0.0,,0.19,2024-08-04,-114,False,
INV-000742,JBM-2024-0342,Centre de Formation Avenir,DEAL-000432,2024/06/12,2024-08-11,2024-08-24,paid,244500.0,19 %,46455.0,290955.0,tnd,,,2025/02/07,0.0,,19.0,2024-07-12,43,False,
INV-000743,JBM-2024-0343,STE Hamdi Consulting,DEAL-004837,2024/02/12,2024-03-14,,pending,31700.0,19%,6023.0,37723.0,EUR,,Facture solde - Developpement plateforme BI. Livraison finale acceptee.,2024-04-12,0.0,,19.0,2024-02-13,,True,778
INV-000744,JBM-2024-0344,Entreprise Haddad,DEAL-007701,30/03/2024,2024-05-12,2024-05-24,paid,121500.0,19,23085.0,144585.0,TND,Cheque,,24-May-24,144585.0,0,19.0,2024-04-12,42,False,
INV-000746,JBM-2024-0346,Centre Medical Bouzid,DEAL-001500,2024/12/04,2025-01-24,2025-03-01,paid,114000.0,19,21660.0,135660.0,EUR,,Facture mensuelle maintenance.,02/07/2025,0.0,,19.0,2024-12-25,66,False,
INV-000747,JBM-2024-0347,Cabinet Agrebi Conseil,,2024-06-26,2024-08-13,2024-08-13,paid,139600.0,19,26524.0,166124.0,tnd,,Acompte 50% - Contrat annuel support applicatif.,22/04/2025,0.0,,19.0,2024-07-14,30,False,
INV-000748,JBM-2024-0348,STE Ben Salah & Fils,,2024-09-12,2024-11-10,2024-11-11,paid,207700.0,19,39463.0,247163.0,TND,,,12-Oct-24,0.0,,19.0,2024-10-11,31,False,
INV-000749,JBM-2024-0349,STE-Ben-Romdhane-Consulting,DEAL-002208,September 10 2024,2024-10-15,2024-10-28,paid,143100.0,19,27189.0,170289.0,DT,,Facture 1/3 - Projet migration cloud STEG. Tranche initiale 30%.,06-Aug-25,0.0,,19.0,2024-09-15,43,False,
INV-000750,JBM-2024-0350,BNA Bank,DEAL-004710,10-Jul-24,2024-08-22,2024-08-21,paid,227000.0,19,43130.0,270130.0,TND,,Facture 1/3 - Projet migration cloud STEG. Tranche initiale 30%.,2024-07-10,0.0,,19.0,2024-07-23,29,False,
INV-000751,JBM-2024-0351,Entreprise Haddad,DEAL-002977,13-Apr-24,2024-06-11,,pending,45400.0,15,8626.0,54026.0,DT,,Frais de deplacement inclus. Voir detail en annexe.,12-Jun-24,0.0,,15.0,2024-05-12,,True,689
INV-000752,JBM-2024-0352,La Poste Tunisienne,DEAL-001510,2024/07/02,2024-08-22,2024-06-30,cancelled,87600.0,19,16644.0,104244.0,TND,bank transfer,Avoir suite annulation partielle du projet.,2024/08/12,104244.0,0,19.0,2024-07-23,,False,
INV-000753,JBM-2024-0353,STE Khalfallah & Fils,DEAL-007157,30/03/2024,2024-05-02,,cancelled,83700.0,19,15903.0,99603.0,TND,,Facture solde - Developpement plateforme BI. Livraison finale acceptee.,01-Apr-24,0.0,,19.0,2024-04-02,,False,
INV-000754,JBM-2024-0354,Groupe Hamdi Digital,DEAL-005798,2024/05/15,2024-07-01,,cancelled,132400.0,19,25156.0,157556.0,tnd,,Retenue de garantie 10% - Liberation apres recette definitive.,May 15 2024,0.0,,19.0,2024-06-01,,False,
INV-000755,JBM-2024-0355,STE Belhadj Consulting,DEAL-000376,17/09/2024,2024-10-23,2024-11-02,paid,33900.0,0,6441.0,40341.0,,,Avoir suite annulation partielle du projet.,2025/04/15,0.0,,0.0,2024-09-23,40,False,
INV-000756,JBM-2024-0356,Entreprise Haddad,DEAL-001925,07-Mar-24,2024-04-10,,pending,14300.0,19,2717.0,17017.0,TND,,Contrat cadre 2025. Facture trimestrielle T2.,2024/07/05,0.0,,19.0,2024-03-11,,True,751
INV-000757,JBM-2024-0357,STE Agrebi Solutions,DEAL-006647,2024-05-20,2024-07-01,2024-07-14,paid,28300.0,19,5377.0,33677.0,TND,,Frais de deplacement inclus. Voir detail en annexe.,November 16 2024,0.0,,19.0,2024-06-01,43,False,
INV-000758,JBM-2024-0358,Imprimerie El Ittihad,DEAL-002071,2024-09-14,2024-10-21,2024-11-20,paid,16300.0,19,3097.0,19397.0,DT,,,2024-12-13,0.0,,19.0,2024-09-21,60,False,
INV-000759,JBM-2024-0359,STE Belhadj Consulting,DEAL-006002,22/06/2024,2024-08-19,,pending,32100.0,20,6099.0,38199.0,DT,,Acompte 50% - Contrat annuel support applicatif.,24-Jun-24,0.0,,20.0,2024-07-20,,True,620
INV-000760,JBM-2024-0360,BNA Bank,DEAL-007195,,2024-03-28,2024-04-03,paid,86500.0,19,16435.0,102935.0,EUR,,Facture 1/3 - Projet migration cloud STEG. Tranche initiale 30%.,18/10/2024,0.0,,19.0,2024-02-27,36,False,
INV-000761,JBM-2024-0361,STE Ben Salah Consulting,,04-Jan-24,2024-02-18,2024-02-25,paid,290200.0,20,55138.0,345338.0,TND,,Contrat cadre 2025. Facture trimestrielle T2.,30/09/2024,0.0,,20.0,2024-01-19,37,False,
INV-000762,JBM-2024-0362,STE Belhadj Consulting,DEAL-007850,January 08 2024,2024-02-25,,pending,118900.0,0.19,22591.0,141491.0,DT,,,2024/01/11,0.0,,0.19,2024-01-26,,True,796
INV-000763,JBM-2024-0363,Imprimerie El Ittihad,DEAL-007410,27/06/2024,2024-07-28,2024-09-14,paid,117200.0,0.19,22268.0,139468.0,tnd,,,January 23 2025,0.0,,0.19,2024-06-28,78,False,
INV-000764,JBM-2024-0364,Societe Haddad Import Export,DEAL-004363,April 20 2024,2024-05-30,2024-07-07,paid,198600.0,,37734.0,236334.0,tnd,,Frais de deplacement inclus. Voir detail en annexe.,2024/08/18,0.0,,,2024-04-30,68,False,
INV-000766,JBM-2024-0366,STE Chaabane Solutions,DEAL-003819,25/04/2024,2024-05-28,2024-04-14,paid,201700.0,0.19,38323.0,240023.0,TND,,Avoir suite annulation partielle du projet.,2024/10/22,0.0,,0.19,2024-04-28,-14,False,
INV-000767,JBM-2024-0367,STE Ben Salah Consulting,DEAL-006582,2024/10/14,2024-11-13,2024-12-13,paid,92300.0,0.19,17537.0,109837.0,TND,,,2025/11/08,0.0,,0.19,2024-10-14,60,False,
INV-000768,JBM-2024-0368,Groupe Mansour Digital,,2024-11-28,2025-10-01,2025-01-14,paid,116700.0,0.19,22173.0,138873.0,tnd,Cash,,2025-05-27,0.0,,0.19,2025-09-01,-230,False,
INV-000769,JBM-2024-0369,Bureau d'Etudes Oueslati,,2024/12/28,2025-02-16,,pending,116400.0,19 %,22116.0,138516.0,TND,,Invoice for Q2 maintenance contract. PO number: TT-2024-8821.,28/03/2025,0.0,,19.0,2025-01-17,,True,439
INV-000770,JBM-2024-0370,Agence Immobiliere Sfax Centre,DEAL-007015,02/03/2024,2024-04-23,2024-05-27,paid,38318.0,19,7280.42,45598.42,EUR,Bank Transfer,Facture solde - Developpement plateforme BI. Livraison finale acceptee.,2024-11-27,0.0,,19.0,2024-03-24,64,False,
INV-000771,JBM-2024-0371,Ministere des Finances,DEAL-003981,2024/04/03,2024-05-08,2024-03-05,cancelled,264400.0,19,50236.0,314636.0,TND,,Facture 1/3 - Projet migration cloud STEG. Tranche initiale 30%.,03/04/2024,0.0,,19.0,2024-04-08,,False,
INV-000773,JBM-2024-0373,STE-Oueslati-&-Fils,DEAL-007740,2024-03-28,2024-05-02,2024-05-26,paid,101400.0,19,19266.0,120666.0,TND,,Contrat cadre 2025. Facture trimestrielle T2.,21-Feb-25,0.0,,19.0,2024-04-02,54,False,
INV-000774,JBM-2024-0374,Attijari Bank,DEAL-006688,November 07 2024,2024-12-28,2024-12-15,paid,164000.0,19 %,31160.0,195160.0,TND,Cash,Contrat cadre 2025. Facture trimestrielle T2.,15-Dec-24,194565.0,0,19.0,2024-11-28,17,False,
INV-000775,JBM-2024-0375,CNAM,,24-Oct-24,2024-03-12,2024-12-06,paid,263200.0,19,50008.0,313208.0,DT,,Facture solde - Developpement plateforme BI. Livraison finale acceptee.,2025/03/23,0.0,,19.0,2024-02-11,299,False,
INV-000776,JBM-2024-0376,ste zouari consulting,,22-Mar-24,2024-05-12,2024-05-21,paid,169800.0,,32262.0,202062.0,DT,,,21-May-24,0.0,,,2024-04-12,39,False,
INV-000777,JBM-2024-0377,Cabinet Comptable Slim,DEAL-006063,13/02/2024,2024-05-04,,pending,55800.0,19,10602.0,66402.0,DT,,Retenue de garantie 10% - Liberation apres recette definitive.,2024-03-14,0.0,,19.0,2024-04-04,,True,727
INV-000778,JBM-2024-0378,Imprimerie-El-Ittihad,DEAL-007437,2024/04/02,2024-05-20,2024-06-28,cancelled,128300.0,19,24377.0,152677.0,TND,,Invoice for cybersecurity audit - Phase 1 completed.,2024/11/28,0.0,,19.0,2024-04-20,,False,
INV-000779,JBM-2024-0379,STE Zouari Consulting,DEAL-000911,2024-05-04,2024-06-26,2024-06-29,paid,221200.0,19,42028.0,263228.0,tnd,,Frais de deplacement inclus. Voir detail en annexe.,2024/09/01,0.0,,19.0,2024-05-27,33,False,
INV-000780,JBM-2024-0380,STE Oueslati & Fils,DEAL-004718,,2025-01-26,2025-02-05,paid,108100.0,0,20539.0,128639.0,tnd,,,11-Apr-25,0.0,,0.0,2024-12-27,40,False,
INV-000781,JBM-2024-0381,Restaurant Le Mediterranee,,March 26 2024,2024-05-20,2024-05-25,paid,130100.0,19,24719.0,154819.0,tnd,,Facture mensuelle maintenance.,March 26 2024,0.0,,19.0,2024-04-20,35,False,
INV-000782,JBM-2024-0382,BNA Bank,,04/01/2024,2024-02-16,2024-08-02,paid,258600.0,19,49134.0,307734.0,TND,,Acompte 50% - Contrat annuel support applicatif.,07-Jan-24,0.0,,19.0,2024-01-17,198,False,
INV-000783,JBM-2024-0383,Groupe Trabelsi Technologies,,30-May-24,2024-07-17,2024-07-19,paid,194700.0,19%,36993.0,231693.0,EUR,,Contrat cadre 2025. Facture trimestrielle T2.,2025-02-24,0.0,,19.0,2024-06-17,32,False,
INV-000785,JBM-2024-0385,Bureau d'Etudes Bouzid,DEAL-005692,26-Apr-24,2024-06-14,2024-06-14,paid,31900.0,0.19,6061.0,37961.0,,especes,Invoice for cybersecurity audit - Phase 1 completed.,May 26 2024,11948.63,26012.37,0.19,2024-05-15,30,False,
INV-000786,JBM-2024-0386,Entreprise Sghaier,,2024-11-12,2024-12-26,2025-01-07,paid,248700.0,15,47253.0,295953.0,EUR,check,Facture 1/3 - Projet migration cloud STEG. Tranche initiale 30%.,09-Aug-25,0.0,,15.0,2024-11-26,42,False,
INV-000787,JBM-2024-0387,Magasin Mabrouk Electronique,,2024-10-23,2024-12-12,,pending,8300.0,19,1577.0,9877.0,TND,,,18-Oct-25,0.0,,19.0,2024-11-12,,True,505
INV-000788,JBM-2024-0388,STE Gharbi Consulting,DEAL-005340,03/10/2024,2024-11-24,2024-11-30,cancelled,128800.0,19,24472.0,153272.0,TND,,Contrat cadre 2025. Facture trimestrielle T2.,May 01 2025,0.0,,19.0,2024-10-25,,False,
INV-000789,JBM-2024-0389,STE Khalfallah Consulting,DEAL-002604,June 14 2024,2024-02-08,2024-08-12,paid,70800.0,19,13452.0,84252.0,DT,,,2024/09/12,0.0,,19.0,2024-01-09,216,False,
INV-000790,JBM-2024-0390,Salon Coiffure Elegance,DEAL-005648,21/12/2024,2025-01-25,,pending,120800.0,19,22952.0,143752.0,,,Invoice for Q2 maintenance contract. PO number: TT-2024-8821.,2025/09/17,0.0,,19.0,2024-12-26,,True,461
INV-000791,JBM-2024-0391,groupe hamdi digital,DEAL-000991,October 29 2024,2024-01-12,,cancelled,203800.0,19,38722.0,242522.0,EUR,,Facture mensuelle maintenance.,2024-11-13,0.0,,19.0,2023-12-13,,False,
INV-000792,JBM-2024-0392,BIAT,DEAL-001914,2024-01-21,2024-03-16,2024-03-01,paid,294900.0,19%,56031.0,350931.0,TND,,Regularisation facture N-1. Avoir emis en contrepartie.,24-Jan-24,0.0,,19.0,2024-02-15,15,False,
INV-000793,JBM-2024-0393,Groupe Hamdi Digital,,November 02 2024,2024-12-20,2024-12-26,paid,163200.0,19%,31008.0,194208.0,TND,Especes,Facture solde - Developpement plateforme BI. Livraison finale acceptee.,02/11/2024,0.0,,19.0,2024-11-20,36,False,
INV-000794,JBM-2024-0394,GlobalNet,DEAL-001914,06-Jan-24,2024-02-08,2024-10-02,paid,153100.0,19 %,29089.0,182189.0,TND,,,2024-11-01,0.0,,19.0,2024-01-09,267,False,
INV-000795,JBM-2024-0395,Entreprise Sghaier,,18/10/2024,2024-11-25,2024-12-14,paid,12400.0,0.19,2356.0,14756.0,TND,,,14-Dec-24,14756.0,0,0.19,2024-10-26,49,False,
INV-000796,JBM-2024-0396,STE Zouari Consulting,DEAL-002948,2024/12/17,2025-01-17,2025-02-10,paid,162800.0,0.19,30932.0,193732.0,DT,,Facture mensuelle maintenance.,17-Mar-25,0.0,,0.19,2024-12-18,54,False,
INV-000797,JBM-2024-0397,Hexabyte,DEAL-001186,2024-03-27,2024-05-19,,paid,222500.0,19,42275.0,264775.0,TND,,Retenue de garantie 10% - Liberation apres recette definitive.,March 22 2025,0.0,,19.0,2024-04-19,,False,
INV-000798,JBM-2024-0398,Groupe Mansour Digital,DEAL-001316,02/07/2024,2024-08-02,2024-08-19,paid,223000.0,19,42370.0,265370.0,DT,,Acompte 50% - Contrat annuel support applicatif.,2024-12-29,0.0,,19.0,2024-07-03,47,False,
INV-000799,JBM-2024-0399,Groupe Hamdi Digital,,2024/07/23,2024-08-22,2024-09-09,paid,121000.0,19,22990.0,143990.0,TND,,Avoir suite annulation partielle du projet.,2024-09-09,143990.0,0,19.0,2024-07-23,48,False,
INV-000800,JBM-2024-0400,Poulina Group,DEAL-004288,24-Oct-24,2024-11-29,2024-11-30,paid,142800.0,19,27132.0,169932.0,TND,,,20/08/2025,0.0,,19.0,2024-10-30,31,False,
INV-000802,JBM-2024-0402,STE Jlassi Consulting,,02-Apr-24,2024-05-21,,pending,203500.0,0.19,38665.0,242165.0,TND,,Contrat cadre 2025. Facture trimestrielle T2.,30/08/2024,0.0,,0.19,2024-04-21,,True,710
INV-000803,JBM-2024-0403,Centre de Formation Avenir,DEAL-001878,2024-12-05,2025-01-26,2025-02-12,paid,20100.0,19,3819.0,23919.0,,Bank Transfer,Regularisation facture N-1. Avoir emis en contrepartie.,05/03/2025,0.0,,19.0,2024-12-27,47,False,
INV-000804,JBM-2024-0404,Banque de Tunisie,,19-Oct-24,2024-10-12,2024-11-24,paid,280000.0,19,53200.0,333200.0,TND,,Invoice for Q2 maintenance contract. PO number: TT-2024-8821.,17-May-25,0.0,,19.0,2024-09-12,73,False,
INV-000805,JBM-2024-0405,Hexabyte,DEAL-004471,25/11/2024,2025-01-23,2025-05-01,paid,135000.0,19,25650.0,160650.0,TND,Cheque,Contrat cadre 2025. Facture trimestrielle T2.,2025/04/24,0.0,,19.0,2024-12-24,128,False,
INV-000806,JBM-2024-0406,Ooredoo Tunisie,,26-Oct-24,2024-12-15,2024-04-12,paid,286200.0,19 %,54378.0,340578.0,,,Retenue de garantie 10% - Liberation apres recette definitive.,January 24 2025,0.0,,19.0,2024-11-15,-217,False,
INV-000807,JBM-2024-0407,Magasin Mabrouk Electronique,DEAL-002804,February 14 2024,2024-05-04,2024-03-05,paid,121600.0,19%,23104.0,144704.0,TND,,Acompte 50% - Contrat annuel support applicatif.,February 08 2025,0.0,,19.0,2024-04-04,-30,False,
INV-000808,JBM-2024-0408,Entreprise Haddad,,2024-01-31,2024-03-11,2024-03-17,paid,63100.0,19,11989.0,75089.0,DT,,Facture solde - Developpement plateforme BI. Livraison finale acceptee.,2024/02/02,0.0,,19.0,2024-02-10,36,False,
INV-000809,JBM-2024-0409,BNA Bank,,2024/10/20,2024-11-20,2024-11-25,paid,145000.0,19,27550.0,172550.0,EUR,,Avoir suite annulation partielle du projet.,2024-10-20,0.0,,19.0,2024-10-21,35,False,
INV-000810,JBM-2024-0410,Tunisair,DEAL-004043,2024/01/03,2024-09-02,2024-02-09,paid,280900.0,19,53371.0,334271.0,DT,,Avoir suite annulation partielle du projet.,01-Jul-24,0.0,,19.0,2024-08-03,-176,False,
INV-000811,JBM-2024-0411,La Poste Tunisienne,,15-Oct-24,2024-12-06,2024-11-22,paid,95100.0,,18069.0,113169.0,TND,,Retenue de garantie 10% - Liberation apres recette definitive.,13/04/2025,0.0,,,2024-11-06,16,False,
INV-000812,JBM-2024-0412,C.Medical Bouzid,,2024/03/07,2024-04-17,2024-05-30,paid,53800.0,19,10222.0,64022.0,TND,virement,,2024-05-30,64022.0,0,19.0,2024-03-18,73,False,
INV-000813,JBM-2024-0413,STE Ben Romdhane Consulting,,09-Jan-24,2024-02-28,,cancelled,239900.0,19,45581.0,285481.0,TND,,Facture 1/3 - Projet migration cloud STEG. Tranche initiale 30%.,24/01/2024,0.0,,19.0,2024-01-29,,False,
INV-000814,JBM-2024-0414,la poste tunisienne,DEAL-002599,22/09/2024,2024-10-11,2024-10-25,paid,174100.0,19 %,33079.0,207179.0,TND,,,22-Sep-24,0.0,,19.0,2024-09-11,44,False,
INV-000815,JBM-2024-0415,Cabinet Turki Ceonseil,DEAL-000518,2024-11-26,2025-01-15,,pending,207300.0,19,39387.0,246687.0,tnd,,Avoir suite annulation partielle du projet.,26-Dec-24,0.0,,19.0,2024-12-16,,True,471
INV-000816,JBM-2024-0416,STE Ben Sal#ah & Fils,DEAL-004693,September 04 2024,2024-10-13,,pending,206400.0,19,39216.0,245616.0,TND,,,December 03 2024,0.0,,19.0,2024-09-13,,True,565
INV-000817,JBM-2024-0417,cafe carthage,,17-Apr-24,2024-06-04,2024-06-07,paid,260800.0,19,49552.0,310352.0,DT,,,15-Aug-24,0.0,,19.0,2024-05-05,33,False,
INV-000818,JBM-2024-0418,Groupe Zouari Digital,DEAL-006310,2024/03/05,2024-04-25,2024-04-24,paid,75300.0,19,14307.0,89607.0,tnd,,Invoice for Q2 maintenance contract. PO number: TT-2024-8821.,2024-10-31,0.0,,19.0,2024-03-26,29,False,
INV-000819,JBM-2024-0419,Centre de Formation Avenir,DEAL-004350,June 20 2024,2024-06-08,,paid,249800.0,0.19,47462.0,297262.0,EUR,,Contrat cadre 2025. Facture trimestrielle T2.,August 19 2024,0.0,,0.19,2024-05-09,,False,
INV-000820,JBM-2024-0420,Agence Immobiliere Sfax Centre,,April 21 2024,2024-05-26,,pending,79300.0,,15067.0,94367.0,TND,,Retenue de garantie 10% - Liberation apres recette definitive.,22-Apr-24,0.0,,,2024-04-26,,True,705
INV-000821,JBM-2024-0421,Ecole Privee Ibn Khaldoun,DEAL-004205,July 04 2024,2024-08-03,2024-09-16,paid,24400.0,19,4636.0,29036.0,TND,,Frais de deplacement inclus. Voir detail en annexe.,01-Nov-24,0.0,,19.0,2024-07-04,74,False,
INV-000823,JBM-2024-0423,Librairie Al Manar,DEAL-000400,2024-12-06,2025-01-08,,pending,134900.0,0.19,25631.0,160531.0,DT,,Contrat cadre 2025. Facture trimestrielle T2.,05-May-25,0.0,,0.19,2024-12-09,,True,478
INV-000824,JBM-2024-0424,Societe Haddad Import Export,,14/10/2024,2024-11-22,2024-12-23,paid,60214.0,0.19,11440.66,71654.66,TND,,Contrat cadre 2025. Facture trimestrielle T2.,2025-04-12,0.0,,0.19,2024-10-23,61,False,
INV-000826,JBM-2024-0426,STE Ben Salah Consulting,DEAL-004326,11-Nov-24,2024-12-24,2024-12-28,paid,48300.0,19,9177.0,57477.0,EUR,,Invoice for Q2 maintenance contract. PO number: TT-2024-8821.,2024/11/11,0.0,,19.0,2024-11-24,34,False,
INV-000827,JBM-2024-0427,BIAT,DEAL-004827,December 15 2024,2025-01-25,2024-12-12,paid,96400.0,19,18316.0,114716.0,EUR,,,14/05/2025,0.0,,19.0,2024-12-26,-14,False,
INV-000828,JBM-2024-0428,Bijouterie Sfaxienne,DEAL-006557,05/09/2024,2024-10-30,,pending,111900.0,0,21261.0,133161.0,TND,,Regularisation facture N-1. Avoir emis en contrepartie.,08/09/2024,0.0,,0.0,2024-09-30,,True,548
INV-000829,JBM-2024-0429,Orange Tunisie,DEAL-005431,June 19 2024,2024-09-08,2024-02-08,paid,67900.0,19,12901.0,80801.0,tnd,cheque,Retenue de garantie 10% - Liberation apres recette definitive.,17-Sep-24,0.0,,19.0,2024-08-09,-183,False,
INV-000830,JBM-2024-0430,Delice Danone,,2024/01/27,2024-02-29,2024-03-04,paid,162100.0,19,30799.0,192899.0,TND,,,June 25 2024,0.0,,19.0,2024-01-30,34,False,
INV-000831,JBM-2024-0431,Groupe Khalfallah Digital,,2024-05-07,2024-07-05,2024-06-21,paid,17100.0,19,3249.0,20349.0,DT,,Acompte 50% - Contrat annuel support applicatif.,2024/07/06,0.0,,19.0,2024-06-05,16,False,
INV-000832,JBM-2024-0432,GlobalNet,DEAL-003593,November 11 2024,2024-12-28,2024-12-21,paid,150800.0,19,28652.0,179452.0,EUR,,Facture mensuelle maintenance.,2024/11/11,0.0,,19.0,2024-11-28,23,False,
INV-000833,JBM-2024-0433,La Poste Tunisienne,,15-Feb-24,2024-04-06,2024-03-17,paid,114500.0,19,21755.0,136255.0,EUR,,,15/02/2024,0.0,,19.0,2024-03-07,10,False,
INV-000834,JBM-2024-0434,Ecole Privee Ibn Khaldoun,DEAL-000203,2024/11/15,2025-01-01,2025-01-21,paid,44300.0,15,8417.0,52717.0,tnd,,,14-Jan-25,0.0,,15.0,2024-12-02,50,False,
INV-000836,JBM-2024-0436,Ooredoo Tunisie,DEAL-006998,01/04/2024,2024-05-15,,paid,83400.0,19,15846.0,99246.0,EUR,,Regularisation facture N-1. Avoir emis en contrepartie.,10-May-24,0.0,,19.0,2024-04-15,,False,
INV-000837,JBM-2024-0437,CNSS,DEAL-002958,March 14 2024,2024-04-28,2024-04-27,paid,261200.0,19,49628.0,310828.0,TND,,Regularisation facture N-1. Avoir emis en contrepartie.,12-Jun-24,0.0,,19.0,2024-03-29,29,False,
INV-000838,JBM-2024-0438,Entreprise Haddad,DEAL-004133,2024-10-09,2024-08-11,2024-04-12,paid,98400.0,0,18696.0,117096.0,EUR,cash,Retenue de garantie 10% - Liberation apres recette definitive.,2025/08/05,0.0,,0.0,2024-07-12,-91,False,
INV-000839,JBM-2024-0439,BNA Bank,DEAL-006215,2024-05-24,2024-07-18,2024-06-23,paid,297700.0,0,56563.0,354263.0,DT,,Invoice for cybersecurity audit - Phase 1 completed.,May 24 2024,0.0,,0.0,2024-06-18,5,False,
INV-000840,JBM-2024-0440,Restaurant Le Mediterranee,,27-Feb-24,2024-04-23,,pending,253900.0,19,48241.0,302141.0,tnd,Cheque,,December 23 2024,0.0,,19.0,2024-03-24,,True,738
INV-000841,JBM-2024-0441,Groupe Mansour Digital,DEAL-005815,18/04/2024,2024-06-15,,pending,221200.0,19,42028.0,263228.0,TND,,Avoir suite annulation partielle du projet.,2024-10-15,0.0,,19.0,2024-05-16,,True,685
INV-000842,JBM-2024-0442,Pharmacie Al Amal,DEAL-005974,2024-11-11,2025-01-07,2025-01-16,paid,120100.0,0.19,22819.0,142919.0,,,,2025-04-10,0.0,,0.19,2024-12-08,39,False,
INV-000843,JBM-2024-0443,Pharmacie Al Amal,,October 29 2024,2024-12-01,2025-01-17,paid,230800.0,15,43852.0,274652.0,TND,,Facture 1/3 - Projet migration cloud STEG. Tranche initiale 30%.,28/12/2024,0.0,,15.0,2024-11-01,77,False,
INV-000844,JBM-2024-0444,Entreprise Haddad SA,DEAL-005939,12-Apr-24,2024-04-04,2024-06-10,paid,97000.0,19,18430.0,115430.0,TND,,Facture 1/3 - Projet migration cloud STEG. Tranche initiale 30%.,2025/02/06,0.0,,19.0,2024-03-05,97,False,
INV-000845,JBM-2024-0445,Burea@u d'Etudes Bouzid,DEAL-005253,2024-12-17,2025-02-07,2025-02-01,paid,268100.0,19,50939.0,319039.0,tnd,,Avoir suite annulation partielle du projet.,January 16 2025,0.0,,19.0,2025-01-08,24,False,
INV-000846,JBM-2024-0446,STE Agrebi Solutions,DEAL-004984,15/03/2024,2024-09-05,,pending,40800.0,0.19,7752.0,48552.0,TND,,Invoice for Q2 maintenance contract. PO number: TT-2024-8821.,11-Oct-24,0.0,,0.19,2024-08-06,,True,603
INV-000847,JBM-2024-0447,imprimerie el ittihad,,2024/10/30,2024-12-18,,pending,13000.0,19 %,2470.0,15470.0,EUR,Especes,,2025-06-27,0.0,,19.0,2024-11-18,,True,499
INV-000848,JBM-2024-0448,Ooredoo Tu#nisie,DEAL-003781,11-Dec-24,2025-01-29,2025-01-21,paid,224300.0,19,42617.0,266917.0,EUR,,Regularisation facture N-1. Avoir emis en contrepartie.,December 13 2024,0.0,,19.0,2024-12-30,22,False,
INV-000849,JBM-2024-0449,Tunisie Telecom,DEAL-004063,2024/12/15,2025-01-16,2025-01-24,paid,149600.0,19,28424.0,178024.0,DT,,Invoice for cybersecurity audit - Phase 1 completed.,15/03/2025,0.0,,19.0,2024-12-17,38,False,
INV-000850,JBM-2024-0450,Ooredoo Tunisie,DEAL-007975,2024/11/24,2025-01-07,2024-12-26,paid,53100.0,19,10089.0,63189.0,DT,,Facture mensuelle maintenance.,September 20 2025,0.0,,19.0,2024-12-08,18,False,
INV-000851,JBM-2024-0451,STE Chaabane Solutions,DEAL-007227,2024/11/15,2025-01-14,,cancelled,137900.0,19,26201.0,164101.0,TND,,,25/11/2024,0.0,,19.0,2024-12-15,,False,
INV-000852,JBM-2024-0452,Bureau d'Etudes Ben Salah,DEAL-007536,14/11/2024,2024-12-30,,pending,137300.0,19,26087.0,163387.0,TND,,Invoice for Q2 maintenance contract. PO number: TT-2024-8821.,2025/04/13,0.0,,19.0,2024-11-30,,True,487
INV-002339,JBM-2024-0453,STE Ben Romdhane Consulting,,2026-03-08,2026-04-21,2026-04-28,paid,106800.0,19,20292.0,127092.0,TND,,Acompte 50% - Contrat annuel support applicatif.,March 08 2026,0.0,,19.0,2026-03-22,37,False,
INV-000854,JBM-2024-0454,Librairie Al Manar,DEAL-000985,2024-05-20,2024-07-14,2024-07-24,paid,37800.0,19,7182.0,44982.0,TND,,Invoice for cybersecurity audit - Phase 1 completed.,14/02/2025,0.0,,19.0,2024-06-14,40,False,
INV-000855,JBM-2024-0455,Boulangerie Chez Faouzi,,2024-10-15,2024-11-28,2025-07-01,paid,92500.0,0,17575.0,110075.0,TND,Especes,Frais de deplacement inclus. Voir detail en annexe.,12/06/2025,0.0,,0.0,2024-10-29,245,False,
INV-000856,JBM-2024-0456,Bureau d'Etudes Ben Salah,DEAL-006350,21-Oct-24,2024-11-21,2024-12-09,paid,255800.0,19,48602.0,304402.0,EUR,,Regularisation facture N-1. Avoir emis en contrepartie.,2024-11-20,0.0,,19.0,2024-10-22,48,False,
INV-000857,JBM-2024-0457,la poste tunisienne,DEAL-007238,02/05/2024,2024-06-28,2024-06-09,paid,184800.0,19,35112.0,219912.0,TND,,,2024-10-29,0.0,,19.0,2024-05-29,11,False,
INV-000858,JBM-2024-0458,BNA Bank,DEAL-007000,June 21 2024,2024-07-31,2024-07-30,paid,152100.0,19,28899.0,180999.0,,Cheque,,16/02/2025,0.0,,19.0,2024-07-01,29,False,
INV-000859,JBM-2024-0459,UIB,,2024/08/10,2024-10-07,2024-09-19,paid,258900.0,,49191.0,308091.0,TND,,Frais de deplacement inclus. Voir detail en annexe.,2024/09/02,161378.31,146712.69,,2024-09-07,12,False,
INV-000860,JBM-2024-0460,Bijouterie Sf#axienne,,10/04/2024,2024-10-05,2024-06-21,paid,63900.0,19,12141.0,76041.0,TND,,,09/07/2024,0.0,,19.0,2024-09-05,-76,False,
INV-000862,JBM-2024-0462,Centre de Formation Avenir,DEAL-001473,October 06 2024,2024-11-21,,overdue,6600.0,19%,1254.0,7854.0,tnd,,Contrat cadre 2025. Facture trimestrielle T2.,August 02 2025,0.0,,19.0,2024-10-22,,True,526
INV-000863,JBM-2024-0463,Groupe Agrebi Technologies,,16/04/2024,2024-06-10,2024-05-31,paid,169200.0,19,32148.0,201348.0,TND,,Facture solde - Developpement plateforme BI. Livraison finale acceptee.,2024-05-16,0.0,,19.0,2024-05-11,20,False,
INV-000864,JBM-2024-0464,CNAM,DEAL-003738,2024/01/11,2024-02-28,2024-02-25,paid,158900.0,19%,30191.0,189091.0,tnd,,,2024/07/09,0.0,,19.0,2024-01-29,27,False,
INV-000865,JBM-2024-0465,Bureau d'Etudes Oueslati,,2024-06-30,2024-08-27,2024-08-15,paid,242100.0,19,45999.0,288099.0,TND,Virement bancaire,Avoir suite annulation partielle du projet.,26/05/2025,0.0,,19.0,2024-07-28,18,False,
INV-000867,JBM-2024-0467,C.Dentaire Dr Mrad,DEAL-005089,May 12 2024,2024-06-13,,pending,129800.0,19,24662.0,154462.0,EUR,,Contrat cadre 2025. Facture trimestrielle T2.,2024/09/09,0.0,,19.0,2024-05-14,,True,687
INV-000869,JBM-2024-0469,Cabinet Comptable Slim,DEAL-001956,2024/06/21,2024-11-08,2024-07-09,paid,90300.0,0.19,17157.0,107457.0,DT,,Contrat cadre 2025. Facture trimestrielle T2.,18/12/2024,0.0,,0.19,2024-10-09,-92,False,
INV-000870,JBM-2024-0470,Groupe Hamdi Digital,DEAL-002018,November 14 2024,2024-12-28,2024-12-29,paid,,0.19,,,EUR,,Regularisation facture N-1. Avoir emis en contrepartie.,13/05/2025,0.0,,0.19,2024-11-28,31,False,
INV-000871,JBM-2024-0471,Pharmacie Al Amal,DEAL-001708,26-May-24,2024-07-21,2024-08-15,paid,290500.0,19%,55195.0,345695.0,DT,,Facture 1/3 - Projet migration cloud STEG. Tranche initiale 30%.,January 21 2025,0.0,,19.0,2024-06-21,55,False,
INV-000872,JBM-2024-0472,Groupe Zouari Digital,DEAL-000462,2024/06/19,2024-08-07,2024-08-10,paid,132800.0,0.19,25232.0,158032.0,DT,,Retenue de garantie 10% - Liberation apres recette definitive.,18/08/2024,0.0,,0.19,2024-07-08,33,False,
INV-000873,JBM-2024-0473,STE Jlassi Consulting,DEAL-003011,2024-06-27,2024-07-29,2024-08-14,paid,226500.0,19,43035.0,269535.0,EUR,,Facture 1/3 - Projet migration cloud STEG. Tranche initiale 30%.,29-Jun-24,0.0,,19.0,2024-06-29,46,False,
INV-000874,JBM-2024-0474,STE Oueslati & Fils,,2024/10/20,2024-12-06,2024-12-17,paid,53300.0,0,10127.0,63427.0,,,Invoice for Q2 maintenance contract. PO number: TT-2024-8821.,15-Sep-25,0.0,,0.0,2024-11-06,41,False,
INV-000875,JBM-2024-0475,BIAT,DEAL-000761,2024-02-25,2024-02-23,,cancelled,81100.0,19%,15409.0,96509.0,EUR,,Invoice for Q2 maintenance contract. PO number: TT-2024-8821.,2024/03/06,0.0,,19.0,2024-01-24,,False,
INV-000876,JBM-2024-0476,Entreprise Belhadj,DEAL-004821,2024/01/25,2024-03-17,2024-03-17,cancelled,188400.0,0,35796.0,224196.0,TND,,Retenue de garantie 10% - Liberation apres recette definitive.,January 25 2024,0.0,,0.0,2024-02-16,,False,
INV-000877,JBM-2024-0477,Groupe Hamdi Digital,,24-Sep-24,2024-11-21,,cancelled,246000.0,19,46740.0,292740.0,TND,,Invoice for cybersecurity audit - Phase 1 completed.,2024-10-04,0.0,,19.0,2024-10-22,,False,
INV-000878,JBM-2024-0478,STE Oueslati & Fils,,2024-12-04,2025-01-10,2025-01-24,paid,11800.0,19,2242.0,14042.0,TND,,Facture mensuelle maintenance.,2025/08/01,0.0,,19.0,2024-12-11,44,False,
INV-000879,JBM-2024-0479,La Poste Tunisienne,DEAL-004941,2024-03-23,2024-03-05,2024-04-29,paid,252900.0,19,48051.0,300951.0,,cash,Acompte 50% - Contrat annuel support applicatif.,2024/04/29,300951.0,0,19.0,2024-02-04,85,False,
INV-000880,JBM-2024-0480,Groupe Hamdi Digital,,11-Feb-24,2024-03-18,2024-02-04,paid,292500.0,19,55575.0,348075.0,TND,,Facture mensuelle maintenance.,2024-09-08,0.0,,19.0,2024-02-17,-13,False,
INV-000881,JBM-2024-0481,Cafe Carthage,,02-Oct-24,2024-11-19,,pending,175800.0,19,33402.0,209202.0,TND,,Regularisation facture N-1. Avoir emis en contrepartie.,2025/12/26,0.0,,19.0,2024-10-20,,True,528
INV-000882,JBM-2024-0482,Librairie Al Manar,DEAL-001299,2024-10-14,2024-12-04,2025-01-08,paid,216500.0,,41135.0,257635.0,EUR,,Regularisation facture N-1. Avoir emis en contrepartie.,15/10/2024,0.0,,,2024-11-04,65,False,
INV-000883,JBM-2024-0483,Cabinet Turki Conseil,,25/07/2024,2024-09-16,2024-09-09,paid,,19 %,,,TND,Cash,Facture mensuelle maintenance.,2024/09/09,75208.0,0,19.0,2024-08-17,23,False,
INV-000884,JBM-2024-0484,Bureau d'Etudes Bouzid,DEAL-000144,28-Jan-24,2024-03-05,,pending,204600.0,19,38874.0,243474.0,TND,,Avoir suite annulation partielle du projet.,March 28 2024,0.0,,19.0,2024-02-04,,True,787
INV-000885,JBM-2024-0485,cabinet turki conseil,DEAL-004436,2024-12-19,2025-01-29,,pending,112400.0,20,21356.0,133756.0,tnd,Bank Transfer,,April 18 2025,0.0,,20.0,2024-12-30,,True,457
INV-000886,JBM-2024-0486,BIAT,DEAL-003961,25/05/2024,2024-07-02,2024-07-04,paid,271558.0,19 %,51596.02,323154.02,TND,,Frais de deplacement inclus. Voir detail en annexe.,2024-11-21,0.0,,19.0,2024-06-02,32,False,
INV-000887,JBM-2024-0487,STEG,DEAL-000343,20/10/2024,2024-11-27,2024-11-27,paid,239000.0,19,45410.0,284410.0,TND,,Contrat cadre 2025. Facture trimestrielle T2.,November 19 2024,0.0,,19.0,2024-10-28,30,False,
INV-000888,JBM-2024-0488,Entreprise Chaabane,,2024/10/02,2024-11-27,2024-11-24,paid,290800.0,19,55252.0,346052.0,TND,,Retenue de garantie 10% - Liberation apres recette definitive.,May 30 2025,0.0,,19.0,2024-10-28,27,False,
INV-000889,JBM-2024-0489,Garage Mecanique Toumi,DEAL-002310,September 28 2024,2024-11-03,2024-12-16,paid,274414.0,19,52138.66,326552.66,tnd,,Avoir suite annulation partielle du projet.,29/09/2024,0.0,,19.0,2024-10-04,73,False,
INV-000890,JBM-2024-0490,STE Belhadj Consulting,DEAL-006078,2024-05-08,2024-07-05,2024-06-24,paid,91200.0,0.19,17328.0,108528.0,,,Regularisation facture N-1. Avoir emis en contrepartie.,2024/05/10,0.0,,0.19,2024-06-05,19,False,
INV-000891,JBM-2024-0491,Orange Tunisie,DEAL-001678,07/04/2024,2024-05-29,2024-05-22,paid,64000.0,19,12160.0,76160.0,TND,,,2024/08/05,0.0,,19.0,2024-04-29,23,False,
INV-000892,JBM-2024-0492,Bureau d'Etudes Bouzid,DEAL-001660,16/10/2024,2024-12-12,,paid,53700.0,19,10203.0,63903.0,EUR,,Avoir suite annulation partielle du projet.,30/11/2024,63903.0,0,19.0,2024-11-12,,False,
INV-000893,JBM-2024-0493,STE Mejri Informatique,,2024/06/09,2024-07-18,,pending,289400.0,19,54986.0,344386.0,TND,,,2025/02/04,0.0,,19.0,2024-06-18,,True,652
INV-000894,JBM-2024-0494,BNA Bank,,2024/03/21,2024-04-20,2024-08-03,paid,48800.0,,9272.0,58072.0,EUR,,Invoice for cybersecurity audit - Phase 1 completed.,April 20 2024,0.0,,,2024-03-21,135,False,
INV-000895,JBM-2024-0495,Ooredoo Tunisie,DEAL-005524,12/10/2024,2024-10-06,,paid,104400.0,19,19836.0,124236.0,DT,,Facture solde - Developpement plateforme BI. Livraison finale acceptee.,07/09/2025,0.0,,19.0,2024-09-06,,False,
INV-000896,JBM-2024-0496,Ooredoo Tunisie,DEAL-001415,October 30 2024,2024-12-26,2024-02-12,paid,65300.0,19%,12407.0,77707.0,TND,,Facture 1/3 - Projet migration cloud STEG. Tranche initiale 30%.,27/02/2025,0.0,,19.0,2024-11-26,-288,False,
INV-000897,JBM-2024-0497,Studio Photo Memories,DEAL-003087,2024/10/18,2024-12-04,,pending,216800.0,19,41192.0,257992.0,TND,cheque,Avoir suite annulation partielle du projet.,13-Sep-25,0.0,,19.0,2024-11-04,,True,513
INV-000898,JBM-2024-0498,Topnet,DEAL-007316,15/08/2024,2024-09-27,2024-09-23,paid,203600.0,,38684.0,242284.0,EUR,,Invoice for cybersecurity audit - Phase 1 completed.,2025-04-12,0.0,,,2024-08-28,26,False,
INV-000899,JBM-2024-0499,STE Ben Salah Consulting,,26/12/2024,2025-01-02,2025-02-14,paid,156600.0,19,29754.0,186354.0,tnd,,,24/07/2025,0.0,,19.0,2024-12-03,73,False,
INV-000901,JBM-2024-0501,Cabinet Turki Conseil,DEAL-006223,08/10/2024,2024-11-18,2024-02-12,paid,120000.0,19%,22800.0,142800.0,TND,,,September 03 2025,0.0,,19.0,2024-10-19,-250,False,
INV-000902,JBM-2024-0502,UIB,,2024-10-12,2024-08-12,2024-11-18,paid,153700.0,19,29203.0,182903.0,tnd,,Acompte 50% - Contrat annuel support applicatif.,2025/02/09,0.0,,19.0,2024-07-13,128,False,
INV-000903,JBM-2024-0503,STE Ben Salah Consulting,DEAL-001015,02/05/2024,2024-08-06,,pending,268000.0,0.19,50920.0,318920.0,TND,,,2024-12-28,0.0,,0.19,2024-07-07,,True,633
INV-000904,JBM-2024-0504,Restaurant Le Mediterranee,DEAL-000936,31-Dec-24,2025-02-18,2025-03-19,paid,52900.0,19 %,10051.0,62951.0,TND,,Frais de deplacement inclus. Voir detail en annexe.,2025-06-29,0.0,,19.0,2025-01-19,59,False,
INV-000905,JBM-2024-0505,Tunisair,DEAL-006969,26/03/2024,2024-05-06,2024-08-05,paid,246800.0,19,46892.0,293692.0,TND,,Retenue de garantie 10% - Liberation apres recette definitive.,August 23 2024,0.0,,19.0,2024-04-06,121,False,
INV-000906,JBM-2024-0506,Entreprise Chaabane,DEAL-001804,2024-10-17,2024-12-08,,cancelled,273900.0,19,52041.0,325941.0,tnd,,Frais de deplacement inclus. Voir detail en annexe.,2024/10/27,0.0,,19.0,2024-11-08,,False,
INV-000907,JBM-2024-0507,Groupe Mansour Digital,,November 09 2024,2024-12-17,2024-12-28,paid,130800.0,19%,24852.0,155652.0,tnd,,Facture solde - Developpement plateforme BI. Livraison finale acceptee.,06/08/2025,0.0,,19.0,2024-11-17,41,False,
INV-000908,JBM-2024-0508,STE Hamdi Consulting,,2024-10-24,2024-12-18,2024-12-16,paid,112400.0,19,21356.0,133756.0,TND,cash,,2024-12-16,133756.0,0,19.0,2024-11-18,28,False,
INV-000909,JBM-2024-0509,Studio Photo Memories,,2024-12-04,2025-01-19,2025-03-02,paid,7600.0,19,1444.0,9044.0,TND,,Acompte 50% - Contrat annuel support applicatif.,December 07 2024,0.0,,19.0,2024-12-20,72,False,
INV-000910,JBM-2024-0510,Cabinet Agrebi Conseil,DEAL-007929,March 05 2024,2024-04-09,2024-04-29,paid,159700.0,19 %,30343.0,190043.0,DT,,Facture 1/3 - Projet migration cloud STEG. Tranche initiale 30%.,2024/06/03,0.0,,19.0,2024-03-10,50,False,
INV-000911,JBM-2024-0511,Groupe Hamdi Digital,DEAL-006442,2024-05-09,2024-06-14,2024-07-05,paid,128800.0,,24472.0,153272.0,TND,,Retenue de garantie 10% - Liberation apres recette definitive.,November 05 2024,0.0,,,2024-05-15,51,False,
INV-000912,JBM-2024-0512,Groupe Bouzid Digital,DEAL-003333,,2024-08-07,,cancelled,121400.0,19,23066.0,144466.0,TND,especes,Regularisation facture N-1. Avoir emis en contrepartie.,19-May-24,0.0,,19.0,2024-07-08,,False,
INV-000913,JBM-2024-0513,Entreprise Belhadj,DEAL-002614,14/11/2024,2025-01-04,2024-12-29,paid,259500.0,0.19,49305.0,308805.0,DT,Cheque,Facture mensuelle maintenance.,2025-06-12,0.0,,0.19,2024-12-05,24,False,
INV-000914,JBM-2024-0514,Delice Danone,DEAL-006794,2024/10/25,2024-12-05,2024-11-30,paid,173400.0,0,32946.0,206346.0,tnd,,Retenue de garantie 10% - Liberation apres recette definitive.,23/05/2025,0.0,,0.0,2024-11-05,25,False,
INV-000915,JBM-2024-0515,Orange Tunisie,DEAL-007582,2024-12-12,2025-01-14,2024-11-30,paid,291600.0,19,55404.0,347004.0,EUR,,Regularisation facture N-1. Avoir emis en contrepartie.,2024-12-14,0.0,,19.0,2024-12-15,-15,False,
INV-000916,JBM-2024-0516,Entreprise Chaabane,DEAL-007159,2024/02/04,2024-01-26,,pending,286500.0,19,54435.0,340935.0,TND,,Invoice for Q2 maintenance contract. PO number: TT-2024-8821.,01/10/2024,0.0,,19.0,2023-12-27,,True,826
INV-000917,JBM-2024-0517,STEG,DEAL-006825,2024/05/12,2024-06-22,2024-06-14,paid,231100.0,19,43909.0,275009.0,EUR,Cheque,Facture solde - Developpement plateforme BI. Livraison finale acceptee.,2024/05/12,0.0,,19.0,2024-05-23,22,False,
INV-000918,JBM-2024-0518,STE-Jlassi-Consulting,DEAL-005390,June 03 2024,2024-07-14,2024-08-02,paid,263347.0,0.19,50035.93,313382.93,TND,,Frais de deplacement inclus. Voir detail en annexe.,01-Sep-24,0.0,,0.19,2024-06-14,49,False,
INV-000919,JBM-2024-0519,Orange-Tunisie,DEAL-005491,12-Nov-24,2024-12-18,2024-12-27,paid,210300.0,19,39957.0,250257.0,EUR,Check,Invoice for Q2 maintenance contract. PO number: TT-2024-8821.,2025/06/10,0.0,,19.0,2024-11-18,39,False,
INV-000920,JBM-2024-0520,Groupe Mansour Digital,DEAL-004102,10/03/2024,2024-04-14,,cancelled,9300.0,19,1767.0,11067.0,,,,March 10 2024,0.0,,19.0,2024-03-15,,False,
INV-000921,JBM-2024-0521,Bureau d'Etudes Laabidi,DEAL-000377,2024-12-05,2025-04-01,2025-01-19,cancelled,286200.0,0.19,54378.0,340578.0,tnd,,,2025/08/02,0.0,,0.19,2025-03-02,,False,
INV-000922,JBM-2024-0522,centre medical bouzid,DEAL-000554,September 29 2024,2024-11-03,2024-12-28,paid,258400.0,19,49096.0,307496.0,tnd,,Facture 1/3 - Projet migration cloud STEG. Tranche initiale 30%.,01-Oct-24,0.0,,19.0,2024-10-04,85,False,
INV-000923,JBM-2024-0523,Garage Mecanique Toumi,,15/10/2024,2024-03-12,2025-06-01,paid,187900.0,19,35701.0,223601.0,EUR,cash,,January 06 2025,223601.0,0,19.0,2024-02-11,476,False,
INV-000924,JBM-2024-0524,STE Ben Romdhane Consulting,DEAL-005406,18/11/2024,2024-12-29,2025-01-10,paid,209200.0,19,39748.0,248948.0,TND,,Invoice for cybersecurity audit - Phase 1 completed.,2024-11-19,0.0,,19.0,2024-11-29,42,False,
INV-000925,JBM-2024-0525,Ooredoo Tunisie,DEAL-001841,June 30 2024,2024-08-06,2024-08-08,paid,33700.0,19,6403.0,40103.0,TND,,,25/07/2025,0.0,,19.0,2024-07-07,32,False,
INV-000926,JBM-2024-0526,BNA Bank,DEAL-006893,11-Jan-24,2024-02-13,2024-02-17,paid,212700.0,19,40413.0,253113.0,TND,,Avoir suite annulation partielle du projet.,October 07 2024,0.0,,19.0,2024-01-14,34,False,
INV-000927,JBM-2024-0527,BNA Bank,DEAL-006923,13-Jun-24,2024-04-08,,paid,60000.0,,11400.0,71400.0,EUR,,Invoice for cybersecurity audit - Phase 1 completed.,11/09/2024,0.0,,,2024-03-09,,False,
INV-000928,JBM-2024-0528,Groupe Hamdi Digital,DEAL-006035,2024/10/18,2024-12-17,2024-12-06,paid,228600.0,19 %,43434.0,272034.0,TND,,Frais de deplacement inclus. Voir detail en annexe.,15/02/2025,0.0,,19.0,2024-11-17,19,False,
INV-000929,JBM-2024-0529,Tunisie Telecom,DEAL-001065,24-Jun-24,2024-05-08,2024-01-08,paid,93100.0,0,17689.0,110789.0,tnd,Cheque,Contrat cadre 2025. Facture trimestrielle T2.,August 01 2024,110789.0,0,0.0,2024-04-08,-91,False,
INV-000930,JBM-2024-0530,Restaurant Le Mediterranee,DEAL-007036,25/11/2024,2025-01-16,2025-02-04,paid,67500.0,19,12825.0,80325.0,TND,,Facture 1/3 - Projet migration cloud STEG. Tranche initiale 30%.,25-Dec-24,0.0,,19.0,2024-12-17,49,False,
INV-000931,JBM-2024-0531,Magasin Mabrouk Electronique,,11-Jul-24,2024-09-05,2024-10-09,paid,18600.0,19,3534.0,22134.0,TND,,Avoir suite annulation partielle du projet.,2024/10/09,0.0,,19.0,2024-08-06,64,False,
INV-000932,JBM-2024-0532,Groupe Ferchiou Digital,DEAL-005761,2024-07-30,2024-09-21,2024-09-23,paid,13209.0,19,2509.71,15718.71,TND,,Facture solde - Developpement plateforme BI. Livraison finale acceptee.,25-Feb-25,0.0,,19.0,2024-08-22,32,False,
INV-000933,JBM-2024-0533,Groupe Zouari Digital,,June 26 2024,2024-08-08,2024-08-22,paid,214400.0,0,40736.0,255136.0,tnd,,Avoir suite annulation partielle du projet.,September 24 2024,0.0,,0.0,2024-07-09,44,False,
INV-000934,JBM-2024-0534,Garage Mecanique Toumi,DEAL-003647,21-Apr-24,2024-05-30,,cancelled,279900.0,19,53181.0,333081.0,TND,,Frais de deplacement inclus. Voir detail en annexe.,01-May-24,0.0,,19.0,2024-04-30,,False,
INV-000936,JBM-2024-0536,Garage Mecanique Toumi,DEAL-000329,December 30 2024,2025-02-24,2025-03-01,paid,8100.0,19,1539.0,9639.0,EUR,,Facture 1/3 - Projet migration cloud STEG. Tranche initiale 30%.,30/03/2025,0.0,,19.0,2025-01-25,35,False,
INV-000937,JBM-2024-0537,Ooredoo Tunisie,,2024/07/03,2024-08-22,,pending,95400.0,19,18126.0,113526.0,TND,,Regularisation facture N-1. Avoir emis en contrepartie.,2024-07-03,0.0,,19.0,2024-07-23,,True,617
INV-000938,JBM-2024-0538,Groupe Bouzid Digital,,09-Mar-24,2024-06-05,2024-04-29,paid,237100.0,,45049.0,282149.0,TND,cheque,Invoice for cybersecurity audit - Phase 1 completed.,2024/11/04,0.0,,,2024-05-06,-7,False,
INV-000939,JBM-2024-0539,entreprise belhadj,DEAL-007570,2024/09/02,2024-10-19,2024-08-17,paid,246300.0,19,46797.0,293097.0,,,Avoir suite annulation partielle du projet.,31-Mar-25,0.0,,19.0,2024-09-19,-33,False,
INV-000940,JBM-2024-0540,STE-Oueslati-&-Fils,DEAL-001523,13-Jan-24,2024-02-29,2024-03-09,paid,218400.0,19,41496.0,259896.0,TND,,Frais de deplacement inclus. Voir detail en annexe.,2024-03-09,259896.0,0,19.0,2024-01-30,39,False,
INV-000941,JBM-2024-0541,Cafe Carthage,DEAL-004459,,2025-01-21,2025-02-27,paid,275600.0,19,52364.0,327964.0,DT,Bank Transfer,Avoir suite annulation partielle du projet.,27/02/2025,327964.0,0,19.0,2024-12-22,67,False,
INV-000942,JBM-2024-0542,STE Ben Romdhane Consuleting,,2024/12/03,2025-01-25,2025-01-24,paid,88300.0,19 %,16777.0,105077.0,TND,virement,Contrat cadre 2025. Facture trimestrielle T2.,2025/03/03,0.0,,19.0,2024-12-26,29,False,
INV-000943,JBM-2024-0543,STE Gharbi Consulting,DEAL-006234,2024-06-10,2024-07-18,2024-05-08,paid,193900.0,19%,36841.0,230741.0,TND,,Facture solde - Developpement plateforme BI. Livraison finale acceptee.,07/11/2024,0.0,,19.0,2024-06-18,-41,False,
INV-000944,JBM-2024-0544,Tunisair,DEAL-005738,2024/01/23,2024-03-10,2024-08-03,paid,228800.0,19,43472.0,272272.0,TND,,Avoir suite annulation partielle du projet.,August 20 2024,0.0,,19.0,2024-02-09,176,False,
INV-000945,JBM-2024-0545,Bureau d'Etudes Ben Salah,DEAL-001907,2024-12-21,2025-02-04,2025-02-13,paid,51700.0,19,9823.0,61523.0,TND,,Facture 1/3 - Projet migration cloud STEG. Tranche initiale 30%.,19/06/2025,0.0,,19.0,2025-01-05,39,False,
INV-000946,JBM-2024-0546,STE Laabidi Consulting,DEAL-006092,02-Nov-24,2024-12-20,2024-12-28,paid,126900.0,19,24111.0,151011.0,TND,,Frais de deplacement inclus. Voir detail en annexe.,2025-10-28,0.0,,19.0,2024-11-20,38,False,
INV-000947,JBM-2024-0547,La Poste Tunisienne,DEAL-002771,2024/12/13,2025-01-15,2025-01-23,paid,250100.0,19,47519.0,297619.0,TND,,Retenue de garantie 10% - Liberation apres recette definitive.,10/08/2025,0.0,,19.0,2024-12-16,38,False,
INV-000948,JBM-2024-0548,Magasin Mabrouk Electronique,DEAL-002110,2024/03/28,2024-05-12,2024-06-08,paid,289400.0,19,54986.0,344386.0,EUR,,Facture mensuelle maintenance.,2025/02/21,0.0,,19.0,2024-04-12,57,False,
INV-000949,JBM-2024-0549,GlobalNet,DEAL-000909,2024-11-11,2024-12-11,2024-12-21,paid,207100.0,19,39349.0,246449.0,tnd,bank transfer,,21-Dec-24,246449.0,0,19.0,2024-11-11,40,False,
INV-000950,JBM-2024-0550,Cabinet Agrebi Conseil,DEAL-004670,2024-06-24,2024-08-04,2024-08-22,paid,37700.0,19,7163.0,44863.0,EUR,,Facture 1/3 - Projet migration cloud STEG. Tranche initiale 30%.,2024-07-24,0.0,,19.0,2024-07-05,48,False,
INV-000951,JBM-2024-0551,Bureau d'Etudes Oueslati,DEAL-003329,2024-06-13,2024-07-18,2024-07-29,paid,57500.0,0.19,10925.0,68425.0,TND,,Invoice for cybersecurity audit - Phase 1 completed.,08-Feb-25,0.0,,0.19,2024-06-18,41,False,
INV-000952,JBM-2024-0552,Clinique Dentaire Dr Mrad,DEAL-003932,16-Jun-24,2024-08-07,2024-08-23,paid,160000.0,19,30400.0,190400.0,TND,,Invoice for cybersecurity audit - Phase 1 completed.,2024-12-13,0.0,,19.0,2024-07-08,46,False,
INV-000953,JBM-2024-0553,STE Laabidi Consulting,DEAL-003827,2024-05-12,2024-07-06,2024-11-07,paid,249900.0,19%,47481.0,297381.0,TND,,,2025/02/06,0.0,,19.0,2024-06-06,154,False,
INV-000954,JBM-2024-0554,Groupe Ferchiou Digital,,November 24 2024,2024-12-24,,overdue,176400.0,19%,33516.0,209916.0,TND,,Invoice for cybersecurity audit - Phase 1 completed.,2024-12-24,0.0,,19.0,2024-11-24,,True,493
INV-000955,JBM-2024-0555,Groupe Trabelsi Technologies,DEAL-002511,19/03/2024,2024-04-30,2024-05-03,paid,131600.0,19,25004.0,156604.0,TND,,Avoir suite annulation partielle du projet.,February 12 2025,0.0,,19.0,2024-03-31,33,False,
INV-000956,JBM-2024-0556,Centre de Formation Avenir,,2024-04-07,2024-05-07,2024-06-23,paid,33800.0,19,6422.0,40222.0,TND,,Invoice for Q2 maintenance contract. PO number: TT-2024-8821.,2024/07/06,0.0,,19.0,2024-04-07,77,False,
INV-000957,JBM-2024-0557,Fleuriste Au Jasmin,DEAL-005894,05-Oct-24,2024-11-07,2025-01-01,paid,274000.0,,52060.0,326060.0,EUR,,,07/10/2024,0.0,,,2024-10-08,85,False,
INV-000958,JBM-2024-0558,Hexabyte,DEAL-001900,2024/09/10,2024-10-16,2024-10-23,paid,271400.0,19,51566.0,322966.0,TND,,Invoice for Q2 maintenance contract. PO number: TT-2024-8821.,2024-11-09,0.0,,19.0,2024-09-16,37,False,
INV-000959,JBM-2024-0559,Pharmacie Al Amal,DEAL-002478,18/11/2024,2024-12-30,2025-01-27,paid,89700.0,19,17043.0,106743.0,TND,,Invoice for cybersecurity audit - Phase 1 completed.,2025-01-17,0.0,,19.0,2024-11-30,58,False,
INV-000960,JBM-2024-0560,STE Agrebi Solutions,DEAL-000251,02/01/2024,2024-02-07,2024-03-02,paid,188800.0,19,35872.0,224672.0,tnd,,,October 28 2024,0.0,,19.0,2024-01-08,54,False,
INV-000961,JBM-2024-0561,B.Bank,DEAL-000934,August 11 2024,2024-04-10,,cancelled,39700.0,19,7543.0,47243.0,EUR,,,11-Aug-24,0.0,,19.0,2024-03-11,,False,
INV-000962,JBM-2024-0562,Centre Medical Bouzid,DEAL-002679,2024-12-11,2025-02-02,,pending,206600.0,19%,39254.0,245854.0,DT,,Regularisation facture N-1. Avoir emis en contrepartie.,06/11/2025,0.0,,19.0,2025-01-03,,True,453
INV-000963,JBM-2024-0563,STE Khalfallah Consulting,DEAL-001645,October 11 2024,2024-11-21,,pending,217600.0,19,41344.0,258944.0,EUR,,Invoice for cybersecurity audit - Phase 1 completed.,2025/07/08,0.0,,19.0,2024-10-22,,True,526
INV-000964,JBM-2024-0564,Ooredoo Tunisie,DEAL-000448,2024-07-24,2024-09-10,2024-08-27,paid,36000.0,19,6840.0,42840.0,TND,bank transfer,Retenue de garantie 10% - Liberation apres recette definitive.,2024-08-27,24090.37,0,19.0,2024-08-11,16,False,
INV-000965,JBM-2024-0565,STE Hamdi Consulting,DEAL-006507,2024/03/19,2024-04-18,2024-05-09,paid,212800.0,19,40432.0,253232.0,TND,,,2024/09/15,0.0,,19.0,2024-03-19,51,False,
INV-000966,JBM-2024-0566,STE Khalfallah Consulting,DEAL-005997,15-May-24,2024-07-07,,pending,44100.0,20,8379.0,52479.0,TND,,Invoice for cybersecurity audit - Phase 1 completed.,2025/07/09,0.0,,20.0,2024-06-07,,True,663
INV-000967,JBM-2024-0567,STEG,DEAL-006173,07/10/2024,2024-11-09,2024-11-06,cancelled,25300.0,0.19,4807.0,30107.0,TND,,,2024/12/06,0.0,,0.19,2024-10-10,,False,
INV-000968,JBM-2024-0568,STE Ben Salah Consulting,DEAL-006839,25-Jul-24,2024-02-09,2024-09-20,paid,45400.0,,8626.0,54026.0,TND,,Retenue de garantie 10% - Liberation apres recette definitive.,2025/01/21,0.0,,,2024-01-10,254,False,
INV-000970,JBM-2024-0570,Bijouterie Sfaxienne,DEAL-006313,25/07/2024,2024-07-09,2024-09-23,paid,230600.0,,43814.0,274414.0,tnd,,Invoice for cybersecurity audit - Phase 1 completed.,20-Jun-25,0.0,,,2024-06-09,106,False,
INV-000971,JBM-2024-0571,Magasin Mabrouk Electronique,DEAL-003902,2024/12/09,2025-12-01,2025-02-16,paid,199300.0,19,37867.0,237167.0,TND,,Regularisation facture N-1. Avoir emis en contrepartie.,09/12/2024,0.0,,19.0,2025-11-01,-258,False,
INV-000972,JBM-2024-0572,CNSS,DEAL-004305,2024/04/16,2024-06-06,2024-05-23,paid,269200.0,0.19,51148.0,320348.0,TND,,Invoice for Q2 maintenance contract. PO number: TT-2024-8821.,13/09/2024,0.0,,0.19,2024-05-07,16,False,
INV-000973,JBM-2024-0573,Groupe Zouari Digital,DEAL-001579,2024/01/04,2024-02-26,2024-03-02,paid,14900.0,19,2831.0,17731.0,tnd,,Regularisation facture N-1. Avoir emis en contrepartie.,2024-01-06,0.0,,19.0,2024-01-27,35,False,
INV-000974,JBM-2024-0574,Cabinet Agrebi Conseil,,November 24 2024,2025-01-04,2025-01-14,paid,254900.0,19,48431.0,303331.0,,,Frais de deplacement inclus. Voir detail en annexe.,24-Dec-24,0.0,,19.0,2024-12-05,40,False,
INV-000975,JBM-2024-0575,Bureau d'Etudes Laabidi,DEAL-006193,24-May-24,2024-05-16,2024-07-12,paid,151900.0,19,28861.0,180761.0,TND,,,2025/02/18,0.0,,19.0,2024-04-16,87,False,
INV-000976,JBM-2024-0576,Groupe Haddad Technologies,,February 11 2024,2024-03-19,,pending,248700.0,19,47253.0,295953.0,DT,,Facture mensuelle maintenance.,February 11 2024,0.0,,19.0,2024-02-18,,True,773
INV-000977,JBM-2024-0577,Librairie Al Manar,DEAL-005831,17-Apr-24,2024-06-04,2024-06-19,cancelled,221800.0,19,42142.0,263942.0,tnd,,Regularisation facture N-1. Avoir emis en contrepartie.,13/11/2024,0.0,,19.0,2024-05-05,,False,
INV-000978,JBM-2024-0578,Fleuriste Au Jasmin,DEAL-001578,29-May-24,2024-07-01,2024-08-09,paid,56000.0,19,10640.0,66640.0,TND,,Invoice for Q2 maintenance contract. PO number: TT-2024-8821.,2024/05/29,0.0,,19.0,2024-06-01,69,False,
INV-000979,JBM-2024-0579,UIB,DEAL-006679,16/02/2024,2024-08-04,2024-03-28,paid,97200.0,19,18468.0,115668.0,TND,,,15/07/2024,0.0,,19.0,2024-07-05,-99,False,
INV-000981,JBM-2024-0581,G.Mansour Digital,,25/09/2024,2024-11-10,,pending,275500.0,,52345.0,327845.0,EUR,check,,25/10/2024,0.0,,,2024-10-11,,True,537
INV-000982,JBM-2024-0582,cnam,DEAL-002167,2024-04-24,2024-06-05,2024-06-07,paid,204800.0,19,38912.0,243712.0,TND,virement,,2024-11-20,0.0,,19.0,2024-05-06,32,False,
INV-000983,JBM-2024-0583,STE Ben Romdhane Consulting,,2024-04-30,2024-06-26,2024-06-27,paid,230900.0,19,43871.0,274771.0,TND,,Avoir suite annulation partielle du projet.,February 24 2025,0.0,,19.0,2024-05-27,31,False,
INV-000984,JBM-2024-0584,Auto-Ecole Nejib,,2024/09/09,2024-10-19,2024-11-12,paid,99300.0,,18867.0,118167.0,tnd,,Frais de deplacement inclus. Voir detail en annexe.,2025/02/06,0.0,,,2024-09-19,54,False,
INV-000985,JBM-2024-0585,Fleuriste Au Jasmin,DEAL-002996,2024-04-20,2024-06-17,2024-06-27,cancelled,251900.0,19,47861.0,299761.0,EUR,,Avoir suite annulation partielle du projet.,2024/06/19,0.0,,19.0,2024-05-18,,False,
INV-000986,JBM-2024-0586,Agence Immobiliere Sfax Centre,,January 02 2024,2024-02-16,2024-03-26,paid,173200.0,19 %,32908.0,206108.0,DT,,Frais de deplacement inclus. Voir detail en annexe.,2024-02-01,0.0,,19.0,2024-01-17,69,False,
INV-000987,JBM-2024-0587,Studio Photo Memories,,2024/04/07,2024-01-06,2024-06-22,paid,107900.0,19 %,20501.0,128401.0,DT,,Acompte 50% - Contrat annuel support applicatif.,December 03 2024,0.0,,19.0,2023-12-07,198,False,
INV-000988,JBM-2024-0588,Studio Photo Memories,,2024-07-05,2024-08-21,2024-09-15,paid,153100.0,19,29089.0,182189.0,tnd,,Invoice for Q2 maintenance contract. PO number: TT-2024-8821.,02-Dec-24,0.0,,19.0,2024-07-22,55,False,
INV-000989,JBM-2024-0589,Salon Coiffure Elegance,DEAL-000530,09-Jan-24,2024-02-22,2024-04-04,paid,197300.0,19,37487.0,234787.0,tnd,,Invoice for Q2 maintenance contract. PO number: TT-2024-8821.,12-Jan-24,0.0,,19.0,2024-01-23,72,False,
INV-000990,JBM-2024-0590,Groupe Hamdi Digital,,2024-12-30,2025-03-02,2025-02-21,paid,122200.0,19,23218.0,145418.0,tnd,,Regularisation facture N-1. Avoir emis en contrepartie.,2025/02/28,0.0,,19.0,2025-01-31,21,False,
INV-000991,JBM-2024-0591,STE Agrebi Solutions,DEAL-005768,2024/05/13,2024-04-07,2024-06-27,paid,260000.0,19 %,49400.0,309400.0,TND,,,2024-09-10,0.0,,19.0,2024-03-08,111,False,
INV-000992,JBM-2024-0592,Magasin Mabrouk Electronique,DEAL-000069,2024/03/21,2024-05-13,2024-05-25,paid,78800.0,,14972.0,93772.0,EUR,check,Facture solde - Developpement plateforme BI. Livraison finale acceptee.,2024-04-20,0.0,,,2024-04-13,42,False,
INV-000993,JBM-2024-0593,UIB,,February 26 2024,2024-04-11,2024-02-04,paid,231500.0,,43985.0,275485.0,DT,,,June 25 2024,0.0,,,2024-03-12,-37,False,
INV-000994,JBM-2024-0594,Bureau d'Etudes Gharbi,DEAL-003360,April 21 2024,2024-05-22,2024-06-09,paid,103500.0,19%,19665.0,123165.0,DT,,Acompte 50% - Contrat annuel support applicatif.,23-Apr-24,0.0,,19.0,2024-04-22,48,False,
INV-000995,JBM-2024-0595,STE Khalfallah Consulting,DEAL-000884,2024-12-17,2025-06-02,,cancelled,189600.0,19,36024.0,225624.0,TND,cheque,Facture 1/3 - Projet migration cloud STEG. Tranche initiale 30%.,2024/12/27,0.0,,19.0,2025-05-03,,False,
INV-000996,JBM-2024-0596,STE Mejri Informatique,DEAL-001142,2024-10-26,2024-12-24,2024-12-19,paid,144000.0,19,27360.0,171360.0,EUR,cheque,Invoice for cybersecurity audit - Phase 1 completed.,July 23 2025,0.0,,19.0,2024-11-24,25,False,
INV-000997,JBM-2024-0597,Groupe Hamdi Digital,DEAL-005143,2024-05-29,2024-07-20,2024-07-28,paid,104125.0,,19783.75,123908.75,tnd,,Facture 1/3 - Projet migration cloud STEG. Tranche initiale 30%.,2025-01-24,0.0,,,2024-06-20,38,False,
INV-000998,JBM-2024-0598,Restaurant Le Mediterranee,,14-Oct-24,2024-12-08,2024-12-22,paid,163500.0,19,31065.0,194565.0,DT,,Contrat cadre 2025. Facture trimestrielle T2.,11/07/2025,0.0,,19.0,2024-11-08,44,False,
INV-000999,JBM-2024-0599,STE Oueslati & Fils,,2024-10-17,2024-12-07,,cancelled,297400.0,19,56506.0,353906.0,tnd,,Facture mensuelle maintenance.,01-Nov-24,0.0,,19.0,2024-11-07,,False,
INV-001001,JBM-2024-0601,Auto-Ecole-Nejib,DEAL-003675,2024-11-28,2025-01-06,,paid,197000.0,19,37430.0,234430.0,tnd,,Regularisation facture N-1. Avoir emis en contrepartie.,2025-11-23,0.0,,19.0,2024-12-07,,False,
INV-001002,JBM-2024-0602,Hexabyte,DEAL-001125,2024-03-16,2024-04-19,2024-04-24,paid,281400.0,0.19,53466.0,334866.0,DT,Bank Transfer,Retenue de garantie 10% - Liberation apres recette definitive.,2024/05/15,0.0,,0.19,2024-03-20,35,False,
INV-001003,JBM-2024-0603,Fleuriste-Au-Jasmin,DEAL-007246,March 16 2024,2024-04-29,2024-12-06,paid,132200.0,,25118.0,157318.0,tnd,,Facture 1/3 - Projet migration cloud STEG. Tranche initiale 30%.,November 11 2024,0.0,,,2024-03-30,251,False,
INV-001004,JBM-2024-0604,Entreprise Sghaier,,24-Dec-24,2025-02-08,2025-02-08,paid,112700.0,19,21413.0,134113.0,EUR,,,June 22 2025,0.0,,19.0,2025-01-09,30,False,
INV-001005,JBM-2024-0605,BNA Bank,DEAL-001311,23-May-24,2024-05-21,2024-07-07,paid,144600.0,19,27474.0,172074.0,TND,check,Contrat cadre 2025. Facture trimestrielle T2.,June 17 2024,89943.71,82130.29,19.0,2024-04-21,77,False,
INV-001006,JBM-2024-0606,BIAT,DEAL-006561,2024-02-06,2024-04-02,2024-03-19,paid,283400.0,19,53846.0,337246.0,TND,bank transfer,Avoir suite annulation partielle du projet.,01/01/2025,0.0,,19.0,2024-03-03,16,False,
INV-001007,JBM-2024-0607,agence immobiliere sfax centre,,2024-06-18,2024-05-08,2024-06-01,paid,210900.0,19,40071.0,250971.0,,,Frais de deplacement inclus. Voir detail en annexe.,2024-07-18,0.0,,19.0,2024-04-08,54,False,
INV-001009,JBM-2024-0609,STE Agrebi Solutions,DEAL-000288,March 10 2024,2024-04-28,2024-02-05,paid,207300.0,19,39387.0,246687.0,EUR,,Facture 1/3 - Projet migration cloud STEG. Tranche initiale 30%.,2024/03/13,0.0,,19.0,2024-03-29,-53,False,
INV-001010,JBM-2024-0610,Agence Immobiliere Sfax Centre,DEAL-003928,2024/03/20,2024-03-13,,paid,272600.0,19,51794.0,324394.0,TND,cheque,Retenue de garantie 10% - Liberation apres recette definitive.,2024-06-01,324394.0,0,19.0,2024-02-12,,False,
INV-001011,JBM-2024-0611,Entreprise Haddad,,2024-06-29,2024-08-05,,pending,120100.0,0.19,22819.0,142919.0,EUR,,Facture mensuelle maintenance.,25-Jan-25,0.0,,0.19,2024-07-06,,True,634
INV-001012,JBM-2024-0612,STE Belhadj Consulting,DEAL-007196,November 10 2024,2024-12-29,2025-01-09,paid,264500.0,19,50255.0,314755.0,EUR,,Facture mensuelle maintenance.,2025-03-10,0.0,,19.0,2024-11-29,41,False,
INV-001013,JBM-2024-0613,Attijari Bank,DEAL-002424,2024-11-30,2025-01-16,2025-03-01,paid,165300.0,19,31407.0,196707.0,,,Facture 1/3 - Projet migration cloud STEG. Tranche initiale 30%.,March 30 2025,0.0,,19.0,2024-12-17,74,False,
INV-001015,JBM-2024-0615,magasin mabrouk electronique,DEAL-006798,2024-06-11,2024-06-04,2024-06-09,paid,242800.0,19%,46132.0,288932.0,tnd,,Invoice for cybersecurity audit - Phase 1 completed.,2024-06-14,0.0,,19.0,2024-05-05,35,False,
INV-001016,JBM-2024-0616,Banque de Tunisie,,2024/01/21,2024-02-20,2024-02-20,paid,26100.0,19,4959.0,31059.0,TND,,,2024/07/19,0.0,,19.0,2024-01-21,30,False,
INV-001017,JBM-2024-0617,Salon Coiffure Elegance,,May 01 2024,2024-06-03,2024-07-18,paid,9100.0,20,1729.0,10829.0,EUR,,Invoice for cybersecurity audit - Phase 1 completed.,2024/12/27,0.0,,20.0,2024-05-04,75,False,
INV-001018,JBM-2024-0618,STE Mejri Informatique,DEAL-006380,02-May-24,2024-06-27,2024-06-23,paid,266900.0,20,50711.0,317611.0,TND,virement,,01/07/2024,0.0,,20.0,2024-05-28,26,False,
INV-001019,JBM-2024-0619,Groupe Bouzid Digital,,2024/07/26,2024-09-18,,cancelled,278700.0,19 %,52953.0,331653.0,tnd,,Facture 1/3 - Projet migration cloud STEG. Tranche initiale 30%.,2024-08-10,0.0,,19.0,2024-08-19,,False,
INV-001020,JBM-2024-0620,STE Ferchiou Informatique,,31-Jan-24,2024-03-29,2024-03-29,paid,189800.0,19,36062.0,225862.0,DT,,Acompte 50% - Contrat annuel support applicatif.,October 27 2024,0.0,,19.0,2024-02-28,30,False,
INV-001473,JBM-2024-0621,Entreprise-Belhadj,DEAL-006899,2025-07-04,2025-08-14,2025-08-28,paid,254700.0,19,48393.0,303093.0,tnd,,Facture 1/3 - Projet migration cloud STEG. Tranche initiale 30%.,2026-01-30,0.0,,19.0,2025-07-15,44,False,
INV-001022,JBM-2024-0622,Groupe Agrebi Technologies,DEAL-005491,15/01/2024,2024-02-19,2024-07-03,paid,219200.0,19,41648.0,260848.0,tnd,,Facture solde - Developpement plateforme BI. Livraison finale acceptee.,2024/07/13,0.0,,19.0,2024-01-20,165,False,
INV-001024,JBM-2024-0624,Delice Danone,DEAL-001674,,2024-12-30,2024-12-18,paid,268300.0,19,50977.0,319277.0,TND,bank transfer,Facture mensuelle maintenance.,2024-12-18,156513.14,0,19.0,2024-11-30,18,False,
INV-001025,JBM-2024-0625,TOPNET,DEAL-007339,21/02/2024,2024-03-30,2024-03-25,paid,246000.0,19,46740.0,292740.0,TND,,Invoice for cybersecurity audit - Phase 1 completed.,June 20 2024,0.0,,19.0,2024-02-29,25,False,
INV-001026,JBM-2024-0626,STE Laabidi Consulting,DEAL-004339,11-Aug-24,2024-10-09,2024-09-27,paid,221200.0,19,42028.0,263228.0,TND,Cash,Invoice for cybersecurity audit - Phase 1 completed.,2024-09-10,0.0,,19.0,2024-09-09,18,False,
INV-001027,JBM-2024-0627,BNA Bank,DEAL-005669,2024/03/03,2024-04-09,2024-04-11,paid,40000.0,0.19,7600.0,47600.0,TND,,,2024/11/28,0.0,,0.19,2024-03-10,32,False,
INV-001649,JBM-2024-0628,Banque de Tunisie,,January 17 2025,2025-03-06,2025-02-25,paid,558800.0,19,106172.0,664972.0,tnd,,Regularisation facture N-1. Avoir emis en contrepartie.,17-May-25,0.0,,19.0,2025-02-04,21,False,
INV-001029,JBM-2024-0629,Entreprise Sghaier,,2024/05/19,2024-06-21,,pending,197900.0,19,37601.0,235501.0,tnd,virement,Avoir suite annulation partielle du projet.,2024/07/18,0.0,,19.0,2024-05-22,,True,679
INV-001030,JBM-2024-0630,Cabinet Rekik & Associes,DEAL-007941,05/10/2024,2024-11-19,2024-11-20,paid,268100.0,19,50939.0,319039.0,TND,,Facture solde - Developpement plateforme BI. Livraison finale acceptee.,2024-10-06,0.0,,19.0,2024-10-20,31,False,
INV-001031,JBM-2024-0631,CLINIQUE DENTAIRE DR MRAD,DEAL-007875,15-Mar-24,2024-04-15,2024-05-29,paid,269700.0,0.19,51243.0,320943.0,TND,,,13-Jul-24,0.0,,0.19,2024-03-16,74,False,
INV-001032,JBM-2024-0632,Groupe Hamdi Digital,DEAL-001262,25-Dec-24,2025-02-23,2025-02-10,paid,224000.0,19,42560.0,266560.0,tnd,cash,Frais de deplacement inclus. Voir detail en annexe.,2025-02-10,266560.0,0,19.0,2025-01-24,17,False,
INV-001033,JBM-2024-0633,STE Chaabane Solutions,,19/10/2024,2024-11-28,2024-12-14,paid,240000.0,19%,45600.0,285600.0,TND,,Acompte 50% - Contrat annuel support applicatif.,17/05/2025,0.0,,19.0,2024-10-29,46,False,
INV-001034,JBM-2024-0634,Groupe Zouari Digital,DEAL-006651,22/06/2024,2024-08-13,2024-08-14,paid,281500.0,,53485.0,334985.0,TND,,Facture solde - Developpement plateforme BI. Livraison finale acceptee.,17/06/2025,0.0,,,2024-07-14,31,False,
INV-001035,JBM-2024-0635,Cabinet Agrebi Conseil,,2024-07-01,2024-08-05,2024-08-29,paid,150600.0,19,28614.0,179214.0,tnd,,Acompte 50% - Contrat annuel support applicatif.,2024-09-29,0.0,,19.0,2024-07-06,54,False,
INV-001036,JBM-2024-0636,Cabinet Comptable Slim,DEAL-002375,20/04/2024,2024-06-11,2024-08-07,paid,134400.0,19,25536.0,159936.0,DT,,Facture 1/3 - Projet migration cloud STEG. Tranche initiale 30%.,2025-02-14,0.0,,19.0,2024-05-12,87,False,
INV-001037,JBM-2024-0637,STE Hamdi Consulting,DEAL-006661,14/12/2024,2025-01-25,2025-11-02,paid,90200.0,19,17138.0,107338.0,TND,,Contrat cadre 2025. Facture trimestrielle T2.,14-Mar-25,0.0,,19.0,2024-12-26,311,False,
INV-001038,JBM-2024-0638,Imprimerie El Ittihad,DEAL-007663,2024/09/28,2024-11-23,2024-12-02,paid,289000.0,19%,54910.0,343910.0,EUR,,Contrat cadre 2025. Facture trimestrielle T2.,March 27 2025,0.0,,19.0,2024-10-24,39,False,
INV-001039,JBM-2024-0639,STE Ben Romdhane Consulting,DEAL-006012,10/10/2024,2024-11-26,,cancelled,49000.0,19,9310.0,58310.0,TND,,Invoice for Q2 maintenance contract. PO number: TT-2024-8821.,2024/10/20,0.0,,19.0,2024-10-27,,False,
INV-001040,JBM-2024-0640,BIAT,,2024-11-25,2025-01-18,2025-04-01,paid,36300.0,0.19,6897.0,43197.0,EUR,,Invoice for cybersecurity audit - Phase 1 completed.,2025-09-21,0.0,,0.19,2024-12-19,103,False,
INV-001041,JBM-2024-0641,Cabinet Turki Conseil,DEAL-007808,2024/10/04,2024-11-05,2024-11-27,paid,46600.0,19,8854.0,55454.0,tnd,,Frais de deplacement inclus. Voir detail en annexe.,2025-08-30,0.0,,19.0,2024-10-06,52,False,
INV-001042,JBM-2024-0642,STE Oueslati & Fils,DEAL-002906,2024-01-10,2024-02-14,2024-03-06,paid,132100.0,,25099.0,157199.0,TND,,Frais de deplacement inclus. Voir detail en annexe.,09-Feb-24,0.0,,,2024-01-15,51,False,
INV-001043,JBM-2024-0643,STE Agrebi So#lutions,,11-Nov-24,2024-12-18,2025-01-09,paid,136400.0,19,25916.0,162316.0,DT,,Acompte 50% - Contrat annuel support applicatif.,2025-05-10,0.0,,19.0,2024-11-18,52,False,
INV-001044,JBM-2024-0644,Cabinet Comptable Slim,,2024/06/15,2024-07-15,2024-09-13,paid,253400.0,19,48146.0,301546.0,TND,bank transfer,Contrat cadre 2025. Facture trimestrielle T2.,2024/09/13,172059.68,0,19.0,2024-06-15,90,False,
INV-001045,JBM-2024-0645,Hexabyte,,2024/01/14,2024-02-29,2024-02-25,paid,262500.0,19,49875.0,312375.0,TND,,,2024/06/12,0.0,,19.0,2024-01-30,26,False,
INV-001047,JBM-2024-0647,CNSS,,2024-10-13,2024-12-09,2024-11-17,paid,131600.0,19,25004.0,156604.0,tnd,,Facture mensuelle maintenance.,2024-10-13,0.0,,19.0,2024-11-09,8,False,
INV-001048,JBM-2024-0648,Restaurant Le Mediterranee,DEAL-002292,22-Jul-24,2024-09-20,2024-09-23,paid,166200.0,0.19,31578.0,197778.0,DT,,Facture solde - Developpement plateforme BI. Livraison finale acceptee.,June 17 2025,0.0,,0.19,2024-08-21,33,False,
INV-001049,JBM-2024-0649,Topnet,DEAL-001366,2024-07-25,2024-09-03,2024-07-09,paid,131800.0,19,25042.0,156842.0,TND,,,February 20 2025,0.0,,19.0,2024-08-04,-26,False,
INV-001050,JBM-2024-0650,Poulina Group,DEAL-002390,,2024-02-08,2024-07-12,paid,295000.0,19,56050.0,351050.0,TND,,Frais de deplacement inclus. Voir detail en annexe.,2025/02/02,0.0,,19.0,2024-01-09,185,False,
INV-001051,JBM-2024-0651,STE Chaabane Solutions,,19/06/2024,2024-12-08,2024-08-16,paid,179600.0,0.19,34124.0,213724.0,DT,,Avoir suite annulation partielle du projet.,18/08/2024,0.0,,0.19,2024-11-08,-84,False,
INV-001052,JBM-2024-0652,Bijouterie Sfaxienne,DEAL-002567,26/07/2024,2024-09-04,2024-10-11,paid,10000.0,19,1900.0,11900.0,TND,check,,April 22 2025,0.0,,19.0,2024-08-05,67,False,
INV-001053,JBM-2024-0653,CNAM,DEAL-005223,2024/04/11,2024-04-06,2024-05-13,cancelled,286100.0,19,54359.0,340459.0,TND,,,2024/09/08,0.0,,19.0,2024-03-07,,False,
INV-001054,JBM-2024-0654,Cabinet Agrebi Conseil,DEAL-001777,September 28 2024,2024-10-11,2024-11-20,paid,138200.0,0.19,26258.0,164458.0,TND,,,2025/07/25,0.0,,0.19,2024-09-11,70,False,
INV-001055,JBM-2024-0655,STE Mejri Informatique,DEAL-002878,27-Jul-24,2024-09-11,2024-09-17,paid,47000.0,19%,8930.0,55930.0,TND,,Invoice for cybersecurity audit - Phase 1 completed.,February 22 2025,0.0,,19.0,2024-08-12,36,False,
INV-001056,JBM-2024-0656,Ministere des Finances,DEAL-004708,09/06/2024,2024-07-22,2024-07-16,paid,139000.0,,26410.0,165410.0,TND,,Invoice for Q2 maintenance contract. PO number: TT-2024-8821.,11-Jun-24,0.0,,,2024-06-22,24,False,
INV-001057,JBM-2024-0657,Entreprise Haddad,DEAL-001579,2024-10-29,2024-12-28,2024-12-28,paid,230700.0,,43833.0,274533.0,tnd,,Facture mensuelle maintenance.,July 26 2025,0.0,,,2024-11-28,30,False,
INV-001058,JBM-2024-0658,Groupe Ferchiou Digital,DEAL-002255,2024-12-04,2025-01-21,,pending,72000.0,19 %,13680.0,85680.0,EUR,,Facture solde - Developpement plateforme BI. Livraison finale acceptee.,2025-08-31,0.0,,19.0,2024-12-22,,True,465
INV-001059,JBM-2024-0659,CNAM SA,,July 08 2024,2024-02-09,2024-08-20,paid,228300.0,19,43377.0,271677.0,DT,Virement bancaire,Retenue de garantie 10% - Liberation apres recette definitive.,2024/07/09,0.0,,19.0,2024-01-10,223,False,
INV-001060,JBM-2024-0660,Boulangerie Chez Faouzi,DEAL-006554,2024/01/26,2024-03-21,,pending,242600.0,19,46094.0,288694.0,EUR,,,February 25 2024,0.0,,19.0,2024-02-20,,True,771
INV-001061,JBM-2024-0661,Groupe Haddad Technologies,DEAL-001767,2024/01/10,2024-02-21,2024-02-26,paid,116200.0,19,22078.0,138278.0,DT,cash,Avoir suite annulation partielle du projet.,26-Feb-24,138278.0,0,19.0,2024-01-22,35,False,
INV-001062,JBM-2024-0662,STE Laabidi Consulting,DEAL-005629,2024-12-15,2025-02-13,2025-06-02,paid,243300.0,19,46227.0,289527.0,DT,cheque,Invoice for cybersecurity audit - Phase 1 completed.,18-Jan-25,163064.83,126462.17,19.0,2025-01-14,139,False,
INV-001310,JBM-2024-0663,Bureau d'Etudes Gharbi,,2025-10-21,2025-12-03,2025-09-12,paid,88500.0,19,16815.0,105315.0,DT,,Acompte 50% - Contrat annuel support applicatif.,19-Jan-26,0.0,,19.0,2025-11-03,-52,False,
INV-001064,JBM-2024-0664,STE Khalfallah & Fils,DEAL-000490,12/07/2024,2024-08-29,2024-09-03,paid,40300.0,19,7657.0,47957.0,TND,,Avoir suite annulation partielle du projet.,07/02/2025,0.0,,19.0,2024-07-30,35,False,
INV-001065,JBM-2024-0665,ste hamdi consulting,DEAL-006147,23-Feb-24,2024-04-22,2024-04-12,paid,156500.0,19,29735.0,186235.0,TND,,Contrat cadre 2025. Facture trimestrielle T2.,2024/09/20,0.0,,19.0,2024-03-23,20,False,
INV-001066,JBM-2024-0666,Bureau d'Etudes Ben Salah,DEAL-007818,26/05/2024,2024-06-27,,cancelled,205300.0,19,39007.0,244307.0,EUR,,,2024/05/27,0.0,,19.0,2024-05-28,,False,
INV-001067,JBM-2024-0667,Cabinet Comptable Slim,,18-Apr-24,2024-05-23,2024-07-11,paid,265400.0,0.19,50426.0,315826.0,DT,cheque,Regularisation facture N-1. Avoir emis en contrepartie.,2024/06/17,0.0,,0.19,2024-04-23,79,False,
INV-001068,JBM-2024-0668,S.Haddad Import Export,DEAL-004471,23-Jun-24,2024-08-08,,cancelled,286500.0,19,54435.0,340935.0,TND,,Contrat cadre 2025. Facture trimestrielle T2.,June 25 2024,0.0,,19.0,2024-07-09,,False,
INV-001069,JBM-2024-0669,STE Jlassi Consulting,DEAL-001374,2024-05-15,2024-07-03,2024-07-07,paid,60700.0,19 %,11533.0,72233.0,DT,,Avoir suite annulation partielle du projet.,13-Aug-24,0.0,,19.0,2024-06-03,34,False,
INV-001070,JBM-2024-0670,Bureau d'Etudes Bouzid,DEAL-001856,2024/12/16,2025-01-18,,pending,254000.0,19,48260.0,302260.0,TND,,Facture solde - Developpement plateforme BI. Livraison finale acceptee.,12-Sep-25,0.0,,19.0,2024-12-19,,True,468
INV-001071,JBM-2024-0671,Topnet,DEAL-005988,2024/05/30,2024-07-09,2024-07-14,paid,137200.0,19,26068.0,163268.0,TND,,,January 25 2025,0.0,,19.0,2024-06-09,35,False,
INV-001072,JBM-2024-0672,Restaurant Le Mediterranee,,2024/06/17,2024-11-08,,overdue,167200.0,19,31768.0,198968.0,DT,,Frais de deplacement inclus. Voir detail en annexe.,2025-12-09,0.0,,19.0,2024-10-09,,True,539
INV-001073,JBM-2024-0673,Imprimerie El Ittihad,,March 11 2024,2024-04-20,,pending,,,,,tnd,,Avoir suite annulation partielle du projet.,June 09 2024,0.0,,,2024-03-21,,True,741
INV-001074,JBM-2024-0674,Bureau d'Etudes Ben Salah,,November 09 2024,2024-12-24,2025-01-04,paid,218700.0,19,41553.0,260253.0,EUR,Cash,Acompte 50% - Contrat annuel support applicatif.,2024-11-09,0.0,,19.0,2024-11-24,41,False,
INV-001075,JBM-2024-0675,Ministere des Finances,DEAL-002025,19/01/2024,2024-03-17,2024-02-20,paid,99000.0,19,18810.0,117810.0,,,,January 19 2024,0.0,,19.0,2024-02-16,4,False,
INV-001076,JBM-2024-0676,STE Belhadj Consulting,,December 26 2024,2025-02-23,2025-02-23,paid,157100.0,19,29849.0,186949.0,TND,,Regularisation facture N-1. Avoir emis en contrepartie.,2025-02-24,0.0,,19.0,2025-01-24,30,False,
INV-001078,JBM-2024-0678,Delice Danone,DEAL-001339,23/01/2024,2024-03-15,,paid,291300.0,0.19,55347.0,346647.0,EUR,,Contrat cadre 2025. Facture trimestrielle T2.,January 23 2024,0.0,,0.19,2024-02-14,,False,
INV-001079,JBM-2024-0679,Entreprise Chaabane,,2024/01/07,2024-03-03,,pending,124900.0,19,23731.0,148631.0,DT,,Avoir suite annulation partielle du projet.,January 07 2024,0.0,,19.0,2024-02-02,,True,789
INV-001081,JBM-2024-0681,Cafe Carthage,,27/12/2024,2025-02-08,2025-03-22,paid,11200.0,19,2128.0,13328.0,EUR,,Frais de deplacement inclus. Voir detail en annexe.,2025/04/26,0.0,,19.0,2025-01-09,72,False,
INV-001082,JBM-2024-0682,Entreprise Haddad,,01-Nov-24,2024-12-05,2024-12-29,paid,296400.0,19 %,56316.0,352716.0,TND,,,30/04/2025,0.0,,19.0,2024-11-05,54,False,
INV-001083,JBM-2024-0683,Groupe Hamouda Digital,,27/05/2024,2024-07-17,2024-07-19,paid,183900.0,0.19,34941.0,218841.0,DT,,Invoice for cybersecurity audit - Phase 1 completed.,23-Dec-24,0.0,,0.19,2024-06-17,32,False,
INV-001084,JBM-2024-0684,Pharmacie Al Amal,DEAL-004898,2024-05-08,2024-06-07,,pending,6700.0,19,1273.0,7973.0,DT,,Retenue de garantie 10% - Liberation apres recette definitive.,04-Dec-24,0.0,,19.0,2024-05-08,,True,693
INV-001085,JBM-2024-0685,STE Ben Romdhane Consulting,,14-Jun-24,2024-08-11,2024-08-01,paid,173100.0,19%,32889.0,205989.0,tnd,,Retenue de garantie 10% - Liberation apres recette definitive.,August 13 2024,0.0,,19.0,2024-07-12,20,False,
INV-001086,JBM-2024-0686,agence immobiliere sfax centre,DEAL-005109,2024-08-05,2024-09-23,,overdue,255850.0,19,48611.5,304461.5,TND,virement,Invoice for Q2 maintenance contract. PO number: TT-2024-8821.,23/10/2024,0.0,,19.0,2024-08-24,,True,585
INV-001288,JBM-2024-0687,STEG,,2025-06-15,2025-07-23,2025-07-22,paid,132400.0,19,25156.0,157556.0,EUR,,Avoir suite annulation partielle du projet.,14-Aug-25,0.0,,19.0,2025-06-23,29,False,
INV-001088,JBM-2024-0688,STE Khalfallah Consulting,DEAL-002634,2024/12/23,2025-02-07,2024-12-21,paid,227600.0,19 %,43244.0,270844.0,tnd,,Invoice for Q2 maintenance contract. PO number: TT-2024-8821.,2024-12-26,0.0,,19.0,2025-01-08,-18,False,
INV-001089,JBM-2024-0689,Groupe-Hamdi-Digital,DEAL-007180,2024-11-19,2024-12-24,2025-01-03,paid,109300.0,19 %,20767.0,130067.0,TND,,Regularisation facture N-1. Avoir emis en contrepartie.,2025/06/17,0.0,,19.0,2024-11-24,40,False,
INV-001090,JBM-2024-0690,Fleuriste Au Jasmin,DEAL-005606,2024/05/12,2024-06-18,2024-08-02,paid,27900.0,0.19,5301.0,33201.0,tnd,,Acompte 50% - Contrat annuel support applicatif.,11/06/2024,0.0,,0.19,2024-05-19,75,False,
INV-001091,JBM-2024-0691,Ministere des Finances,DEAL-004660,March 09 2024,2024-04-10,2024-04-11,paid,272500.0,,51775.0,324275.0,TND,check,Contrat cadre 2025. Facture trimestrielle T2.,05/09/2024,0.0,,,2024-03-11,31,False,
INV-001092,JBM-2024-0692,Librairie Al Manar,DEAL-002353,2024-06-21,2024-08-17,,overdue,251600.0,19,47804.0,299404.0,tnd,,Facture mensuelle maintenance.,18-Nov-24,0.0,,19.0,2024-07-18,,True,622
INV-001093,JBM-2024-0693,bureau d'etudes gharbi,DEAL-003862,2024/02/02,2024-03-08,2024-03-20,paid,186100.0,19,35359.0,221459.0,tnd,,Invoice for Q2 maintenance contract. PO number: TT-2024-8821.,September 29 2024,0.0,,19.0,2024-02-07,42,False,
INV-001094,JBM-2024-0694,Groupe Agrebi Technologies,DEAL-001866,October 17 2024,2024-09-12,2024-12-08,paid,77400.0,0.19,14706.0,92106.0,EUR,Especes,Contrat cadre 2025. Facture trimestrielle T2.,08-Dec-24,92106.0,0,0.19,2024-08-13,117,False,
INV-001095,JBM-2024-0695,Cabinet Agrebi Conseil,DEAL-004673,17-Dec-24,2025-01-25,,cancelled,65800.0,19,12502.0,78302.0,TND,,,December 27 2024,0.0,,19.0,2024-12-26,,False,
INV-001096,JBM-2024-0696,Garage Mecanique Toumi,DEAL-001787,22/11/2024,2025-01-03,2025-01-26,paid,174500.0,19,33155.0,207655.0,DT,,Facture solde - Developpement plateforme BI. Livraison finale acceptee.,2025-02-20,0.0,,19.0,2024-12-04,53,False,
INV-001097,JBM-2024-0697,BIAT SA,DEAL-003142,05/04/2024,2024-05-27,2024-05-20,paid,96500.0,19,18335.0,114835.0,tnd,,Facture mensuelle maintenance.,October 02 2024,0.0,,19.0,2024-04-27,23,False,
INV-001098,JBM-2024-0698,Garage Mecanique Toumi,,04-Jul-24,2024-08-05,2024-09-24,paid,240700.0,19 %,45733.0,286433.0,DT,,Facture mensuelle maintenance.,2024/07/04,0.0,,19.0,2024-07-06,80,False,
INV-001099,JBM-2024-0699,CyberPark Elghazala,,2024-05-17,2024-06-27,2024-06-21,paid,198800.0,19,37772.0,236572.0,,,Facture 1/3 - Projet migration cloud STEG. Tranche initiale 30%.,February 11 2025,0.0,,19.0,2024-05-28,24,False,
INV-001100,JBM-2024-0700,Salon Coiffure Elegance,DEAL-000951,2024-07-01,2024-08-25,2024-09-24,paid,40900.0,15,7771.0,48671.0,TND,,,July 02 2024,0.0,,15.0,2024-07-26,60,False,
INV-001101,JBM-2024-0701,Banque de Tunisie,,2024-06-29,2024-08-26,,cancelled,269700.0,19%,51243.0,320943.0,TND,,Avoir suite annulation partielle du projet.,July 02 2024,0.0,,19.0,2024-07-27,,False,
INV-001102,JBM-2024-0702,Tunisie Telecom,DEAL-000871,08-Jun-24,2024-08-02,2024-07-18,paid,166300.0,19,31597.0,197897.0,EUR,,Frais de deplacement inclus. Voir detail en annexe.,06/09/2024,0.0,,19.0,2024-07-03,15,False,
INV-001103,JBM-2024-0703,Cabinet Comptable Slim,DEAL-000892,June 05 2024,2024-07-23,2024-03-09,paid,213600.0,0.19,40584.0,254184.0,tnd,,Facture mensuelle maintenance.,02/12/2024,0.0,,0.19,2024-06-23,-106,False,
INV-001104,JBM-2024-0704,STE Zouari Consulting,DEAL-000281,16-May-24,2024-07-08,2024-07-09,paid,295000.0,19,56050.0,351050.0,EUR,,Contrat cadre 2025. Facture trimestrielle T2.,12-Mar-25,0.0,,19.0,2024-06-08,31,False,
INV-001105,JBM-2024-0705,Groupe Bouzid Digital,DEAL-003010,11-Dec-24,2025-01-28,2025-02-06,paid,19400.0,19,3686.0,23086.0,tnd,,,2025-04-10,0.0,,19.0,2024-12-29,39,False,
INV-001106,JBM-2024-0706,Cabinet Rekik & Associes,DEAL-001725,2024-10-15,2024-12-13,2024-12-13,paid,62237.0,19,11825.03,74062.03,TND,,Invoice for cybersecurity audit - Phase 1 completed.,2025/09/10,0.0,,19.0,2024-11-13,30,False,
INV-001107,JBM-2024-0707,Groupe Haddad Technologies,DEAL-006811,16/05/2024,2024-07-07,2024-01-05,paid,219800.0,19,41762.0,261562.0,DT,,Avoir suite annulation partielle du projet.,July 15 2024,0.0,,19.0,2024-06-07,-154,False,
INV-001108,JBM-2024-0708,Entreprise Sghaier,DEAL-000868,2024-06-09,2024-07-29,,pending,81500.0,19,15485.0,96985.0,TND,,Avoir suite annulation partielle du projet.,2025/06/04,0.0,,19.0,2024-06-29,,True,641
INV-001109,JBM-2024-0709,Topnet,DEAL-006720,2024-12-14,2025-01-13,2025-01-16,paid,50100.0,19 %,9519.0,59619.0,TND,,Frais de deplacement inclus. Voir detail en annexe.,2025-03-14,0.0,,19.0,2024-12-14,33,False,
INV-001110,JBM-2024-0710,STE Ben Salah Consulting,,02-Apr-24,2024-05-15,2024-05-24,cancelled,24900.0,19,4731.0,29631.0,tnd,,Facture solde - Developpement plateforme BI. Livraison finale acceptee.,November 28 2024,0.0,,19.0,2024-04-15,,False,
INV-001111,JBM-2024-0711,Bureau d'Etudes Ben Salah,,19-Jun-24,2024-08-10,2024-06-08,cancelled,111700.0,19,21223.0,132923.0,TND,Cheque,Invoice for Q2 maintenance contract. PO number: TT-2024-8821.,2025-03-16,0.0,,19.0,2024-07-11,,False,
INV-001113,JBM-2024-0713,Groupe Hamouda Digital,DEAL-003082,March 04 2024,2024-04-17,2024-05-02,paid,41700.0,19,7923.0,49623.0,tnd,,Facture solde - Developpement plateforme BI. Livraison finale acceptee.,July 02 2024,0.0,,19.0,2024-03-18,45,False,
INV-001114,JBM-2024-0714,Groupe Trabelsi Technologies SARL,DEAL-006288,2024-05-19,2024-07-07,,pending,228000.0,,43320.0,271320.0,EUR,,,2024/09/16,0.0,,,2024-06-07,,True,663
INV-001115,JBM-2024-0715,Studio Photo Memories,DEAL-000850,2024/11/02,2024-12-13,2025-01-05,paid,274700.0,19,52193.0,326893.0,tnd,,Retenue de garantie 10% - Liberation apres recette definitive.,May 01 2025,0.0,,19.0,2024-11-13,53,False,
INV-001116,JBM-2024-0716,STE Ben Romdhane Consulting,DEAL-002192,2024-01-06,2024-02-24,2024-02-21,paid,269100.0,,51129.0,320229.0,EUR,,Frais de deplacement inclus. Voir detail en annexe.,01/12/2024,0.0,,,2024-01-25,27,False,
INV-001117,JBM-2024-0717,Entreprise Chaabane,,2024-03-29,2024-05-21,2024-05-15,paid,41400.0,19%,7866.0,49266.0,TND,Bank Transfer,,19/04/2024,16859.38,32406.62,19.0,2024-04-21,24,False,
INV-001118,JBM-2024-0718,Banque de Tunisie,DEAL-007147,27/01/2024,2024-03-04,2024-03-12,paid,265400.0,19,50426.0,315826.0,tnd,,Avoir suite annulation partielle du projet.,26/02/2024,0.0,,19.0,2024-02-03,38,False,
INV-001119,JBM-2024-0719,Bureau d'Etudes Bouzid,,2024-10-20,2024-11-25,2024-12-14,paid,167000.0,19,31730.0,198730.0,DT,,Contrat cadre 2025. Facture trimestrielle T2.,January 18 2025,0.0,,19.0,2024-10-26,49,False,
INV-001120,JBM-2024-0720,Tunisair,DEAL-007242,13-Oct-24,2024-02-10,2024-11-19,paid,83300.0,0.19,15827.0,99127.0,EUR,,,16/10/2024,0.0,,0.19,2024-01-11,313,False,
INV-001121,JBM-2024-0721,Bureau d'Etudes Laabidi,,2024-12-04,2025-01-15,,pending,64800.0,19,12312.0,77112.0,TND,,Invoice for Q2 maintenance contract. PO number: TT-2024-8821.,2025-08-31,0.0,,19.0,2024-12-16,,True,471
INV-001122,JBM-2024-0722,Studio Photo Memories,,December 30 2024,2025-02-16,2025-03-03,paid,101100.0,15,19209.0,120309.0,tnd,Cheque,Contrat cadre 2025. Facture trimestrielle T2.,27-Aug-25,0.0,,15.0,2025-01-17,45,False,
INV-001123,JBM-2024-0723,STE Bouzid Consulting,DEAL-006727,2024/10/17,2024-12-12,2024-12-06,paid,297900.0,15,56601.0,354501.0,TND,,Acompte 50% - Contrat annuel support applicatif.,November 16 2024,0.0,,15.0,2024-11-12,24,False,
INV-001124,JBM-2024-0724,GlobalNet,DEAL-000683,April 08 2024,2024-05-13,2024-05-21,paid,187400.0,19,35606.0,223006.0,tnd,,,03/01/2025,0.0,,19.0,2024-04-13,38,False,
INV-001125,JBM-2024-0725,Groupe Khalfallah Digital,,11-May-24,2024-07-07,,pending,92800.0,19,17632.0,110432.0,EUR,,,June 10 2024,0.0,,19.0,2024-06-07,,True,663
INV-001126,JBM-2024-0726,Cafe Carthage,DEAL-002674,October 09 2024,2024-04-12,2024-09-12,paid,45600.0,19,8664.0,54264.0,tnd,,Frais de deplacement inclus. Voir detail en annexe.,August 05 2025,0.0,,19.0,2024-03-13,183,False,
INV-001127,JBM-2024-0727,Imprimerie El Ittihad,DEAL-007370,2024/05/06,2024-07-04,2024-07-26,paid,296100.0,0.19,56259.0,352359.0,TND,virement,Regularisation facture N-1. Avoir emis en contrepartie.,2024/05/06,0.0,,0.19,2024-06-04,52,False,
INV-001128,JBM-2024-0728,Groupe Trabelsi Technologies,DEAL-005815,2024-04-03,2024-05-08,2024-05-30,paid,235800.0,0,44802.0,280602.0,tnd,,Retenue de garantie 10% - Liberation apres recette definitive.,2024-05-03,0.0,,0.0,2024-04-08,52,False,
INV-001129,JBM-2024-0729,STE Khalfallah & Fils,DEAL-004684,06/01/2024,2024-02-26,2024-02-29,paid,64800.0,19,12312.0,77112.0,tnd,,Invoice for Q2 maintenance contract. PO number: TT-2024-8821.,2024-05-05,0.0,,19.0,2024-01-27,33,False,
INV-001130,JBM-2024-0730,Bureau d'Etudes Laabidi,DEAL-004119,2024-07-07,2024-08-16,2024-02-09,paid,148300.0,0.19,28177.0,176477.0,TND,,Facture mensuelle maintenance.,March 04 2025,0.0,,0.19,2024-07-17,-159,False,
INV-001131,JBM-2024-0731,Groupe Haddad Technologies,DEAL-001951,14-Dec-24,2025-02-04,,pending,124300.0,19,23617.0,147917.0,EUR,,Invoice for cybersecurity audit - Phase 1 completed.,December 09 2025,0.0,,19.0,2025-01-05,,True,451
INV-001132,JBM-2024-0732,B.d'Etudes Gharbi,,26/10/2024,2024-12-24,,cancelled,151000.0,19%,28690.0,179690.0,TND,cash,Regularisation facture N-1. Avoir emis en contrepartie.,26-Oct-24,0.0,,19.0,2024-11-24,,False,
INV-001133,JBM-2024-0733,La Poste Tunisienne,DEAL-006999,June 21 2024,2024-07-29,2024-07-27,paid,111200.0,19,21128.0,132328.0,TND,,Acompte 50% - Contrat annuel support applicatif.,17/01/2025,0.0,,19.0,2024-06-29,28,False,
INV-001134,JBM-2024-0734,STE Chaabane Solutions,DEAL-002197,2024-12-10,2025-01-21,2025-07-02,paid,166300.0,19,31597.0,197897.0,TND,Cheque,Invoice for Q2 maintenance contract. PO number: TT-2024-8821.,14-Jan-25,74694.16,123202.84,19.0,2024-12-22,192,False,
INV-001136,JBM-2024-0736,STE Bouzid Consulting,DEAL-002870,12/11/2024,2025-01-04,2025-01-08,paid,169000.0,19,32110.0,201110.0,EUR,bank transfer,Acompte 50% - Contrat annuel support applicatif.,November 12 2024,0.0,,19.0,2024-12-05,34,False,
INV-001137,JBM-2024-0737,Societe Haddad Import Export,,04-Feb-24,2024-03-17,2024-04-06,paid,198200.0,19,37658.0,235858.0,TND,,Avoir suite annulation partielle du projet.,January 29 2025,0.0,,19.0,2024-02-16,50,False,
INV-001138,JBM-2024-0738,Groupe Khalfallah Digital,,20-Oct-24,2024-10-11,2024-12-09,paid,13200.0,19,2508.0,15708.0,TND,Bank Transfer,Invoice for Q2 maintenance contract. PO number: TT-2024-8821.,2024/12/09,15708.0,0,19.0,2024-09-11,89,False,
INV-001139,JBM-2024-0739,Banque de Tunisie,DEAL-003283,24/02/2024,2024-03-30,2024-04-05,paid,296200.0,19,56278.0,352478.0,tnd,Cash,,05/04/2024,352478.0,0,19.0,2024-02-29,36,False,
INV-001140,JBM-2024-0740,Bureau d'Etudes Laabidi,DEAL-000281,2024/08/30,2024-06-10,2024-10-21,paid,131000.0,19,24890.0,155890.0,TND,,Regularisation facture N-1. Avoir emis en contrepartie.,29/10/2024,0.0,,19.0,2024-05-11,163,False,
INV-001141,JBM-2024-0741,Hexabyte,DEAL-003875,27/08/2024,2024-09-10,,pending,269900.0,19,51281.0,321181.0,tnd,,Avoir suite annulation partielle du projet.,26-Sep-24,0.0,,19.0,2024-08-11,,True,598
INV-001142,JBM-2024-0742,Salon Coiffure Eelegance,DEAL-002097,2024-10-06,2024-09-11,2024-12-13,paid,172800.0,19,32832.0,205632.0,tnd,especes,Facture 1/3 - Projet migration cloud STEG. Tranche initiale 30%.,13-Dec-24,205632.0,0,19.0,2024-08-12,123,False,
INV-001143,JBM-2024-0743,Entreprise Belhadj,DEAL-006055,April 20 2024,2024-02-06,2024-06-16,paid,19900.0,19,3781.0,23681.0,TND,,Frais de deplacement inclus. Voir detail en annexe.,June 19 2024,0.0,,19.0,2024-01-07,161,False,
INV-001144,JBM-2024-0744,STE Oueslati & Fils,DEAL-004999,19-Dec-24,2025-02-03,2025-04-02,paid,221102.0,19,42009.38,263111.38,EUR,,,2025-04-18,0.0,,19.0,2025-01-04,88,False,
INV-001145,JBM-2024-0745,STE Laabidi Consulting,DEAL-007802,January 01 2024,2024-02-19,,cancelled,48700.0,0.19,9253.0,57953.0,TND,,,01-Jan-24,0.0,,0.19,2024-01-20,,False,
INV-001146,JBM-2024-0746,STE Laabidi Consulting,,January 11 2024,2024-02-12,2024-02-27,paid,32400.0,19,6156.0,38556.0,TND,Especes,Invoice for cybersecurity audit - Phase 1 completed.,27-Feb-24,38556.0,0,19.0,2024-01-13,45,False,
INV-001147,JBM-2024-0747,Studio Photo Memories,DEAL-005556,November 04 2024,2024-12-18,,cancelled,266400.0,0.19,50616.0,317016.0,TND,,,2024-11-06,0.0,,0.19,2024-11-18,,False,
INV-001148,JBM-2024-0748,Garage Mecanique Toumi,DEAL-000312,October 16 2024,2024-11-23,,paid,259400.0,19,49286.0,308686.0,TND,,Frais de deplacement inclus. Voir detail en annexe.,2025/10/11,0.0,,19.0,2024-10-24,,False,
INV-001149,JBM-2024-0749,Ooredoo Tunisie,DEAL-001673,June 13 2024,2024-07-26,2024-07-24,paid,300951.0,19,57180.69,358131.69,tnd,,,2024/06/13,0.0,,19.0,2024-06-26,28,False,
INV-001150,JBM-2024-0750,Entreprise Chaabane,DEAL-006485,May 27 2024,2024-07-24,,pending,180100.0,19,34219.0,214319.0,tnd,,Avoir suite annulation partielle du projet.,2025/01/22,0.0,,19.0,2024-06-24,,True,646
INV-001151,JBM-2024-0751,Groupe Hamouda Digital,,June 12 2024,2024-06-06,2024-06-08,paid,180800.0,19,34352.0,215152.0,EUR,,Facture 1/3 - Projet migration cloud STEG. Tranche initiale 30%.,08/05/2025,0.0,,19.0,2024-05-07,32,False,
INV-001152,JBM-2024-0752,CyberPark Elghazala,,08/12/2024,2025-01-17,2025-01-08,paid,282700.0,19,53713.0,336413.0,,,Invoice for Q2 maintenance contract. PO number: TT-2024-8821.,2025-07-06,0.0,,19.0,2024-12-18,21,False,
INV-001153,JBM-2024-0753,BIAT,DEAL-004270,2024/05/31,2024-07-25,2024-07-11,paid,214700.0,19,40793.0,255493.0,EUR,,Acompte 50% - Contrat annuel support applicatif.,2024-05-31,0.0,,19.0,2024-06-25,16,False,
INV-001154,JBM-2024-0754,BNA Bank,DEAL-005050,02-Aug-24,2024-09-24,,cancelled,213400.0,19,40546.0,253946.0,TND,,Regularisation facture N-1. Avoir emis en contrepartie.,August 04 2024,0.0,,19.0,2024-08-25,,False,
INV-001156,JBM-2024-0756,STEG,DEAL-003322,08/11/2024,2024-12-27,2024-12-19,paid,252600.0,15,47994.0,300594.0,TND,,,2025-05-07,0.0,,15.0,2024-11-27,22,False,
INV-001157,JBM-2024-0757,Delice-Danone,DEAL-001490,2024/08/06,2024-10-03,2024-03-08,paid,200900.0,19,38171.0,239071.0,DT,,Facture 1/3 - Projet migration cloud STEG. Tranche initiale 30%.,04-Dec-24,0.0,,19.0,2024-09-03,-179,False,
INV-001158,JBM-2024-0758,STEG,DEAL-005721,2024/11/20,2025-01-06,2024-12-25,paid,182700.0,19,34713.0,217413.0,TND,,,19-May-25,0.0,,19.0,2024-12-07,18,False,
INV-001159,JBM-2024-0759,Ecole Privee Ibn Khaldoun,DEAL-001953,27/02/2024,2024-04-16,2024-09-05,paid,43600.0,19,8284.0,51884.0,TND,,Contrat cadre 2025. Facture trimestrielle T2.,2024/02/27,0.0,,19.0,2024-03-17,172,False,
INV-001160,JBM-2024-0760,STE Ben Salah & Fils,DEAL-000617,25/11/2024,2024-11-23,2025-01-18,paid,296600.0,19%,56354.0,352954.0,TND,especes,Facture mensuelle maintenance.,18/01/2025,352954.0,0,19.0,2024-10-24,86,False,
INV-001161,JBM-2024-0761,Groupe Zouari Digital SUARL,,01-Jan-24,2024-03-01,2024-02-15,paid,132700.0,19,25213.0,157913.0,tnd,cash,Acompte 50% - Contrat annuel support applicatif.,2024-06-29,0.0,,19.0,2024-01-31,15,False,
INV-001162,JBM-2024-0762,Cafe Carthage,DEAL-003315,March 18 2024,2024-04-17,,pending,225300.0,19 %,42807.0,268107.0,EUR,,,11/02/2025,0.0,,19.0,2024-03-18,,True,744
INV-001163,JBM-2024-0763,Studio Photo Memories,DEAL-006863,18/02/2024,2024-02-13,2024-10-05,paid,274800.0,19,52212.0,327012.0,TND,,Facture 1/3 - Projet migration cloud STEG. Tranche initiale 30%.,August 16 2024,0.0,,19.0,2024-01-14,265,False,
INV-001165,JBM-2024-0765,Studio Photeo Memories,,2024-10-23,2024-12-17,2025-01-10,paid,48900.0,19,9291.0,58191.0,TND,,Facture 1/3 - Projet migration cloud STEG. Tranche initiale 30%.,2024/10/24,0.0,,19.0,2024-11-17,54,False,
INV-001166,JBM-2024-0766,Cafe Carthage,DEAL-004023,2024-05-01,2024-06-03,2024-07-01,paid,142200.0,0,27018.0,169218.0,DT,check,Invoice for Q2 maintenance contract. PO number: TT-2024-8821.,01-May-24,0.0,,0.0,2024-05-04,58,False,
INV-001167,JBM-2024-0767,boulangerie chez faouzi,DEAL-007887,01-Jan-24,2024-02-23,2023-12-23,paid,28900.0,15,5491.0,34391.0,TND,,Avoir suite annulation partielle du projet.,March 31 2024,0.0,,15.0,2024-01-24,-32,False,
INV-001168,JBM-2024-0768,STE Ferchiou Informatique,,2024-01-14,2024-03-04,2024-05-03,paid,298600.0,19,56734.0,355334.0,TND,,,2024-12-09,0.0,,19.0,2024-02-03,90,False,
INV-001169,JBM-2024-0769,Entreprise Hamouda,DEAL-003789,21-Feb-24,2024-03-25,2024-04-20,paid,213800.0,,40622.0,254422.0,DT,bank transfer,Invoice for Q2 maintenance contract. PO number: TT-2024-8821.,March 18 2024,144664.94,109757.06,,2024-02-24,56,False,
INV-001170,JBM-2024-0770,Fleuriste Au Jasmin,DEAL-005341,02-Aug-24,2024-09-17,2024-10-19,paid,87300.0,20,16587.0,103887.0,TND,,Retenue de garantie 10% - Liberation apres recette definitive.,2024-12-30,0.0,,20.0,2024-08-18,62,False,
INV-001171,JBM-2024-0771,CyberPark Elghazala,DEAL-003650,2024-03-14,2024-04-25,,pending,180200.0,19,34238.0,214438.0,TND,,Contrat cadre 2025. Facture trimestrielle T2.,2024-03-15,0.0,,19.0,2024-03-26,,True,736
INV-001173,JBM-2024-0773,STE Ferchiou Informatique,DEAL-005252,13-Jun-24,2024-07-25,2024-04-08,paid,44600.0,19,8474.0,53074.0,EUR,,,2024/11/10,0.0,,19.0,2024-06-25,-78,False,
INV-001174,JBM-2024-0774,Bureau d'Etudes Laabidi,DEAL-003497,2024-12-25,2025-02-23,2025-02-13,paid,168000.0,0.19,31920.0,199920.0,EUR,,,September 21 2025,0.0,,0.19,2025-01-24,20,False,
INV-001175,JBM-2024-0775,Tunisair,DEAL-003160,2024/02/21,2024-04-16,2024-03-25,paid,283700.0,19,53903.0,337603.0,EUR,,Frais de deplacement inclus. Voir detail en annexe.,February 21 2024,0.0,,19.0,2024-03-17,8,False,
INV-001176,JBM-2024-0776,Tunisair,DEAL-007755,06/04/2024,2024-05-17,2024-05-11,paid,206600.0,19,39254.0,245854.0,tnd,,Acompte 50% - Contrat annuel support applicatif.,2024-04-06,0.0,,19.0,2024-04-17,24,False,
INV-001177,JBM-2024-0777,Topnet,DEAL-007534,2024-04-25,2024-06-22,2024-05-30,paid,240500.0,19%,45695.0,286195.0,tnd,,,2024-04-26,0.0,,19.0,2024-05-23,7,False,
INV-001178,JBM-2024-0778,Studio Photo Memories,DEAL-003261,April 12 2024,2024-06-06,2024-06-13,paid,81100.0,19,15409.0,96509.0,DT,Check,Facture solde - Developpement plateforme BI. Livraison finale acceptee.,11/06/2024,0.0,,19.0,2024-05-07,37,False,
INV-001179,JBM-2024-0779,F@leuriste Au Jasmin,,29-Oct-24,2024-12-20,2025-01-06,cancelled,54000.0,19 %,10260.0,64260.0,TND,,Facture solde - Developpement plateforme BI. Livraison finale acceptee.,26/02/2025,0.0,,19.0,2024-11-20,,False,
INV-001180,JBM-2024-0780,BIAT,DEAL-004610,2024/11/08,2024-12-26,2024-12-11,paid,143000.0,19,27170.0,170170.0,tnd,cash,Acompte 50% - Contrat annuel support applicatif.,2024-11-08,0.0,,19.0,2024-11-26,15,False,
INV-001181,JBM-2024-0781,STE Zouari Consulting,DEAL-005324,2024/06/10,2024-11-07,,pending,,19,,,TND,,Acompte 50% - Contrat annuel support applicatif.,2024/12/07,0.0,,19.0,2024-10-08,,True,540
INV-001182,JBM-2024-0782,Bureau d'Etudes Laabidi,DEAL-000422,2024/06/12,2024-07-24,2024-08-05,paid,244100.0,0.19,46379.0,290479.0,EUR,,,October 10 2024,0.0,,0.19,2024-06-24,42,False,
INV-001183,JBM-2024-0783,Studio Photo Memories,DEAL-006979,01-Jul-24,2024-01-08,2024-06-21,paid,160000.0,19,30400.0,190400.0,EUR,,Facture mensuelle maintenance.,2024-09-29,0.0,,19.0,2023-12-09,195,False,
INV-001184,JBM-2024-0784,Salon Coiffure Elegance,DEAL-002303,16/12/2024,2025-02-14,,pending,202200.0,19%,38418.0,240618.0,DT,,Frais de deplacement inclus. Voir detail en annexe.,14/07/2025,0.0,,19.0,2025-01-15,,True,441
INV-001185,JBM-2024-0785,Bureau d'Etudes Ben Salah,DEAL-000447,2024/06/09,2024-07-09,2024-08-03,paid,159000.0,19,30210.0,189210.0,tnd,,,June 09 2024,0.0,,19.0,2024-06-09,55,False,
INV-001186,JBM-2024-0786,Studio Photo Memories,DEAL-006604,September 14 2024,2024-03-11,,pending,64100.0,0.19,12179.0,76279.0,TND,,Invoice for cybersecurity audit - Phase 1 completed.,2025/08/10,0.0,,0.19,2024-02-10,,True,781
INV-001187,JBM-2024-0787,STE Agrebi Solutions,,13/07/2024,2024-08-21,2024-08-09,paid,61500.0,19 %,11685.0,73185.0,TND,,Acompte 50% - Contrat annuel support applicatif.,10-Dec-24,0.0,,19.0,2024-07-22,18,False,
INV-001188,JBM-2024-0788,STE Ferchiou Informatique,DEAL-005227,2024/09/28,2024-02-11,2024-11-23,paid,227500.0,19,43225.0,270725.0,TND,,Frais de deplacement inclus. Voir detail en annexe.,January 26 2025,0.0,,19.0,2024-01-12,316,False,
INV-001189,JBM-2024-0789,Clinique Dentaire Dr Mrad,DEAL-001789,2024-04-13,2024-05-21,2024-06-22,paid,179600.0,19,34124.0,213724.0,DT,,Contrat cadre 2025. Facture trimestrielle T2.,09/11/2024,0.0,,19.0,2024-04-21,62,False,
INV-001190,JBM-2024-0790,STE Hamdi Consulting,DEAL-003161,January 24 2024,2024-12-03,,pending,165000.0,19%,31350.0,196350.0,TND,,Retenue de garantie 10% - Liberation apres recette definitive.,2024/12/19,0.0,,19.0,2024-11-03,,True,514
INV-001191,JBM-2024-0791,Librairie Al Manar,DEAL-007061,2024-02-26,2024-04-20,,pending,207500.0,0.19,39425.0,246925.0,TND,cheque,Invoice for cybersecurity audit - Phase 1 completed.,24/08/2024,0.0,,0.19,2024-03-21,,True,741
INV-001192,JBM-2024-0792,Cabinet Rekik & Associes,,February 01 2024,2024-03-23,2024-03-25,paid,284500.0,0.19,54055.0,338555.0,TND,,Acompte 50% - Contrat annuel support applicatif.,2024/12/27,0.0,,0.19,2024-02-22,32,False,
INV-001193,JBM-2024-0793,Salon Coiffure Elegance,,18-Jun-24,2024-07-20,,overdue,74300.0,19,14117.0,88417.0,TND,,Invoice for Q2 maintenance contract. PO number: TT-2024-8821.,August 12 2025,0.0,,19.0,2024-06-20,,True,650
INV-001194,JBM-2024-0794,Poulina Group,DEAL-006947,April 29 2024,2024-06-10,2024-05-30,paid,265300.0,19 %,50407.0,315707.0,TND,,,February 23 2025,0.0,,19.0,2024-05-11,19,False,
INV-001195,JBM-2024-0795,BNA Bank,DEAL-006197,16/03/2024,2024-04-20,2024-04-22,paid,205300.0,19%,39007.0,244307.0,DT,,Frais de deplacement inclus. Voir detail en annexe.,October 12 2024,0.0,,19.0,2024-03-21,32,False,
INV-001196,JBM-2024-0796,CyberPark Elghazala,DEAL-004490,2024/05/11,2024-06-30,2024-10-06,cancelled,57600.0,19,10944.0,68544.0,DT,,Acompte 50% - Contrat annuel support applicatif.,2024-08-09,0.0,,19.0,2024-05-31,,False,
INV-001197,JBM-2024-0797,STE Ben Romdhane Consulting,DEAL-007500,2024-07-22,2024-09-08,,pending,210300.0,15,39957.0,250257.0,,,,2024-09-20,0.0,,15.0,2024-08-09,,True,600
INV-001198,JBM-2024-0798,CNAM,DEAL-000822,02/07/2024,2024-08-15,2024-08-12,paid,169000.0,19,32110.0,201110.0,DT,,,29-Nov-24,0.0,,19.0,2024-07-16,27,False,
INV-001199,JBM-2024-0799,STE Agrebi Solutions,DEAL-007139,March 18 2024,2024-05-07,2024-02-05,paid,9500.0,,1805.0,11305.0,tnd,,Acompte 50% - Contrat annuel support applicatif.,14-Sep-24,0.0,,,2024-04-07,-62,False,
INV-001200,JBM-2024-0800,Imprimerie El Ittihad,,October 16 2024,2024-11-16,,paid,266400.0,19,50616.0,317016.0,TND,bank transfer,,26/12/2024,317016.0,0,19.0,2024-10-17,,False,
INV-001201,JBM-2025-0001,Bureau d'Etudes Bouzid,,2025/05/12,2025-07-02,2025-06-26,paid,226200.0,0.19,42978.0,269178.0,DT,cheque,,07-Jun-25,92572.99,176605.01,0.19,2025-06-02,24,False,
INV-001202,JBM-2025-0002,Attijari Bank SA,DEAL-007961,28/02/2025,2025-04-15,2025-04-11,paid,81300.0,19 %,15447.0,96747.0,TND,,Facture 1/3 - Projet migration cloud STEG. Tranche initiale 30%.,2025-11-25,0.0,,19.0,2025-03-16,26,False,
INV-001203,JBM-2025-0003,Entreprise Hamouda,DEAL-004101,27/12/2025,2026-10-02,2026-02-15,paid,461500.0,19,87685.0,549185.0,DT,,Avoir suite annulation partielle du projet.,15-Feb-26,339694.76,0,19.0,2026-09-02,-199,False,
INV-001204,JBM-2025-0004,Bureau d'Etudes Bouzid,DEAL-001824,14-May-25,2025-06-24,,paid,589900.0,19,112081.0,701981.0,tnd,,Facture mensuelle maintenance.,10/03/2026,0.0,,19.0,2025-05-25,,False,
INV-001205,JBM-2025-0005,STE Khalfallah Consulting,DEAL-001506,June 25 2025,2025-08-16,2025-08-24,paid,456300.0,19,86697.0,542997.0,EUR,,Facture 1/3 - Projet migration cloud STEG. Tranche initiale 30%.,25/06/2025,0.0,,19.0,2025-07-17,38,False,
INV-001207,JBM-2025-0007,Groupe Khalfallah Digital,DEAL-007293,2025-10-25,2025-12-24,2025-12-21,paid,495700.0,19%,94183.0,589883.0,EUR,,Invoice for cybersecurity audit - Phase 1 completed.,23-Jan-26,0.0,,19.0,2025-11-24,27,False,
INV-001208,JBM-2025-0008,Imprimerie El Ittihad,DEAL-004877,2025/10/05,2025-11-30,2025-12-27,paid,573200.0,,108908.0,682108.0,TND,,Invoice for cybersecurity audit - Phase 1 completed.,2026-01-03,0.0,,,2025-10-31,57,False,
INV-001209,JBM-2025-0009,BNA Bank,,07/12/2025,2026-01-31,2026-01-20,paid,217700.0,19%,41363.0,259063.0,DT,virement,Invoice for Q2 maintenance contract. PO number: TT-2024-8821.,06/01/2026,0.0,,19.0,2026-01-01,19,False,
INV-001210,JBM-2025-0010,STE Khalfallah Consulting,DEAL-003693,19/01/2025,2025-02-21,,cancelled,274400.0,20,52136.0,326536.0,,,,2025-02-03,0.0,,20.0,2025-01-22,,False,
INV-001211,JBM-2025-0011,Cafe Carthage,DEAL-001909,25/11/2025,2026-01-03,2026-01-30,paid,91000.0,19 %,17290.0,108290.0,TND,,Contrat cadre 2025. Facture trimestrielle T2.,February 23 2026,0.0,,19.0,2025-12-04,57,False,
INV-001213,JBM-2025-0013,Studio Photo Memories,DEAL-002765,28/04/2025,2025-04-22,2025-07-20,paid,45600.0,19,8664.0,54264.0,,,Avoir suite annulation partielle du projet.,30-Apr-25,0.0,,19.0,2025-03-23,119,False,
INV-001214,JBM-2025-0014,Attijari Bank,DEAL-002131,2025/10/01,2025-09-11,,cancelled,114200.0,19,21698.0,135898.0,TND,,Facture mensuelle maintenance.,04-Oct-25,0.0,,19.0,2025-08-12,,False,
INV-001215,JBM-2025-0015,BIAT,DEAL-003553,05/02/2025,2025-03-21,2025-03-11,paid,95100.0,19,18069.0,113169.0,EUR,,Contrat cadre 2025. Facture trimestrielle T2.,03-Sep-25,0.0,,19.0,2025-02-19,20,False,
INV-001216,JBM-2025-0016,STE Chaabane Solutions,DEAL-005985,2025-10-23,2025-12-01,2025-12-11,paid,430600.0,0.19,81814.0,512414.0,TND,Especes,Facture solde - Developpement plateforme BI. Livraison finale acceptee.,2025-11-12,186246.79,326167.21,0.19,2025-11-01,40,False,
INV-001217,JBM-2025-0017,Entreprise Sghaier,DEAL-005130,19-Oct-25,2025-11-27,2025-05-12,paid,481300.0,,91447.0,572747.0,TND,,Contrat cadre 2025. Facture trimestrielle T2.,17-Jan-26,0.0,,,2025-10-28,-169,False,
INV-001218,JBM-2025-0018,Tunisie Telecom,,16/11/2025,2025-12-29,2025-12-21,paid,11300.0,19,2147.0,13447.0,TND,Cash,,14-Dec-25,4488.14,8958.86,19.0,2025-11-29,22,False,
INV-001219,JBM-2025-0019,STE Zouari Consulting,,27-Jul-25,2025-09-10,2025-09-24,paid,252200.0,19,47918.0,300118.0,,cheque,,25/10/2025,0.0,,19.0,2025-08-11,44,False,
INV-001220,JBM-2025-0020,Centre de Formation Avenir,DEAL-006923,04-Aug-25,2025-09-21,2025-10-24,paid,526200.0,19%,99978.0,626178.0,tnd,,Invoice for Q2 maintenance contract. PO number: TT-2024-8821.,2026/01/31,0.0,,19.0,2025-08-22,63,False,
INV-001221,JBM-2025-0021,Entreprise Hamouda,DEAL-001016,2025/04/15,2025-06-06,2025-12-06,paid,485100.0,19,92169.0,577269.0,TND,,Frais de deplacement inclus. Voir detail en annexe.,2026/01/10,0.0,,19.0,2025-05-07,213,False,
INV-001222,JBM-2025-0022,STE Ben Salah & Fils,DEAL-000002,2025/11/29,2025-11-28,,pending,525300.0,19,99807.0,625107.0,EUR,,Contrat cadre 2025. Facture trimestrielle T2.,2026/02/27,0.0,,19.0,2025-10-29,,True,154
INV-001223,JBM-2025-0023,Groupe Trabelsi Technologies,,18-Nov-25,2025-12-19,,pending,174600.0,,33174.0,207774.0,TND,,Contrat cadre 2025. Facture trimestrielle T2.,21-Nov-25,0.0,,,2025-11-19,,True,133
INV-001224,JBM-2025-0024,Librairie Al Manar,DEAL-005480,10-May-25,2025-01-07,2025-07-12,paid,211700.0,,40223.0,251923.0,tnd,,Contrat cadre 2025. Facture trimestrielle T2.,2026-01-05,0.0,,,2024-12-08,216,False,
INV-001225,JBM-2025-0025,Delice Danone,DEAL-001556,2025/02/09,2025-05-04,2025-03-18,paid,386100.0,19,73359.0,459459.0,TND,,Acompte 50% - Contrat annuel support applicatif.,11/03/2025,0.0,,19.0,2025-04-04,-17,False,
INV-001226,JBM-2025-0026,Groupe Mansour Digital,DEAL-006239,June 13 2025,2025-07-29,2025-09-08,paid,558900.0,15,106191.0,665091.0,TND,Bank Transfer,Frais de deplacement inclus. Voir detail en annexe.,2025-08-09,665091.0,0,15.0,2025-06-29,71,False,
INV-001227,JBM-2025-0027,La Poste Tu@nisienne,DEAL-007880,June 19 2025,2025-07-29,2025-07-28,paid,166500.0,19%,31635.0,198135.0,EUR,,,2025-06-22,0.0,,19.0,2025-06-29,29,False,
INV-001228,JBM-2025-0028,STE Oueslati & Fils,DEAL-001878,09/11/2025,2025-12-09,,paid,147000.0,19,27930.0,174930.0,TND,bank transfer,Avoir suite annulation partielle du projet.,2025-11-09,0.0,,19.0,2025-11-09,,False,
INV-001229,JBM-2025-0029,Groupe Bouzid Digital,DEAL-004730,April 01 2025,2025-05-29,,cancelled,152200.0,19,28918.0,181118.0,tnd,,Facture solde - Developpement plateforme BI. Livraison finale acceptee.,2025-07-30,0.0,,19.0,2025-04-29,,False,
INV-001230,JBM-2025-0030,G.Mecanique Toumi,,18-Jun-25,2025-08-04,,pending,242600.0,,46094.0,288694.0,EUR,,,18-Jun-25,0.0,,,2025-07-05,,True,270
INV-001231,JBM-2025-0031,Bureau d'Etudes Oueslati,DEAL-002682,2025/11/06,2025-12-23,2025-12-24,paid,288300.0,0.19,54777.0,343077.0,EUR,Bank Transfer,,24/12/2025,343077.0,0,0.19,2025-11-23,31,False,
INV-001232,JBM-2025-0032,Groupe Hamdi Digital,,30/09/2025,2025-11-19,,paid,433200.0,19,82308.0,515508.0,TND,,,29-Mar-26,0.0,,19.0,2025-10-20,,False,
INV-001233,JBM-2025-0033,Centre de Formation Avenir,,2025-06-15,2025-08-13,2025-08-09,paid,249800.0,19,47462.0,297262.0,TND,,Facture 1/3 - Projet migration cloud STEG. Tranche initiale 30%.,July 15 2025,0.0,,19.0,2025-07-14,26,False,
INV-001234,JBM-2025-0034,Topnet,DEAL-004526,19/05/2025,2025-07-09,2025-06-23,paid,413000.0,19,78470.0,491470.0,TND,,Frais de deplacement inclus. Voir detail en annexe.,19-May-25,0.0,,19.0,2025-06-09,14,False,
INV-001237,JBM-2025-0037,STE Ben Romdhane Consulting,DEAL-002905,20/04/2025,2025-06-10,2025-06-08,paid,136300.0,19%,25897.0,162197.0,tnd,bank transfer,Invoice for cybersecurity audit - Phase 1 completed.,21/04/2025,0.0,,19.0,2025-05-11,28,False,
INV-001238,JBM-2025-0038,Orange Tunisie,,August 04 2025,2025-09-10,2025-09-14,paid,314100.0,19%,59679.0,373779.0,TND,,Invoice for cybersecurity audit - Phase 1 completed.,03-Oct-25,0.0,,19.0,2025-08-11,34,False,
INV-001239,JBM-2025-0039,STE Agerebi Solutions,,December 24 2025,2026-02-22,,pending,74600.0,19,14174.0,88774.0,EUR,,Regularisation facture N-1. Avoir emis en contrepartie.,2026/03/24,0.0,,19.0,2026-01-23,,True,68
INV-001240,JBM-2025-0040,STE Ben Romdhane Consulting,DEAL-005049,2025/06/17,2025-07-29,2025-08-16,paid,43400.0,,8246.0,51646.0,TND,,Retenue de garantie 10% - Liberation apres recette definitive.,2025/09/15,0.0,,,2025-06-29,48,False,
INV-001241,JBM-2025-0041,Ooredoo Tunisie,DEAL-006557,22/11/2025,2025-12-28,2026-01-02,cancelled,598800.0,19,113772.0,712572.0,tnd,,Retenue de garantie 10% - Liberation apres recette definitive.,22/12/2025,0.0,,19.0,2025-11-28,,False,
INV-001243,JBM-2025-0043,Librairie Al Manar,,August 10 2025,2025-05-08,,pending,94300.0,19,17917.0,112217.0,EUR,,Facture mensuelle maintenance.,12/08/2025,0.0,,19.0,2025-04-08,,True,358
INV-001244,JBM-2025-0044,Groupe Hamouda Digital,DEAL-002738,09-Nov-25,2025-12-17,2026-07-01,paid,11600.0,19,2204.0,13804.0,TND,especes,,2025-12-09,0.0,,19.0,2025-11-17,226,False,
INV-001245,JBM-2025-0045,STE Belhadj Consulting,DEAL-000199,2025-10-14,2025-12-01,2025-11-12,paid,294300.0,19,55917.0,350217.0,tnd,,Facture mensuelle maintenance.,13-Mar-26,0.0,,19.0,2025-11-01,11,False,
INV-001246,JBM-2025-0046,Groupe Hamdi Digital,DEAL-001157,2025/09/17,2025-11-13,2025-11-16,paid,115200.0,0.19,21888.0,137088.0,EUR,Especes,Retenue de garantie 10% - Liberation apres recette definitive.,16/11/2025,0.0,,0.19,2025-10-14,33,False,
INV-001247,JBM-2025-0047,Groupe Khalfallah Digital,DEAL-005998,2025/04/19,2025-05-27,2025-06-04,paid,337700.0,15,64163.0,401863.0,TND,,Invoice for cybersecurity audit - Phase 1 completed.,2025/07/18,0.0,,15.0,2025-04-27,38,False,
INV-001249,JBM-2025-0049,STE Mejri Informatique,,2025/11/04,2025-12-27,,paid,329100.0,19,62529.0,391629.0,TND,,,02-Feb-26,0.0,,19.0,2025-11-27,,False,
INV-001250,JBM-2025-0050,Delice Danone,DEAL-000558,December 12 2025,2026-01-26,2026-01-22,paid,51500.0,19,9785.0,61285.0,tnd,,Frais de deplacement inclus. Voir detail en annexe.,10-Feb-26,0.0,,19.0,2025-12-27,26,False,
INV-001251,JBM-2025-0051,Bureau d'Etudes Bouzid,DEAL-004581,2025-10-14,2025-01-12,2025-12-08,paid,216000.0,0.19,41040.0,257040.0,TND,Especes,Frais de deplacement inclus. Voir detail en annexe.,December 08 2025,257040.0,0,0.19,2024-12-13,360,False,
INV-001252,JBM-2025-0052,Entreprise Hamouda,,2025/04/02,2025-05-22,2025-05-24,paid,189700.0,0.19,36043.0,225743.0,tnd,,Facture mensuelle maintenance.,2025-07-31,0.0,,0.19,2025-04-22,32,False,
INV-001253,JBM-2025-0053,Centre de Formation Avenir,DEAL-001679,10-May-25,2025-06-26,,pending,244800.0,19,46512.0,291312.0,TND,,,2025-11-06,0.0,,19.0,2025-05-27,,True,309
INV-001254,JBM-2025-0054,topnet,,01/04/2025,2025-05-14,2025-10-05,paid,204500.0,19,38855.0,243355.0,TND,virement,Regularisation facture N-1. Avoir emis en contrepartie.,April 04 2025,0.0,,19.0,2025-04-14,174,False,
INV-001255,JBM-2025-0055,STE Chaabane Solutions SA,,May 01 2025,2025-06-03,2025-06-28,paid,292500.0,19,55575.0,348075.0,TND,,Invoice for cybersecurity audit - Phase 1 completed.,30-Jul-25,0.0,,19.0,2025-05-04,55,False,
INV-001256,JBM-2025-0056,Entreprise-Sghaier,DEAL-004975,2025/07/21,2025-09-15,2025-09-16,paid,596100.0,15,113259.0,709359.0,DT,,Invoice for Q2 maintenance contract. PO number: TT-2024-8821.,18-Nov-25,0.0,,15.0,2025-08-16,31,False,
INV-001257,JBM-2025-0057,BNA Bank,DEAL-000645,07/08/2025,2025-11-09,2025-09-15,paid,599800.0,19,113962.0,713762.0,TND,,,2025-08-07,0.0,,19.0,2025-10-10,-25,False,
INV-001258,JBM-2025-0058,Groupe@ Bouzid Digital,DEAL-007367,10/04/2025,2025-08-06,2025-09-06,paid,326100.0,19,61959.0,388059.0,TND,,Regularisation facture N-1. Avoir emis en contrepartie.,2025/09/07,0.0,,19.0,2025-07-07,61,False,
INV-001259,JBM-2025-0059,Cabinet Comptable Slim,DEAL-005217,June 04 2025,2025-08-03,2025-08-05,paid,136300.0,19%,25897.0,162197.0,TND,,,October 02 2025,0.0,,19.0,2025-07-04,32,False,
INV-001260,JBM-2025-0060,Groupe Khalfallah Digital,DEAL-003644,10/05/2025,2025-06-15,2025-09-05,paid,200400.0,19 %,38076.0,238476.0,DT,,Invoice for Q2 maintenance contract. PO number: TT-2024-8821.,May 10 2025,0.0,,19.0,2025-05-16,112,False,
INV-001261,JBM-2025-0061,Groupe Zouari Digital,DEAL-005165,02-Jun-25,2025-05-07,2025-07-29,paid,307300.0,19%,58387.0,365687.0,TND,,Regularisation facture N-1. Avoir emis en contrepartie.,February 27 2026,0.0,,19.0,2025-04-07,113,False,
INV-001262,JBM-2025-0062,Ooredoo Tunisie,DEAL-006718,December 03 2025,2026-01-27,2026-01-16,paid,314700.0,19,59793.0,374493.0,TND,,Facture solde - Developpement plateforme BI. Livraison finale acceptee.,01-Feb-26,0.0,,19.0,2025-12-28,19,False,
INV-001263,JBM-2025-0063,Poulina Group,,January 01 2025,2025-05-02,2025-02-12,paid,122500.0,19,23275.0,145775.0,,,Contrat cadre 2025. Facture trimestrielle T2.,03-Jan-25,0.0,,19.0,2025-04-02,-49,False,
INV-001264,JBM-2025-0064,steg,DEAL-003349,02/04/2025,2025-09-05,2025-07-05,paid,310471.0,0.19,58989.49,369460.49,tnd,,Invoice for cybersecurity audit - Phase 1 completed.,May 02 2025,0.0,,0.19,2025-08-06,-32,False,
INV-001265,JBM-2025-0065,CyberPark Elghazala,DEAL-002923,April 02 2025,2025-05-14,2025-05-09,paid,565900.0,19,107521.0,673421.0,TND,cash,,2025/09/29,0.0,,19.0,2025-04-14,25,False,
INV-001266,JBM-2025-0066,Magasin Mabrouk Electronique,DEAL-001798,08-Dec-25,2026-01-11,,pending,80700.0,0.19,15333.0,96033.0,TND,,,10-Dec-25,0.0,,0.19,2025-12-12,,True,110
INV-001267,JBM-2025-0067,Entreprise Sghaier,DEAL-002693,16-Jan-25,2025-02-22,2025-03-06,paid,158900.0,19 %,30191.0,189091.0,,,Retenue de garantie 10% - Liberation apres recette definitive.,15-Jul-25,0.0,,19.0,2025-01-23,42,False,
INV-001268,JBM-2025-0068,Groupe Khalfallah Digital,DEAL-005924,March 25 2025,2025-05-13,2025-05-15,paid,542200.0,0.19,103018.0,645218.0,DT,,,2025-04-24,0.0,,0.19,2025-04-13,32,False,
INV-001269,JBM-2025-0069,pharmacie al amal,DEAL-002609,2025-10-12,2025-11-14,,overdue,211100.0,19,40109.0,251209.0,EUR,,Contrat cadre 2025. Facture trimestrielle T2.,12-Oct-25,0.0,,19.0,2025-10-15,,True,168
INV-001271,JBM-2025-0071,Groupe Hamdi Digital,DEAL-003685,2025-10-07,2025-11-16,2025-12-01,paid,473900.0,20,90041.0,563941.0,TND,,,2025-10-07,0.0,,20.0,2025-10-17,45,False,
INV-001272,JBM-2025-0072,Banque de Tunisie,DEAL-004192,2025-03-26,2025-05-04,,cancelled,355000.0,19%,67450.0,422450.0,TND,,Frais de deplacement inclus. Voir detail en annexe.,2025/03/26,0.0,,19.0,2025-04-04,,False,
INV-001273,JBM-2025-0073,Groupe Trabelsi Technologies,,May 19 2025,2025-06-19,2025-11-07,paid,74900.0,0.19,14231.0,89131.0,TND,,Avoir suite annulation partielle du projet.,2025/12/15,0.0,,0.19,2025-05-20,171,False,
INV-001274,JBM-2025-0074,Groupe Zouari Digital,DEAL-000106,February 11 2025,2025-03-22,,paid,158900.0,19,30191.0,189091.0,TND,,Avoir suite annulation partielle du projet.,2025-04-12,0.0,,19.0,2025-02-20,,False,
INV-001275,JBM-2025-0075,STE Chaabane Solutions,DEAL-003594,11/06/2025,2025-07-16,2025-06-08,paid,315400.0,19,59926.0,375326.0,TND,,Invoice for Q2 maintenance contract. PO number: TT-2024-8821.,11-Jun-25,0.0,,19.0,2025-06-16,-8,False,
INV-001276,JBM-2025-0076,Bijouterie Sfaxienne,DEAL-000065,26-Oct-25,2025-12-23,2026-01-16,paid,398200.0,19,75658.0,473858.0,DT,,Frais de deplacement inclus. Voir detail en annexe.,26-Oct-25,0.0,,19.0,2025-11-23,54,False,
INV-001277,JBM-2025-0077,Delice Danone,,2025/12/11,2026-01-25,2026-01-21,paid,284600.0,19,54074.0,338674.0,TND,,Invoice for Q2 maintenance contract. PO number: TT-2024-8821.,2026/03/11,0.0,,19.0,2025-12-26,26,False,
INV-001278,JBM-2025-0078,CNAM,DEAL-001222,2025/04/09,2025-05-15,,cancelled,342000.0,19,64980.0,406980.0,TND,,,24-Apr-25,0.0,,19.0,2025-04-15,,False,
INV-001280,JBM-2025-0080,Groupe Trabelsi Technologies,DEAL-007256,2025-07-08,2025-08-25,2025-08-27,paid,141600.0,0.19,26904.0,168504.0,,,Contrat cadre 2025. Facture trimestrielle T2.,2025/07/08,0.0,,0.19,2025-07-26,32,False,
INV-001281,JBM-2025-0081,STE Ben Romdhane Consulting,DEAL-000304,27/08/2025,2025-10-01,2025-10-22,paid,56200.0,0.19,10678.0,66878.0,,,Regularisation facture N-1. Avoir emis en contrepartie.,January 24 2026,0.0,,0.19,2025-09-01,51,False,
INV-001282,JBM-2025-0082,STE Ben Salah Consulting,DEAL-005952,11/11/2025,2026-01-10,2025-12-26,paid,425500.0,19,80845.0,506345.0,TND,,,11/11/2025,0.0,,19.0,2025-12-11,15,False,
INV-001283,JBM-2025-0083,STE Gharbi Consulting,,10-Mar-25,2025-04-18,,cancelled,279400.0,19,53086.0,332486.0,tnd,,Regularisation facture N-1. Avoir emis en contrepartie.,2025/03/10,0.0,,19.0,2025-03-19,,False,
INV-001284,JBM-2025-0084,Entreprise Hamouda,DEAL-002999,2025-01-04,2025-02-03,2025-03-05,paid,427600.0,19,81244.0,508844.0,TND,,Avoir suite annulation partielle du projet.,03/06/2025,0.0,,19.0,2025-01-04,60,False,
INV-001286,JBM-2025-0086,CNSS,,02/12/2025,2026-01-28,2026-01-03,paid,24900.0,19,4731.0,29631.0,EUR,Check,Facture 1/3 - Projet migration cloud STEG. Tranche initiale 30%.,02-Dec-25,0.0,,19.0,2025-12-29,5,False,
INV-001287,JBM-2025-0087,STE Belhadj Consulting,DEAL-002062,2025-03-27,2025-04-28,,pending,525400.0,19,99826.0,625226.0,tnd,,Facture solde - Developpement plateforme BI. Livraison finale acceptee.,October 23 2025,0.0,,19.0,2025-03-29,,True,368
INV-001289,JBM-2025-0089,Imprimerie El Ittihad,DEAL-001066,02/11/2025,2025-12-10,2026-01-21,paid,60600.0,19,11514.0,72114.0,TND,,Invoice for cybersecurity audit - Phase 1 completed.,01/01/2026,0.0,,19.0,2025-11-10,72,False,
INV-001290,JBM-2025-0090,Groupe Zouari Digital,,04-Jan-25,2025-02-17,,pending,157200.0,,29868.0,187068.0,TND,,Invoice for Q2 maintenance contract. PO number: TT-2024-8821.,April 04 2025,0.0,,,2025-01-18,,True,438
INV-001291,JBM-2025-0091,Ooredoo Tunisie,DEAL-004221,January 26 2025,2025-02-03,2025-03-10,paid,376500.0,15,71535.0,448035.0,TND,,Facture 1/3 - Projet migration cloud STEG. Tranche initiale 30%.,25-Jul-25,0.0,,15.0,2025-01-04,65,False,
INV-001292,JBM-2025-0092,Auto-Ecole Nejib,DEAL-002259,November 10 2025,2025-12-29,,pending,431400.0,19,81966.0,513366.0,TND,,Invoice for cybersecurity audit - Phase 1 completed.,2025/12/10,0.0,,19.0,2025-11-29,,True,123
INV-001293,JBM-2025-0093,STE Hamdi Consulting,DEAL-005983,2025-11-20,2026-01-09,2026-10-01,paid,344700.0,19%,65493.0,410193.0,TND,,Frais de deplacement inclus. Voir detail en annexe.,20-Dec-25,0.0,,19.0,2025-12-10,295,False,
INV-001295,JBM-2025-0095,STE-Ben-Salah-&-Fils,DEAL-004975,2025/03/28,2025-05-22,,pending,387200.0,19,73568.0,460768.0,TND,,,24/10/2025,0.0,,19.0,2025-04-22,,True,344
INV-001296,JBM-2025-0096,Tunisair,DEAL-001035,2025/11/27,2026-01-01,2026-01-01,paid,,19,,,,,Facture mensuelle maintenance.,01/01/2026,41531.0,0,19.0,2025-12-02,30,False,
INV-001297,JBM-2025-0097,Cabinet Turki Conseil,DEAL-003270,31-Aug-25,2025-10-21,2025-08-29,paid,353100.0,19,67089.0,420189.0,EUR,bank transfer,,2025/09/30,0.0,,19.0,2025-09-21,-23,False,
INV-001298,JBM-2025-0098,STE Chaabane Solutions,,11/02/2025,2025-03-20,,cancelled,40800.0,19,7752.0,48552.0,tnd,,Frais de deplacement inclus. Voir detail en annexe.,2025/02/14,0.0,,19.0,2025-02-18,,False,
INV-001299,JBM-2025-0099,Groupe Bouzid Digital,DEAL-002540,2025-11-09,2025-12-28,2026-01-05,paid,357400.0,19,67906.0,425306.0,EUR,,Contrat cadre 2025. Facture trimestrielle T2.,2025-12-09,0.0,,19.0,2025-11-28,38,False,
INV-001300,JBM-2025-0100,S.Coiffure Elegance,DEAL-005440,13-Jul-25,2025-08-23,,pending,203500.0,19,38665.0,242165.0,TND,,Facture solde - Developpement plateforme BI. Livraison finale acceptee.,10-Nov-25,0.0,,19.0,2025-07-24,,True,251
INV-001301,JBM-2025-0101,Tunisie Telecom,DEAL-000659,2025/08/01,2025-09-26,2025-11-09,paid,176300.0,19,33497.0,209797.0,TND,,Facture mensuelle maintenance.,2026-01-28,0.0,,19.0,2025-08-27,74,False,
INV-001302,JBM-2025-0102,Cafe Carthage,DEAL-000370,24-Sep-25,2025-11-05,,pending,239800.0,19,45562.0,285362.0,DT,,Facture solde - Developpement plateforme BI. Livraison finale acceptee.,2026-03-23,0.0,,19.0,2025-10-06,,True,177
INV-001303,JBM-2025-0103,Imprimerie El Ittihad,DEAL-001705,2025-03-21,2025-05-20,,pending,479100.0,19,91029.0,570129.0,TND,,Invoice for cybersecurity audit - Phase 1 completed.,2025-06-19,0.0,,19.0,2025-04-20,,True,346
INV-001304,JBM-2025-0104,ste mejri informatique,DEAL-001406,May 10 2025,2025-06-21,2025-06-24,paid,39000.0,19,7410.0,46410.0,TND,,Contrat cadre 2025. Facture trimestrielle T2.,2026-03-06,0.0,,19.0,2025-05-22,33,False,
INV-001306,JBM-2025-0106,S.Ben Romdhane Consulting,DEAL-003269,2025-07-09,2025-08-10,,pending,169300.0,15,32167.0,201467.0,tnd,,Facture mensuelle maintenance.,05-Jan-26,0.0,,15.0,2025-07-11,,True,264
INV-001307,JBM-2025-0107,Topnet,,09/11/2025,2025-12-28,,paid,313100.0,19%,59489.0,372589.0,TND,,Frais de deplacement inclus. Voir detail en annexe.,2025-11-09,0.0,,19.0,2025-11-28,,False,
INV-001308,JBM-2025-0108,Ecole Privee Ibn Khaldoun,DEAL-004606,17/02/2025,2025-02-16,2025-04-30,paid,65300.0,19,12407.0,77707.0,tnd,cash,Retenue de garantie 10% - Liberation apres recette definitive.,15-Mar-25,29191.72,48515.28,19.0,2025-01-17,103,False,
INV-001309,JBM-2025-0109,Groupe Trabelsi Technologies,,23-May-25,2025-07-18,,pending,470645.0,19 %,89422.55,560067.55,DT,,Facture mensuelle maintenance.,2026/01/18,0.0,,19.0,2025-06-18,,True,287
INV-001311,JBM-2025-0111,Boulangerie Chez Faouzi,DEAL-005294,2025/02/01,2025-03-18,2025-04-28,paid,192500.0,0.19,36575.0,229075.0,EUR,,Regularisation facture N-1. Avoir emis en contrepartie.,2025/02/01,0.0,,0.19,2025-02-16,71,False,
INV-001312,JBM-2025-0112,Cabinet Turki Conseil,DEAL-001422,27/12/2025,2026-02-18,2026-02-14,paid,362900.0,,68951.0,431851.0,TND,,Regularisation facture N-1. Avoir emis en contrepartie.,2025/12/28,0.0,,,2026-01-19,26,False,
INV-001313,JBM-2025-0113,Attijari Bank SA,DEAL-000300,27-Jun-25,2025-01-08,2025-08-04,paid,292900.0,19,55651.0,348551.0,TND,cheque,Contrat cadre 2025. Facture trimestrielle T2.,22-Feb-26,0.0,,19.0,2024-12-09,238,False,
INV-001315,JBM-2025-0115,STE Ben Salah Consulting,,2025/11/26,2025-12-30,2026-01-18,paid,419900.0,19,79781.0,499681.0,TND,,Invoice for Q2 maintenance contract. PO number: TT-2024-8821.,29/11/2025,0.0,,19.0,2025-11-30,49,False,
INV-001316,JBM-2025-0116,Tunisair,DEAL-002321,2025/02/18,2025-04-17,2025-03-22,paid,253000.0,19 %,48070.0,301070.0,DT,,,20-Mar-25,0.0,,19.0,2025-03-18,4,False,
INV-001317,JBM-2025-0117,Auto-Ecole Nejib,DEAL-003607,August 12 2025,2025-09-19,2025-05-11,paid,463900.0,19,88141.0,552041.0,tnd,,Facture solde - Developpement plateforme BI. Livraison finale acceptee.,11/09/2025,0.0,,19.0,2025-08-20,-101,False,
INV-001318,JBM-2025-0118,Centre Medical Bouzid,DEAL-003077,2025/04/15,2025-05-18,2025-07-14,paid,364200.0,19,69198.0,433398.0,TND,,Invoice for Q2 maintenance contract. PO number: TT-2024-8821.,2025/11/11,0.0,,19.0,2025-04-18,87,False,
INV-001319,JBM-2025-0119,Groupe Khalfallah Digital,,21/12/2025,2026-02-16,2026-02-16,paid,456800.0,19,86792.0,543592.0,TND,Cash,Acompte 50% - Contrat annuel support applicatif.,2026/02/16,543592.0,0,19.0,2026-01-17,30,False,
INV-001320,JBM-2025-0120,Bijouterie Sfaxienne,,2025-05-29,2025-07-11,2025-08-27,paid,593400.0,19,112746.0,706146.0,TND,,,May 30 2025,0.0,,19.0,2025-06-11,77,False,
INV-001321,JBM-2025-0121,Cafe Carthage,DEAL-001374,14-Nov-25,2025-12-25,,pending,590300.0,,112157.0,702457.0,,,Acompte 50% - Contrat annuel support applicatif.,2026-03-14,0.0,,,2025-11-25,,True,127
INV-001322,JBM-2025-0122,Magasin Mabrouk Electronique,,September 01 2025,2025-10-05,,pending,318200.0,19,60458.0,378658.0,TND,,Invoice for cybersecurity audit - Phase 1 completed.,2025/11/30,0.0,,19.0,2025-09-05,,True,208
INV-001323,JBM-2025-0123,Ecole Privee Ibn Khaldoun,DEAL-006084,2025-06-24,2025-08-14,,paid,74900.0,15,14231.0,89131.0,tnd,,,22-Oct-25,0.0,,15.0,2025-07-15,,False,
INV-001324,JBM-2025-0124,STEG,,15/10/2025,2025-11-26,2025-11-15,paid,477500.0,19,90725.0,568225.0,EUR,cash,Regularisation facture N-1. Avoir emis en contrepartie.,2025-11-15,568225.0,0,19.0,2025-10-27,19,False,
INV-001325,JBM-2025-0125,Garage Mecanique Toumi,,17/02/2025,2025-04-17,2025-04-24,paid,398800.0,19,75772.0,474572.0,EUR,cash,Invoice for cybersecurity audit - Phase 1 completed.,14-Dec-25,0.0,,19.0,2025-03-18,37,False,
INV-001326,JBM-2025-0126,Tunisair,DEAL-001842,2025/11/16,2025-11-09,2025-12-23,paid,30800.0,0.19,5852.0,36652.0,DT,,Contrat cadre 2025. Facture trimestrielle T2.,2026/01/15,0.0,,0.19,2025-10-10,74,False,
INV-001327,JBM-2025-0127,CNAM,DEAL-007075,16/02/2025,2025-03-26,,paid,234000.0,19%,44460.0,278460.0,EUR,,Avoir suite annulation partielle du projet.,2025-07-16,0.0,,19.0,2025-02-24,,False,
INV-001328,JBM-2025-0128,Ecole Privee Ibn Khaldoun,,2025-09-21,2025-08-11,,cancelled,64900.0,19,12331.0,77231.0,TND,,,2025-10-01,0.0,,19.0,2025-07-12,,False,
INV-001329,JBM-2025-0129,Bureau d'Etudes Bouzid,,2025-11-14,2025-12-20,,pending,239200.0,19%,45448.0,284648.0,EUR,Check,Frais de deplacement inclus. Voir detail en annexe.,February 12 2026,0.0,,19.0,2025-11-20,,True,132
INV-001330,JBM-2025-0130,STE Mejri Informatique,DEAL-000085,30-Apr-25,2025-06-17,2025-06-20,paid,111600.0,19,21204.0,132804.0,DT,,Invoice for Q2 maintenance contract. PO number: TT-2024-8821.,2025/05/02,0.0,,19.0,2025-05-18,33,False,
INV-001331,JBM-2025-0131,Groupe Hamouda Digital,DEAL-004146,2025-01-26,2025-03-19,2025-03-25,paid,256700.0,19,48773.0,305473.0,TND,,Retenue de garantie 10% - Liberation apres recette definitive.,25-Jun-25,0.0,,19.0,2025-02-17,36,False,
INV-001333,JBM-2025-0133,GARAGE MECANIQUE TOUMI,DEAL-007879,02-Apr-25,2025-05-02,,overdue,92800.0,20,17632.0,110432.0,TND,,Facture solde - Developpement plateforme BI. Livraison finale acceptee.,29-Sep-25,0.0,,20.0,2025-04-02,,True,364
INV-001334,JBM-2025-0134,Groupe Khalfallah Digital,DEAL-002915,2025/03/02,2025-04-24,2025-04-20,paid,402000.0,19,76380.0,478380.0,TND,Bank Transfer,Facture 1/3 - Projet migration cloud STEG. Tranche initiale 30%.,27/12/2025,0.0,,19.0,2025-03-25,26,False,
INV-001335,JBM-2025-0135,STE Khalfallah & Fils,DEAL-002610,2025/07/09,2025-08-18,2025-09-03,paid,347400.0,19,66006.0,413406.0,TND,,Facture mensuelle maintenance.,07-Sep-25,0.0,,19.0,2025-07-19,46,False,
INV-001336,JBM-2025-0136,Centre Medical Bouzid,,21/06/2025,2025-08-14,,pending,146900.0,0.19,27911.0,174811.0,tnd,,,18/12/2025,0.0,,0.19,2025-07-15,,True,260
INV-001337,JBM-2025-0137,Bureau d'Etudes Laabidi,DEAL-004144,02-Mar-25,2025-04-16,2025-02-17,paid,189000.0,19,35910.0,224910.0,tnd,,Retenue de garantie 10% - Liberation apres recette definitive.,2025/08/29,0.0,,19.0,2025-03-17,-28,False,
INV-001338,JBM-2025-0138,STE Belhadj Consulting,DEAL-002999,October 15 2025,2025-11-29,2025-12-10,paid,165700.0,19,31483.0,197183.0,TND,Especes,Facture 1/3 - Projet migration cloud STEG. Tranche initiale 30%.,12-Feb-26,0.0,,19.0,2025-10-30,41,False,
INV-001339,JBM-2025-0139,Banque de Tunisie,,December 27 2025,2026-02-17,,pending,427000.0,19,81130.0,508130.0,tnd,,,26-Jan-26,0.0,,19.0,2026-01-18,,True,73
INV-001340,JBM-2025-0140,Bureau d'Etudes Gharbi,DEAL-000319,21-Jun-25,2025-08-07,,pending,209000.0,19,39710.0,248710.0,TND,,Regularisation facture N-1. Avoir emis en contrepartie.,February 16 2026,0.0,,19.0,2025-07-08,,True,267
INV-001341,JBM-2025-0141,Groupe Ferchiou Digital,,2025-10-18,2025-11-19,2025-12-10,paid,517000.0,19,98230.0,615230.0,TND,,Facture solde - Developpement plateforme BI. Livraison finale acceptee.,14/11/2025,0.0,,19.0,2025-10-20,51,False,
INV-001342,JBM-2025-0142,Ministere des Finances,DEAL-006379,30/07/2025,2025-06-09,2025-07-09,paid,26700.0,0.19,5073.0,31773.0,tnd,,Frais de deplacement inclus. Voir detail en annexe.,01-Aug-25,0.0,,0.19,2025-05-10,60,False,
INV-001343,JBM-2025-0143,Agence Immobiliere Sfax Centre,DEAL-004088,2025-12-24,2026-02-17,2026-02-22,paid,399900.0,19,75981.0,475881.0,EUR,,Invoice for cybersecurity audit - Phase 1 completed.,2026/01/23,0.0,,19.0,2026-01-18,35,False,
INV-001346,JBM-2025-0146,CNSS,,2025-03-07,2025-04-28,2025-04-12,paid,164400.0,19,31236.0,195636.0,DT,,Invoice for Q2 maintenance contract. PO number: TT-2024-8821.,2025/04/23,0.0,,19.0,2025-03-29,14,False,
INV-001347,JBM-2025-0147,STE Ben Salah & Fils,,2025/01/25,2025-02-24,2025-03-24,paid,559800.0,19%,106362.0,666162.0,DT,,Regularisation facture N-1. Avoir emis en contrepartie.,2025/06/24,0.0,,19.0,2025-01-25,58,False,
INV-001348,JBM-2025-0148,Entreprise Chaabane,DEAL-000802,02/09/2025,2025-10-22,2025-01-11,paid,96100.0,19,18259.0,114359.0,TND,,Facture 1/3 - Projet migration cloud STEG. Tranche initiale 30%.,2026-03-01,0.0,,19.0,2025-09-22,-254,False,
INV-001349,JBM-2025-0149,BNA Bank,DEAL-000267,November 13 2025,2025-12-24,2025-12-21,paid,349900.0,0.19,66481.0,416381.0,DT,,Avoir suite annulation partielle du projet.,13-Dec-25,0.0,,0.19,2025-11-24,27,False,
INV-001350,JBM-2025-0150,Salon Coiffure Elegance,DEAL-007233,23/06/2025,2025-08-14,2025-08-30,paid,223300.0,0.19,42427.0,265727.0,DT,,Facture 1/3 - Projet migration cloud STEG. Tranche initiale 30%.,20/03/2026,0.0,,0.19,2025-07-15,46,False,
INV-001351,JBM-2025-0151,Boulangerie Chez Faouzi,DEAL-005343,01-Jan-25,2025-02-05,,overdue,541300.0,19,102847.0,644147.0,EUR,,Retenue de garantie 10% - Liberation apres recette definitive.,07/03/2025,0.0,,19.0,2025-01-06,,True,450
INV-001352,JBM-2025-0152,STE Mejri Informatique,DEAL-007887,2025-09-08,2025-10-19,2025-10-25,paid,120200.0,19,22838.0,143038.0,TND,,Facture 1/3 - Projet migration cloud STEG. Tranche initiale 30%.,10/09/2025,0.0,,19.0,2025-09-19,36,False,
INV-001353,JBM-2025-0153,Imprimerie El Ittihad,DEAL-004310,2025-11-01,2025-12-06,2026-02-01,paid,147800.0,0.19,28082.0,175882.0,EUR,,Facture mensuelle maintenance.,31-Dec-25,0.0,,0.19,2025-11-06,87,False,
INV-001354,JBM-2025-0154,CNAM,DEAL-002688,2025/02/13,2025-04-04,2025-03-21,paid,214600.0,19,40774.0,255374.0,TND,,Acompte 50% - Contrat annuel support applicatif.,2025-03-15,0.0,,19.0,2025-03-05,16,False,
INV-001355,JBM-2025-0155,P.Al Amal,,08-May-25,2025-07-04,2025-07-12,paid,306600.0,19,58254.0,364854.0,TND,Especes,Facture solde - Developpement plateforme BI. Livraison finale acceptee.,2025-12-04,0.0,,19.0,2025-06-04,38,False,
INV-001356,JBM-2025-0156,Cabinet Comptable Slim,,2025/11/28,2026-01-01,2026-02-02,paid,441400.0,20,83866.0,525266.0,DT,cheque,Acompte 50% - Contrat annuel support applicatif.,02/02/2026,525266.0,0,20.0,2025-12-02,62,False,
INV-001357,JBM-2025-0157,P.Group,DEAL-001011,16/06/2025,2025-07-31,2025-07-30,paid,163400.0,19 %,31046.0,194446.0,DT,,,June 18 2025,0.0,,19.0,2025-07-01,29,False,
INV-001358,JBM-2025-0158,CAFE CARTHAGE,,July 26 2025,2025-09-03,,pending,360000.0,19,68400.0,428400.0,TND,Especes,Invoice for cybersecurity audit - Phase 1 completed.,September 03 2025,0.0,,19.0,2025-08-04,,True,240
INV-001359,JBM-2025-0159,La Poste Tunisienne,DEAL-000761,04-Apr-25,2025-02-06,2025-05-18,paid,485600.0,0.19,92264.0,577864.0,EUR,,Invoice for cybersecurity audit - Phase 1 completed.,2025/04/05,0.0,,0.19,2025-01-07,131,False,
INV-001360,JBM-2025-0160,Cabinet Comptable Slim,DEAL-006344,2025-06-23,2025-08-17,2025-09-09,paid,429500.0,19 %,81605.0,511105.0,,virement,Facture mensuelle maintenance.,2025-10-21,0.0,,19.0,2025-07-18,53,False,
INV-001361,JBM-2025-0161,Cabinet Comptable Slim,DEAL-007568,05/06/2025,2025-07-09,,pending,106600.0,19 %,20254.0,126854.0,,,Invoice for cybersecurity audit - Phase 1 completed.,01-Jan-26,0.0,,19.0,2025-06-09,,True,296
INV-001363,JBM-2025-0163,Bureau d'Etudes Gharbi,DEAL-006075,16/10/2025,2025-11-17,2025-10-12,paid,91900.0,19%,17461.0,109361.0,TND,,Facture 1/3 - Projet migration cloud STEG. Tranche initiale 30%.,2025/11/15,0.0,,19.0,2025-10-18,-6,False,
INV-001364,JBM-2025-0164,Magasin Mabrouk Electronique,DEAL-001180,July 06 2025,2025-09-08,2025-09-27,paid,235300.0,0.19,44707.0,280007.0,TND,,Regularisation facture N-1. Avoir emis en contrepartie.,July 08 2025,0.0,,0.19,2025-08-09,49,False,
INV-001365,JBM-2025-0165,Entreprise Hamouda,DEAL-004170,2025/06/12,2025-12-07,2025-08-10,paid,464000.0,19 %,88160.0,552160.0,DT,,Avoir suite annulation partielle du projet.,12-Jun-25,0.0,,19.0,2025-11-07,-89,False,
INV-001366,JBM-2025-0166,STE Khalfallah & Fils,DEAL-000701,2025-11-11,2025-12-20,2025-12-28,paid,185600.0,19%,35264.0,220864.0,TND,,Invoice for Q2 maintenance contract. PO number: TT-2024-8821.,09-Feb-26,0.0,,19.0,2025-11-20,38,False,
INV-001367,JBM-2025-0167,STE Ferchiou Informatique,DEAL-005961,March 18 2025,2025-05-05,2025-05-07,paid,14600.0,19%,2774.0,17374.0,DT,,Acompte 50% - Contrat annuel support applicatif.,2025-04-17,0.0,,19.0,2025-04-05,32,False,
INV-001368,JBM-2025-0168,Centre Medical Bouzid,DEAL-006650,2025-02-04,2025-03-29,2025-04-08,paid,187500.0,19 %,35625.0,223125.0,TND,,Acompte 50% - Contrat annuel support applicatif.,July 04 2025,0.0,,19.0,2025-02-27,40,False,
INV-001369,JBM-2025-0169,cyberpark elghazala,,May 31 2025,2025-07-24,2025-07-14,paid,195500.0,19 %,37145.0,232645.0,TND,,Invoice for cybersecurity audit - Phase 1 completed.,30/07/2025,0.0,,19.0,2025-06-24,20,False,
INV-001370,JBM-2025-0170,La Poste Tunisienne,,12/12/2025,2026-01-29,2026-12-01,paid,224500.0,19,42655.0,267155.0,tnd,,Frais de deplacement inclus. Voir detail en annexe.,January 11 2026,0.0,,19.0,2025-12-30,336,False,
INV-001371,JBM-2025-0171,Restaurant Le Mediterranee,,June 12 2025,2025-07-25,2025-08-28,paid,168000.0,19,31920.0,199920.0,TND,Especes,Retenue de garantie 10% - Liberation apres recette definitive.,2025/10/10,0.0,,19.0,2025-06-25,64,False,
INV-001372,JBM-2025-0172,Bijouterie Sfaxienne,DEAL-007074,07/10/2025,2025-11-13,2026-01-01,paid,578600.0,19 %,109934.0,688534.0,TND,,,2026-03-06,0.0,,19.0,2025-10-14,79,False,
INV-001373,JBM-2025-0173,Groupe Hamouda Digital,DEAL-002200,18-Mar-25,2025-04-25,,paid,360500.0,19,68495.0,428995.0,,,,18/03/2025,0.0,,19.0,2025-03-26,,False,
INV-001374,JBM-2025-0174,STE Hamdi Consulting,DEAL-006782,2025-02-16,2025-02-13,2025-04-17,paid,,19,,,TND,,Retenue de garantie 10% - Liberation apres recette definitive.,16/07/2025,0.0,,19.0,2025-01-14,93,False,
INV-001375,JBM-2025-0175,STE-Ferchiou-Informatique,DEAL-005820,02/11/2025,2025-12-14,,pending,52300.0,0.19,9937.0,62237.0,DT,,Facture mensuelle maintenance.,02/12/2025,0.0,,0.19,2025-11-14,,True,138
INV-001376,JBM-2025-0176,STE Gharbi Consulting,DEAL-005601,08-Dec-25,2026-10-01,2026-01-31,paid,424900.0,0.19,80731.0,505631.0,tnd,,,January 31 2026,505631.0,0,0.19,2026-09-01,-213,False,
INV-001377,JBM-2025-0177,C.Carthage,DEAL-005537,December 15 2025,2026-01-21,,pending,355200.0,,67488.0,422688.0,EUR,,Invoice for cybersecurity audit - Phase 1 completed.,2025/12/16,0.0,,,2025-12-22,,True,100
INV-001378,JBM-2025-0178,STE Belhadj Consulting,DEAL-000398,September 16 2025,2025-10-18,,cancelled,120100.0,0.19,22819.0,142919.0,TND,,,26-Sep-25,0.0,,0.19,2025-09-18,,False,
INV-001379,JBM-2025-0179,Tunisie Telecom,,25/09/2025,2025-08-11,2025-11-04,paid,301600.0,19,57304.0,358904.0,,,Retenue de garantie 10% - Liberation apres recette definitive.,2025/09/28,0.0,,19.0,2025-07-12,115,False,
INV-001380,JBM-2025-0180,Bureau d'Etudes Oueslati,DEAL-007774,2025/08/17,2025-09-23,2025-10-12,paid,582300.0,19,110637.0,692937.0,TND,,Retenue de garantie 10% - Liberation apres recette definitive.,2026-02-13,0.0,,19.0,2025-08-24,49,False,
INV-001381,JBM-2025-0181,Clinique Dentaire Dr Mrad,DEAL-003212,2025/04/20,2025-05-23,,pending,88300.0,19,16777.0,105077.0,TND,,,19-Jun-25,0.0,,19.0,2025-04-23,,True,343
INV-001382,JBM-2025-0182,Bureau d'Etudes Gharbi,DEAL-005702,2025-02-21,2025-04-06,2025-08-04,paid,169200.0,0.19,32148.0,201348.0,EUR,cheque,Retenue de garantie 10% - Liberation apres recette definitive.,2025/04/08,201348.0,0,0.19,2025-03-07,150,False,
INV-001383,JBM-2025-0183,Ecole Privee Ibn Khaldoun,DEAL-002593,16/08/2025,2025-09-28,2025-08-11,paid,340100.0,19,64619.0,404719.0,DT,cheque,,November 08 2025,404719.0,0,19.0,2025-08-29,-18,False,
INV-001384,JBM-2025-0184,Bijouterie Sfaxienne,DEAL-004337,October 08 2025,2025-12-03,2025-08-12,paid,252200.0,19,47918.0,300118.0,DT,,Invoice for Q2 maintenance contract. PO number: TT-2024-8821.,2025/10/09,0.0,,19.0,2025-11-03,-83,False,
INV-001385,JBM-2025-0185,STEG,DEAL-000199,2025-10-01,2025-11-11,2025-11-07,paid,396600.0,19 %,75354.0,471954.0,,,Frais de deplacement inclus. Voir detail en annexe.,30/03/2026,0.0,,19.0,2025-10-12,26,False,
INV-001386,JBM-2025-0186,Centre Medical Bouzid,DEAL-000170,10-Dec-25,2026-01-14,,pending,342700.0,15,65113.0,407813.0,tnd,,Regularisation facture N-1. Avoir emis en contrepartie.,2026/03/10,0.0,,15.0,2025-12-15,,True,107
INV-001387,JBM-2025-0187,Bureau d'Etudes Ben Salah,,2025-08-18,2025-09-25,,paid,494100.0,19 %,93879.0,587979.0,TND,,,2026/01/15,0.0,,19.0,2025-08-26,,False,
INV-001388,JBM-2025-0188,BIAT,DEAL-007482,2025/12/17,2026-02-14,2026-01-19,paid,256400.0,19%,48716.0,305116.0,tnd,,Retenue de garantie 10% - Liberation apres recette definitive.,17/12/2025,0.0,,19.0,2026-01-15,4,False,
INV-001389,JBM-2025-0189,STE Gharbi Consultinog,,2025/12/27,2026-02-22,,pending,571400.0,20,108566.0,679966.0,DT,,,26-Jan-26,0.0,,20.0,2026-01-23,,True,68
INV-001390,JBM-2025-0190,Societe Haddad Import Export,DEAL-004029,10-Nov-25,2026-01-07,2026-01-26,paid,524400.0,,99636.0,624036.0,EUR,cheque,Invoice for Q2 maintenance contract. PO number: TT-2024-8821.,March 10 2026,0.0,,,2025-12-08,49,False,
INV-001391,JBM-2025-0191,Entreprise Chaabane SUARL,DEAL-003780,2025-04-26,2025-06-17,,pending,501600.0,19,95304.0,596904.0,TND,,Facture mensuelle maintenance.,August 24 2025,0.0,,19.0,2025-05-18,,True,318
INV-001392,JBM-2025-0192,Salon Coiffure Elegance,DEAL-004051,16-Sep-25,2025-08-11,2025-12-08,paid,387000.0,19,73530.0,460530.0,EUR,,Invoice for Q2 maintenance contract. PO number: TT-2024-8821.,15/03/2026,0.0,,19.0,2025-07-12,149,False,
INV-001393,JBM-2025-0193,Hexabyte,DEAL-003075,March 03 2025,2025-05-04,2025-04-11,paid,360800.0,19,68552.0,429352.0,tnd,,Facture mensuelle maintenance.,November 28 2025,0.0,,19.0,2025-04-04,7,False,
INV-001394,JBM-2025-0194,Ooredoo Tunisie,DEAL-002847,01-Apr-25,2025-05-03,2025-05-14,paid,376900.0,19,71611.0,448511.0,EUR,,,October 28 2025,0.0,,19.0,2025-04-03,41,False,
INV-001395,JBM-2025-0195,Bureau d'Etudes Gharbi,,2025-08-11,2025-09-26,2025-09-25,paid,192900.0,19,36651.0,229551.0,TND,,,2026/02/07,0.0,,19.0,2025-08-27,29,False,
INV-001396,JBM-2025-0196,UIB,DEAL-002446,29-Apr-25,2025-12-06,,paid,602854.0,19%,114542.26,717396.26,EUR,Especes,Facture mensuelle maintenance.,December 25 2025,0.0,,19.0,2025-11-06,,False,
INV-001397,JBM-2025-0197,GlobalNet,DEAL-003912,February 04 2025,2025-08-03,2025-03-14,paid,559400.0,19,106286.0,665686.0,TND,especes,Facture 1/3 - Projet migration cloud STEG. Tranche initiale 30%.,03/08/2025,0.0,,19.0,2025-07-04,-112,False,
INV-001398,JBM-2025-0198,Entreprise Hamouda,DEAL-001539,17/07/2025,2025-07-02,2025-09-03,paid,42600.0,19,8094.0,50694.0,TND,,Facture mensuelle maintenance.,October 15 2025,0.0,,19.0,2025-06-02,93,False,
INV-001399,JBM-2025-0199,Cabinet Rekik & Associes,,November 18 2025,2026-01-08,,pending,243950.0,19%,46350.5,290300.5,tnd,,Retenue de garantie 10% - Liberation apres recette definitive.,November 18 2025,0.0,,19.0,2025-12-09,,True,113
INV-001401,JBM-2025-0201,Restaurant Le Mediterranee,DEAL-005690,2025/05/22,2025-06-27,2025-07-21,paid,244500.0,19,46455.0,290955.0,tnd,,,18/11/2025,0.0,,19.0,2025-05-28,54,False,
INV-001402,JBM-2025-0202,Groupe Trabelsi Technologies,,October 11 2025,2025-11-20,,paid,234600.0,19,44574.0,279174.0,TND,,Facture mensuelle maintenance.,2025/10/12,0.0,,19.0,2025-10-21,,False,
INV-001404,JBM-2025-0204,Poulina Group,DEAL-003363,04-Apr-25,2025-05-21,2025-06-05,paid,198600.0,19,37734.0,236334.0,TND,,Regularisation facture N-1. Avoir emis en contrepartie.,06-May-25,138079.64,0,19.0,2025-04-21,45,False,
INV-001405,JBM-2025-0205,Tunisair,DEAL-003121,28/10/2025,2025-12-21,2025-11-27,paid,447100.0,19,84949.0,532049.0,TND,virement,Facture mensuelle maintenance.,27-Nov-25,0.0,,19.0,2025-11-21,6,False,
INV-001406,JBM-2025-0206,Bureau d'Etudes Gharbi,DEAL-006451,29/08/2025,2025-10-06,,cancelled,146800.0,19,27892.0,174692.0,TND,virement,Acompte 50% - Contrat annuel support applicatif.,01/09/2025,0.0,,19.0,2025-09-06,,False,
INV-001407,JBM-2025-0207,STE Ben Romdhane Consulting,,December 12 2025,2026-01-28,2026-01-27,paid,235300.0,19,44707.0,280007.0,tnd,Cash,Retenue de garantie 10% - Liberation apres recette definitive.,February 10 2026,0.0,,19.0,2025-12-29,29,False,
INV-001408,JBM-2025-0208,Topnet,,2025/01/18,2025-03-16,2025-02-26,paid,245400.0,19,46626.0,292026.0,EUR,,Contrat cadre 2025. Facture trimestrielle T2.,2025/02/26,169610.54,0,19.0,2025-02-14,12,False,
INV-001409,JBM-2025-0209,Salon Coiffure Elegance,DEAL-005265,2025/06/28,2025-08-23,2025-09-06,paid,200800.0,19,38152.0,238952.0,EUR,,,2025-08-27,0.0,,19.0,2025-07-24,44,False,
INV-001410,JBM-2025-0210,G.Haddad Technologies,DEAL-001604,2025/07/07,2025-08-29,2025-09-02,paid,443600.0,0.19,84284.0,527884.0,tnd,,Facture 1/3 - Projet migration cloud STEG. Tranche initiale 30%.,04/03/2026,0.0,,0.19,2025-07-30,34,False,
INV-001411,JBM-2025-0211,Auto-Ecole Nejib,DEAL-000565,2025/05/11,2025-06-27,2025-08-03,paid,307100.0,20,58349.0,365449.0,TND,,,2025/05/14,0.0,,20.0,2025-05-28,67,False,
INV-001412,JBM-2025-0212,Centre de Formation Avenir,DEAL-005742,10/11/2025,2025-12-27,2026-09-01,paid,541500.0,19,102885.0,644385.0,DT,,Avoir suite annulation partielle du projet.,2026/02/08,0.0,,19.0,2025-11-27,278,False,
INV-001413,JBM-2025-0213,STE Ferchiou Informatique,DEAL-000417,2025-06-16,2025-08-12,2025-10-08,paid,27200.0,19,5168.0,32368.0,tnd,,Acompte 50% - Contrat annuel support applicatif.,2025-12-13,0.0,,19.0,2025-07-13,87,False,
INV-001414,JBM-2025-0214,Entreprise Haddad,,04-May-25,2025-06-30,2025-06-18,paid,285900.0,19,54321.0,340221.0,EUR,,Invoice for Q2 maintenance contract. PO number: TT-2024-8821.,30-Dec-25,0.0,,19.0,2025-05-31,18,False,
INV-001415,JBM-2025-0215,Groupe Trabelsi Technologies,,April 30 2025,2025-02-06,2025-06-22,paid,342500.0,19,65075.0,407575.0,TND,especes,Facture 1/3 - Projet migration cloud STEG. Tranche initiale 30%.,December 26 2025,0.0,,19.0,2025-01-07,166,False,
INV-001416,JBM-2025-0216,Orange-Tunisie,DEAL-005520,August 28 2025,2025-09-28,2025-09-27,paid,197400.0,19 %,37506.0,234906.0,TND,,Retenue de garantie 10% - Liberation apres recette definitive.,2025-11-26,0.0,,19.0,2025-08-29,29,False,
INV-001417,JBM-2025-0217,Societe Haddad Import Export,,06/08/2025,2025-09-27,2025-10-23,paid,133300.0,19,25327.0,158627.0,DT,,Frais de deplacement inclus. Voir detail en annexe.,2025-12-04,0.0,,19.0,2025-08-28,56,False,
INV-001418,JBM-2025-0218,STE Bouzid Consulting,DEAL-007210,15-May-25,2025-11-07,2025-09-07,paid,179100.0,19 %,34029.0,213129.0,DT,,Invoice for cybersecurity audit - Phase 1 completed.,2026/01/10,0.0,,19.0,2025-10-08,-31,False,
INV-001419,JBM-2025-0219,Pharmacie Al Amal,,29-May-25,2025-07-10,2025-08-16,paid,504300.0,19,95817.0,600117.0,DT,,Facture mensuelle maintenance.,January 24 2026,0.0,,19.0,2025-06-10,67,False,
INV-001420,JBM-2025-0220,Entreprise Hamouda,DEAL-006356,2025/06/18,2025-07-31,,pending,22000.0,19%,4180.0,26180.0,DT,,Facture mensuelle maintenance.,October 16 2025,0.0,,19.0,2025-07-01,,True,274
INV-001421,JBM-2025-0221,Societe Haddad Import Export,DEAL-006528,07/05/2025,2025-07-04,,pending,280900.0,19,53371.0,334271.0,TND,,Avoir suite annulation partielle du projet.,2025/08/05,0.0,,19.0,2025-06-04,,True,301
INV-001422,JBM-2025-0222,Ecole Privee Ibn Khaldoun,DEAL-001868,06/06/2025,2025-08-05,2025-09-03,paid,285900.0,19,54321.0,340221.0,TND,,Facture 1/3 - Projet migration cloud STEG. Tranche initiale 30%.,04/10/2025,0.0,,19.0,2025-07-06,59,False,
INV-001423,JBM-2025-0223,Ecole Privee Ibn Khaldoun,DEAL-007051,2025-05-19,2025-10-07,2025-07-31,paid,375500.0,20,71345.0,446845.0,EUR,,Regularisation facture N-1. Avoir emis en contrepartie.,September 16 2025,0.0,,20.0,2025-09-07,-38,False,
INV-001424,JBM-2025-0224,STE Khalfallah Consulting,DEAL-000641,09/05/2025,2025-06-30,2025-06-07,paid,414200.0,0.19,78698.0,492898.0,TND,,,10/05/2025,0.0,,0.19,2025-05-31,7,False,
INV-001425,JBM-2025-0225,Centre Medical Bouzid,,2025/11/29,2026-01-10,2026-02-22,paid,561600.0,19,106704.0,668304.0,TND,,Facture 1/3 - Projet migration cloud STEG. Tranche initiale 30%.,December 29 2025,0.0,,19.0,2025-12-11,73,False,
INV-001426,JBM-2025-0226,Entreprise Haddad,,2025/05/05,2025-05-03,2025-06-22,paid,174930.0,19%,33236.7,208166.7,TND,,,2025/07/04,0.0,,19.0,2025-04-03,80,False,
INV-001427,JBM-2025-0227,Auto-Ecole Nejib,DEAL-005899,22-Jul-25,2025-09-17,,pending,418700.0,20,79553.0,498253.0,DT,,Retenue de garantie 10% - Liberation apres recette definitive.,July 22 2025,0.0,,20.0,2025-08-18,,True,226
INV-001428,JBM-2025-0228,Ooredoo Tunisie,DEAL-007950,August 26 2025,2025-10-25,2025-09-30,paid,553300.0,19 %,105127.0,658427.0,DT,especes,,28/09/2025,377353.62,281073.38,19.0,2025-09-25,5,False,
INV-001429,JBM-2025-0229,STE Chaabane Solutions,DEAL-007538,29-Jun-25,2025-08-06,2025-08-23,paid,255600.0,19,48564.0,304164.0,DT,,Contrat cadre 2025. Facture trimestrielle T2.,29-Jul-25,0.0,,19.0,2025-07-07,47,False,
INV-001431,JBM-2025-0231,Attijari Bank,,2025/12/05,2026-01-06,2026-01-12,paid,155400.0,19%,29526.0,184926.0,EUR,,,2025-12-05,0.0,,19.0,2025-12-07,36,False,
INV-001432,JBM-2025-0232,Orange Tunisie,DEAL-000764,2025/10/11,2025-01-12,2025-11-21,paid,576900.0,19,109611.0,686511.0,TND,,Invoice for cybersecurity audit - Phase 1 completed.,2025-11-26,0.0,,19.0,2024-12-13,343,False,
INV-001433,JBM-2025-0233,agence immobiliere sfax centre,,23-Jan-25,2025-02-22,,pending,163800.0,19,31122.0,194922.0,tnd,check,Avoir suite annulation partielle du projet.,2025/09/20,0.0,,19.0,2025-01-23,,True,433
INV-001434,JBM-2025-0234,Attijari Bank,DEAL-003790,May 15 2025,2025-06-19,2025-06-28,paid,526900.0,19,100111.0,627011.0,,,Avoir suite annulation partielle du projet.,10/01/2026,0.0,,19.0,2025-05-20,39,False,
INV-001435,JBM-2025-0235,BNA Bank,DEAL-003277,2025-03-19,2025-04-29,2025-04-25,paid,337700.0,19 %,64163.0,401863.0,TND,Cash,Facture 1/3 - Projet migration cloud STEG. Tranche initiale 30%.,2025/04/23,142128.09,259734.91,19.0,2025-03-30,26,False,
INV-001436,JBM-2025-0236,Societe Haddad Import Export,,April 21 2025,2025-10-06,,pending,575400.0,0.19,109326.0,684726.0,EUR,Virement bancaire,Facture 1/3 - Projet migration cloud STEG. Tranche initiale 30%.,18-Sep-25,0.0,,0.19,2025-09-06,,True,207
INV-001437,JBM-2025-0237,STE Jlassi Consulting,DEAL-006169,25/04/2025,2025-06-22,2025-06-20,paid,170900.0,19,32471.0,203371.0,TND,Check,,2025-06-20,203371.0,0,19.0,2025-05-23,28,False,
INV-001439,JBM-2025-0239,STE Agrebi Solutions,DEAL-002932,2025-03-16,2025-04-30,2025-10-05,paid,30600.0,19 %,5814.0,36414.0,DT,,,2025-08-13,0.0,,19.0,2025-03-31,188,False,
INV-001440,JBM-2025-0240,GlobalNet,,2025-03-17,2025-04-28,2025-04-20,paid,52000.0,19,9880.0,61880.0,EUR,,Invoice for Q2 maintenance contract. PO number: TT-2024-8821.,2025/12/12,0.0,,19.0,2025-03-29,22,False,
INV-001441,JBM-2025-0241,STE Gharbi Consulting,DEAL-005796,2025/12/03,2026-11-01,2026-01-25,paid,538600.0,19,102334.0,640934.0,tnd,cheque,Regularisation facture N-1. Avoir emis en contrepartie.,2026-02-01,0.0,,19.0,2026-10-02,-250,False,
INV-001442,JBM-2025-0242,STE Laabidi Consulting,,2025-03-02,2025-04-13,2025-04-17,paid,578500.0,19,109915.0,688415.0,TND,,Facture 1/3 - Projet migration cloud STEG. Tranche initiale 30%.,2025-03-02,0.0,,19.0,2025-03-14,34,False,
INV-001443,JBM-2025-0243,Entreprise Hamouda,DEAL-004858,03/02/2025,2025-12-03,2025-03-26,cancelled,319400.0,,60686.0,380086.0,EUR,,Invoice for Q2 maintenance contract. PO number: TT-2024-8821.,July 03 2025,0.0,,,2025-11-03,,False,
INV-001444,JBM-2025-0244,STE Mejri Informatique,DEAL-007302,2025/11/19,2026-01-05,2026-01-18,paid,500000.0,19,95000.0,595000.0,TND,Bank Transfer,Invoice for cybersecurity audit - Phase 1 completed.,2026-01-18,634068.21,0,19.0,2025-12-06,43,False,
INV-001445,JBM-2025-0245,GlobalNet,DEAL-004972,March 16 2025,2025-04-25,2025-04-22,paid,115000.0,19 %,21850.0,136850.0,TND,,Facture mensuelle maintenance.,14-Jun-25,0.0,,19.0,2025-03-26,27,False,
INV-001446,JBM-2025-0246,Orange Tunisie,,January 15 2025,2025-03-07,2025-02-25,paid,375500.0,15,71345.0,446845.0,TND,,Avoir suite annulation partielle du projet.,15/05/2025,0.0,,15.0,2025-02-05,20,False,
INV-001447,JBM-2025-0247,Bureau d'Etudes Oueslati,DEAL-004358,25/05/2025,2025-07-19,2025-07-24,paid,196000.0,0,37240.0,233240.0,TND,bank transfer,,2025-07-24,233240.0,0,0.0,2025-06-19,35,False,
INV-001448,JBM-2025-0248,Fleuriste Au Jasmin,,2025/10/30,2025-12-24,,pending,101300.0,19,19247.0,120547.0,tnd,cash,Retenue de garantie 10% - Liberation apres recette definitive.,2025-10-30,0.0,,19.0,2025-11-24,,True,128
INV-001449,JBM-2025-0249,STE Chaabane Solutions,,2025-06-10,2025-08-01,,pending,405000.0,19 %,76950.0,481950.0,TND,,Facture solde - Developpement plateforme BI. Livraison finale acceptee.,2025-12-07,0.0,,19.0,2025-07-02,,True,273
INV-001450,JBM-2025-0250,Bureau d'Etudes Bouzid,DEAL-004543,2025-06-14,2025-07-15,2025-06-10,paid,503800.0,20,95722.0,599522.0,TND,,Regularisation facture N-1. Avoir emis en contrepartie.,09-Feb-26,0.0,,20.0,2025-06-15,-5,False,
INV-001451,JBM-2025-0251,Cabinet Comptable Slim,DEAL-006726,2025-06-04,2025-07-09,2025-08-29,paid,344600.0,19,65474.0,410074.0,tnd,,Frais de deplacement inclus. Voir detail en annexe.,2025-11-01,0.0,,19.0,2025-06-09,81,False,
INV-001452,JBM-2025-0252,Agence Immobiliere Sfax Centre,DEAL-007248,December 08 2025,2026-01-14,2026-03-05,paid,323500.0,19,61465.0,384965.0,DT,,Facture solde - Developpement plateforme BI. Livraison finale acceptee.,05/03/2026,384965.0,0,19.0,2025-12-15,80,False,
INV-001453,JBM-2025-0253,CNAM,DEAL-005549,16/06/2025,2025-05-08,2025-07-21,paid,125100.0,19,23769.0,148869.0,EUR,,,2026-02-11,0.0,,19.0,2025-04-08,104,False,
INV-001454,JBM-2025-0254,STE Mejri Informatique,DEAL-003595,27/01/2025,2025-03-22,2025-03-27,paid,579700.0,19,110143.0,689843.0,EUR,,Facture mensuelle maintenance.,23/12/2025,0.0,,19.0,2025-02-20,35,False,
INV-001455,JBM-2025-0255,Groupe Haddad Technologies,DEAL-007855,October 29 2025,2025-12-15,,pending,491300.0,,93347.0,584647.0,TND,cheque,Facture mensuelle maintenance.,March 28 2026,0.0,,,2025-11-15,,True,137
INV-001456,JBM-2025-0256,Agence Immobiliere Sfax Centre,,2025/06/06,2025-07-29,2025-08-08,paid,347200.0,,65968.0,413168.0,TND,,Facture 1/3 - Projet migration cloud STEG. Tranche initiale 30%.,2025/12/03,0.0,,,2025-06-29,40,False,
INV-001457,JBM-2025-0257,STE Oueslati & Fils,,01/01/2025,2025-02-03,,cancelled,375000.0,19,71250.0,446250.0,DT,,,2025/01/01,0.0,,19.0,2025-01-04,,False,
INV-001459,JBM-2025-0259,Groupe Hamouda Digital,DEAL-001555,06-Sep-25,2025-10-14,2025-10-24,paid,548900.0,0.19,104291.0,653191.0,tnd,,Facture solde - Developpement plateforme BI. Livraison finale acceptee.,January 04 2026,0.0,,0.19,2025-09-14,40,False,
INV-001460,JBM-2025-0260,Restaurant Le Mediterranee,DEAL-001500,June 23 2025,2025-08-22,,pending,353100.0,15,67089.0,420189.0,TND,,Facture solde - Developpement plateforme BI. Livraison finale acceptee.,20-Nov-25,0.0,,15.0,2025-07-23,,True,252
INV-001461,JBM-2025-0261,Cabinet Rekik & Associes,DEAL-002400,October 04 2025,2025-10-11,2025-12-03,paid,,,,,tnd,,Regularisation facture N-1. Avoir emis en contrepartie.,03/03/2026,0.0,,,2025-09-11,83,False,
INV-001462,JBM-2025-0262,Bijouterie Sfaxienne,DEAL-002251,October 13 2025,2025-11-14,,pending,272400.0,19,51756.0,324156.0,DT,,Invoice for cybersecurity audit - Phase 1 completed.,2025-10-13,0.0,,19.0,2025-10-15,,True,168
INV-001463,JBM-2025-0263,Poulina Group,,15-Aug-25,2025-09-24,,cancelled,366200.0,19,69578.0,435778.0,tnd,,Invoice for Q2 maintenance contract. PO number: TT-2024-8821.,August 25 2025,0.0,,19.0,2025-08-25,,False,
INV-001464,JBM-2025-0264,Librairie Al Manar,DEAL-003501,,2025-07-19,,pending,174400.0,19,33136.0,207536.0,EUR,,Contrat cadre 2025. Facture trimestrielle T2.,04-Aug-25,0.0,,19.0,2025-06-19,,True,286
INV-001465,JBM-2025-0265,CyberPark Elghazala,DEAL-006659,May 07 2025,2025-06-22,2025-12-06,paid,128000.0,,24320.0,152320.0,tnd,Especes,Contrat cadre 2025. Facture trimestrielle T2.,12/06/2025,103752.75,0,,2025-05-23,197,False,
INV-001466,JBM-2025-0266,Attijari Bank,DEAL-002510,27/06/2025,2025-07-28,2025-03-08,paid,542600.0,,103094.0,645694.0,tnd,,Retenue de garantie 10% - Liberation apres recette definitive.,24/11/2025,0.0,,,2025-06-28,-112,False,
INV-001467,JBM-2025-0267,Ministere des Finances,DEAL-005907,2025/03/18,2025-04-23,,cancelled,264700.0,19,50293.0,314993.0,tnd,,Avoir suite annulation partielle du projet.,2025-04-02,0.0,,19.0,2025-03-24,,False,
INV-001468,JBM-2025-0268,STE Ben Salah Consulting,DEAL-002965,08-Feb-25,2025-03-18,2025-04-04,paid,95600.0,19,18164.0,113764.0,,,,05/11/2025,0.0,,19.0,2025-02-16,47,False,
INV-001469,JBM-2025-0269,Imprimerie El Ittihad,DEAL-005921,11-Feb-25,2025-03-16,,pending,111600.0,19,21204.0,132804.0,TND,,Facture 1/3 - Projet migration cloud STEG. Tranche initiale 30%.,09/10/2025,0.0,,19.0,2025-02-14,,True,411
INV-001470,JBM-2025-0270,Cafe Carthage,DEAL-002152,2025/04/28,2025-06-26,2025-07-20,paid,286200.0,0.19,54378.0,340578.0,tnd,,Regularisation facture N-1. Avoir emis en contrepartie.,2025/11/24,0.0,,0.19,2025-05-27,54,False,
INV-001471,JBM-2025-0271,Salon Coiffure Elegaonce,DEAL-003258,02-Feb-25,2025-03-25,2025-04-10,paid,123400.0,19%,23446.0,146846.0,TND,,Contrat cadre 2025. Facture trimestrielle T2.,04-Mar-25,0.0,,19.0,2025-02-23,46,False,
INV-001472,JBM-2025-0272,Poulina Group,,2025-11-27,2026-01-12,2025-12-31,paid,595400.0,19%,113126.0,708526.0,DT,check,Regularisation facture N-1. Avoir emis en contrepartie.,2026-01-26,0.0,,19.0,2025-12-13,18,False,
INV-001474,JBM-2025-0274,STEG,DEAL-004340,2025-02-02,2025-03-29,2025-03-14,paid,148200.0,19,28158.0,176358.0,,,Retenue de garantie 10% - Liberation apres recette definitive.,August 31 2025,0.0,,19.0,2025-02-27,15,False,
INV-001475,JBM-2025-0275,Orange Tunisie,,10-May-25,2025-06-20,2025-06-22,paid,287300.0,20,54587.0,341887.0,DT,,Contrat cadre 2025. Facture trimestrielle T2.,May 12 2025,0.0,,20.0,2025-05-21,32,False,
INV-001476,JBM-2025-0276,Cabinet Agrebi Conseil,,10/10/2025,2025-11-25,2025-08-12,paid,162800.0,0.19,30932.0,193732.0,TND,Cheque,,08/12/2025,193732.0,0,0.19,2025-10-26,-75,False,
INV-001477,JBM-2025-0277,Cabinet Turki Conseil,,2025-04-11,2025-05-21,2025-02-06,paid,37600.0,19,7144.0,44744.0,TND,,Avoir suite annulation partielle du projet.,2025/11/07,0.0,,19.0,2025-04-21,-74,False,
INV-001478,JBM-2025-0278,Entreprise Hamouda,DEAL-005389,,2025-05-01,2025-05-03,paid,579300.0,19,110067.0,689367.0,TND,,Regularisation facture N-1. Avoir emis en contrepartie.,03-May-25,689367.0,0,19.0,2025-04-01,32,False,
INV-001972,JBM-2025-0279,STE Ferchiou Informatique,DEAL-007180,2025-11-04,2025-12-06,2025-12-31,paid,180700.0,0.19,34333.0,215033.0,EUR,,Regularisation facture N-1. Avoir emis en contrepartie.,06/11/2025,0.0,,0.19,2025-11-06,55,False,
INV-001480,JBM-2025-0280,Delice Danone,DEAL-006249,04-Jan-25,2025-02-27,2025-02-11,paid,251800.0,19,47842.0,299642.0,tnd,virement,Facture solde - Developpement plateforme BI. Livraison finale acceptee.,2025/07/03,0.0,,19.0,2025-01-28,14,False,
INV-001481,JBM-2025-0281,Groupe Mansour Digital,DEAL-004980,July 16 2025,2025-09-04,2025-08-31,paid,578800.0,19,109972.0,688772.0,DT,,Facture solde - Developpement plateforme BI. Livraison finale acceptee.,2025-07-16,0.0,,19.0,2025-08-05,26,False,
INV-001482,JBM-2025-0282,Ooredoo Tunisie,DEAL-007515,03-Dec-25,2026-01-17,2026-01-06,paid,192600.0,19,36594.0,229194.0,TND,,Facture 1/3 - Projet migration cloud STEG. Tranche initiale 30%.,2026/02/01,0.0,,19.0,2025-12-18,19,False,
INV-001483,JBM-2025-0283,Groupe-Ferchiou-Digital,,2025-10-05,2025-11-20,2025-11-25,paid,226500.0,19,43035.0,269535.0,tnd,,Contrat cadre 2025. Facture trimestrielle T2.,October 07 2025,0.0,,19.0,2025-10-21,35,False,
INV-001484,JBM-2025-0284,BNA Bank,DEAL-006945,2025/09/11,2025-10-12,2025-10-21,paid,487305.0,19,92587.95,579892.95,TND,,,09/01/2026,0.0,,19.0,2025-09-12,39,False,
INV-001485,JBM-2025-0285,Societe Haddad Import Export,DEAL-007652,03-Oct-25,2025-11-02,,pending,106100.0,0.19,20159.0,126259.0,EUR,bank transfer,Facture 1/3 - Projet migration cloud STEG. Tranche initiale 30%.,01/01/2026,0.0,,0.19,2025-10-03,,True,180
INV-001486,JBM-2025-0286,Cafe Carthage,DEAL-004924,08/12/2025,2025-11-29,2026-02-08,paid,569400.0,19,108186.0,677586.0,EUR,,,07-Jan-26,0.0,,19.0,2025-10-30,101,False,
INV-001487,JBM-2025-0287,Cabinet Comptable Slim,,25/12/2025,2026-01-30,,cancelled,140600.0,19,26714.0,167314.0,TND,,Retenue de garantie 10% - Liberation apres recette definitive.,December 25 2025,0.0,,19.0,2025-12-31,,False,
INV-001488,JBM-2025-0288,CNSS,DEAL-002264,2025-04-12,2025-02-06,,paid,71400.0,0.19,13566.0,84966.0,DT,,,May 12 2025,0.0,,0.19,2025-01-07,,False,
INV-001489,JBM-2025-0289,UIB,DEAL-000273,20/07/2025,2025-08-31,,cancelled,555200.0,,105488.0,660688.0,tnd,,Avoir suite annulation partielle du projet.,2025-07-30,0.0,,,2025-08-01,,False,
INV-001490,JBM-2025-0290,B.Sfaxienne,DEAL-007003,05-Dec-25,2026-01-23,,pending,380300.0,19,72257.0,452557.0,tnd,,Regularisation facture N-1. Avoir emis en contrepartie.,February 03 2026,0.0,,19.0,2025-12-24,,True,98
INV-001491,JBM-2025-0291,A.Nejib,DEAL-001874,07-Dec-25,2026-01-18,2025-11-17,paid,577900.0,19,109801.0,687701.0,tnd,,Facture 1/3 - Projet migration cloud STEG. Tranche initiale 30%.,December 10 2025,0.0,,19.0,2025-12-19,-32,False,
INV-001492,JBM-2025-0292,Ecole Privee Ibn Khaldoun,DEAL-006389,24-Jan-25,2025-01-03,2025-04-24,paid,81500.0,19,15485.0,96985.0,tnd,Check,Acompte 50% - Contrat annuel support applicatif.,25-Mar-25,0.0,,19.0,2024-12-04,141,False,
INV-001493,JBM-2025-0293,STE-Khalfallah-&-Fils,,17/05/2025,2025-07-09,2025-07-08,paid,505500.0,0.19,96045.0,601545.0,TND,,Acompte 50% - Contrat annuel support applicatif.,2025-05-17,0.0,,0.19,2025-06-09,29,False,
INV-001494,JBM-2025-0294,Groupe Hamouda Digital,DEAL-002782,2025-10-01,2025-11-30,,pending,284300.0,19 %,54017.0,338317.0,,,,30/11/2025,0.0,,19.0,2025-10-31,,True,152
INV-001495,JBM-2025-0295,STE Gharbi Consulting,,28/11/2025,2026-01-25,2026-01-17,paid,156500.0,19,29735.0,186235.0,EUR,Cheque,Frais de deplacement inclus. Voir detail en annexe.,2026-01-17,186235.0,0,19.0,2025-12-26,22,False,
INV-001496,JBM-2025-0296,Bureau d'Etudes Ben Salah,DEAL-003462,2025/11/26,2026-01-04,,paid,8700.0,19,1653.0,10353.0,DT,,Frais de deplacement inclus. Voir detail en annexe.,2025-11-28,0.0,,19.0,2025-12-05,,False,
INV-001497,JBM-2025-0297,Bureau d'Etudes Oueslati,DEAL-003105,March 04 2025,2025-04-27,2025-04-27,paid,420400.0,,79876.0,500276.0,EUR,,Acompte 50% - Contrat annuel support applicatif.,03/04/2025,0.0,,,2025-03-28,30,False,
INV-001498,JBM-2025-0298,ste hamdi consulting,DEAL-007832,09-Feb-25,2025-03-15,2025-04-05,paid,364400.0,20,69236.0,433636.0,DT,,Facture mensuelle maintenance.,2025/07/09,0.0,,20.0,2025-02-13,51,False,
INV-001499,JBM-2025-0299,Groupe Zouari Digital,DEAL-000814,05/04/2025,2025-06-05,,cancelled,143800.0,19,27322.0,171122.0,TND,,Frais de deplacement inclus. Voir detail en annexe.,2025/12/01,0.0,,19.0,2025-05-06,,False,
INV-001500,JBM-2025-0300,Ecole Privee Ibn Khaldoun,DEAL-002613,29/12/2025,2026-02-20,2026-03-15,paid,474000.0,19,90060.0,564060.0,EUR,,Regularisation facture N-1. Avoir emis en contrepartie.,March 15 2026,564060.0,0,19.0,2026-01-21,53,False,
INV-001501,JBM-2025-0301,STE Chaabane Solutions,DEAL-000481,10-Dec-25,2026-01-27,2026-01-26,paid,587900.0,19,111701.0,699601.0,TND,,Contrat cadre 2025. Facture trimestrielle T2.,08/02/2026,0.0,,19.0,2025-12-28,29,False,
INV-001502,JBM-2025-0302,Bureau d'Etudes Ben Salah,,21/06/2025,2025-07-23,2025-08-17,paid,187700.0,19,35663.0,223363.0,TND,,,21/07/2025,0.0,,19.0,2025-06-23,55,False,
INV-001503,JBM-2025-0303,STE Jlassi Consulting,DEAL-001462,June 10 2025,2025-07-24,2025-07-30,paid,444500.0,0.19,84455.0,528955.0,TND,,Facture solde - Developpement plateforme BI. Livraison finale acceptee.,07/11/2025,0.0,,0.19,2025-06-24,36,False,
INV-001504,JBM-2025-0304,Attijari Bank,DEAL-005500,11/10/2025,2025-11-20,2025-11-18,paid,446900.0,,84911.0,531811.0,EUR,,Invoice for Q2 maintenance contract. PO number: TT-2024-8821.,12-Oct-25,0.0,,,2025-10-21,28,False,
INV-001505,JBM-2025-0305,Imprimerie El Ittihad,,25-Jun-25,2025-07-31,2025-08-27,paid,212700.0,0.19,40413.0,253113.0,tnd,Cash,Frais de deplacement inclus. Voir detail en annexe.,20/02/2026,0.0,,0.19,2025-07-01,57,False,
INV-001506,JBM-2025-0306,STE Laabidi Consulting,DEAL-005418,20-Aug-25,2025-10-07,2025-10-11,paid,313700.0,20,59603.0,373303.0,tnd,Bank Transfer,Retenue de garantie 10% - Liberation apres recette definitive.,23-Aug-25,0.0,,20.0,2025-09-07,34,False,
INV-001507,JBM-2025-0307,STE Mejri Informatique,DEAL-004387,15-Sep-25,2025-09-11,2025-11-06,paid,245500.0,0.19,46645.0,292145.0,TND,,Frais de deplacement inclus. Voir detail en annexe.,17-Sep-25,0.0,,0.19,2025-08-12,86,False,
INV-001508,JBM-2025-0308,Delice Danone,DEAL-005183,2025/07/31,2025-07-28,2025-09-13,paid,538700.0,19,102353.0,641053.0,TND,,Frais de deplacement inclus. Voir detail en annexe.,2025-10-29,0.0,,19.0,2025-06-28,77,False,
INV-001510,JBM-2025-0310,Cabinet Rekik & #Associes,,2025-02-10,2025-03-18,2025-04-10,paid,,19,,,,,,2026/03/07,0.0,,19.0,2025-02-16,53,False,
INV-001511,JBM-2025-0311,Bureau d'Etudes Oueslati,,December 27 2025,2026-02-08,,pending,555000.0,19,105450.0,660450.0,EUR,especes,,2026/02/25,0.0,,19.0,2026-01-09,,True,82
INV-001512,JBM-2025-0312,Groupe Ferchiou Digital,DEAL-004441,2025/11/21,2025-12-22,2026-01-14,paid,401700.0,19,76323.0,478023.0,TND,,Facture 1/3 - Projet migration cloud STEG. Tranche initiale 30%.,19/02/2026,0.0,,19.0,2025-11-22,53,False,
INV-001513,JBM-2025-0313,Entreprise Sghaier,DEAL-001401,12-Aug-25,2025-10-11,2025-10-09,paid,361900.0,19,68761.0,430661.0,tnd,,Invoice for Q2 maintenance contract. PO number: TT-2024-8821.,09/01/2026,0.0,,19.0,2025-09-11,28,False,
INV-001514,JBM-2025-0314,Groupe Hamouda Digital,DEAL-006647,27-Apr-25,2025-04-06,2025-06-24,paid,203966.0,19,38753.54,242719.54,,,Facture mensuelle maintenance.,2025-12-23,0.0,,19.0,2025-03-07,109,False,
INV-001515,JBM-2025-0315,Bureau d'Etudes Ben Salah,DEAL-007566,October 24 2025,2025-10-10,2025-12-13,paid,165700.0,19,31483.0,197183.0,TND,virement,,14/11/2025,69974.6,127208.4,19.0,2025-09-10,94,False,
INV-001517,JBM-2025-0317,Magasin Mabrouk Electronique SA,DEAL-007558,2025/06/21,2025-06-19,2025-09-16,paid,289700.0,19,55043.0,344743.0,EUR,Virement bancaire,Facture mensuelle maintenance.,15/07/2025,199295.86,145447.14,19.0,2025-05-20,119,False,
INV-001518,JBM-2025-0318,Cafe Carthage,,August 22 2025,2025-09-21,,cancelled,439100.0,19,83429.0,522529.0,,,Facture solde - Developpement plateforme BI. Livraison finale acceptee.,2025/08/22,0.0,,19.0,2025-08-22,,False,
INV-001519,JBM-2025-0319,BNA Bank,DEAL-007035,2025/12/26,2025-12-23,2026-02-03,paid,448100.0,0,85139.0,533239.0,TND,,Facture 1/3 - Projet migration cloud STEG. Tranche initiale 30%.,February 24 2026,0.0,,0.0,2025-11-23,72,False,
INV-001520,JBM-2025-0320,Cafe-Carthage,,13/11/2025,2026-07-01,2026-01-13,paid,302300.0,,57437.0,359737.0,TND,,Regularisation facture N-1. Avoir emis en contrepartie.,November 15 2025,0.0,,,2026-06-01,-139,False,
INV-001521,JBM-2025-0321,Cabinet Agrebi Conseil,DEAL-002849,2025/04/03,2025-05-21,,cancelled,591400.0,15,112366.0,703766.0,TND,,,April 18 2025,0.0,,15.0,2025-04-21,,False,
INV-001522,JBM-2025-0322,STE Ferchiou Informatique,DEAL-004327,07-Oct-25,2025-11-25,2025-11-22,paid,96600.0,19%,18354.0,114954.0,TND,,Retenue de garantie 10% - Liberation apres recette definitive.,2025-10-07,0.0,,19.0,2025-10-26,27,False,
INV-001523,JBM-2025-0323,Groupe Haddad Technologies,DEAL-007993,2025-10-24,2025-12-03,2025-12-20,paid,439700.0,19,83543.0,523243.0,EUR,,Acompte 50% - Contrat annuel support applicatif.,22-Jan-26,0.0,,19.0,2025-11-03,47,False,
INV-001525,JBM-2025-0325,Cafe Carthage,,2025/05/17,2025-06-27,,overdue,370400.0,19%,70376.0,440776.0,DT,,Facture solde - Developpement plateforme BI. Livraison finale acceptee.,2025-06-27,0.0,,19.0,2025-05-28,,True,308
INV-001526,JBM-2025-0326,STE Laabidi #Consulting,DEAL-002891,2025-12-25,2026-02-18,2026-02-10,cancelled,144300.0,19,27417.0,171717.0,TND,,Facture solde - Developpement plateforme BI. Livraison finale acceptee.,December 25 2025,0.0,,19.0,2026-01-19,,False,
INV-001527,JBM-2025-0327,CNAM,DEAL-003499,December 19 2025,2026-01-19,2026-02-01,paid,151800.0,19,28842.0,180642.0,tnd,,Avoir suite annulation partielle du projet.,2025-12-19,0.0,,19.0,2025-12-20,43,False,
INV-001528,JBM-2025-0328,STE Hamdi Consulting,DEAL-007052,28-Mar-25,2025-05-26,2025-05-20,paid,156800.0,19,29792.0,186592.0,DT,,,25-Aug-25,0.0,,19.0,2025-04-26,24,False,
INV-001529,JBM-2025-0329,Topnet,DEAL-007755,2025-12-09,2026-01-16,,paid,472900.0,19,89851.0,562751.0,TND,,Facture 1/3 - Projet migration cloud STEG. Tranche initiale 30%.,08/01/2026,0.0,,19.0,2025-12-17,,False,
INV-001530,JBM-2025-0330,Groupe Ferchiou Digital,DEAL-003063,2025-05-31,2025-07-07,,pending,319700.0,19,60743.0,380443.0,EUR,,,July 30 2025,0.0,,19.0,2025-06-07,,True,298
INV-001531,JBM-2025-0331,Salon Coiffure Elegance,DEAL-004391,2025-01-07,2025-03-03,2025-03-08,paid,550500.0,19,104595.0,655095.0,tnd,,Facture solde - Developpement plateforme BI. Livraison finale acceptee.,08-Mar-25,0.0,,19.0,2025-02-01,35,False,
INV-001532,JBM-2025-0332,Delice Danone,,2025-12-22,2026-02-17,2026-05-02,paid,592000.0,19,112480.0,704480.0,tnd,,Invoice for cybersecurity audit - Phase 1 completed.,22-Dec-25,0.0,,19.0,2026-01-18,104,False,
INV-001533,JBM-2025-0333,STE Laabidi Consulting,DEAL-006893,15/12/2025,2026-01-31,2026-01-30,paid,21400.0,19,4066.0,25466.0,TND,Especes,Acompte 50% - Contrat annuel support applicatif.,30/01/2026,13787.98,0,19.0,2026-01-01,29,False,
INV-001534,JBM-2025-0334,Cafe Carthage,DEAL-002917,19-Aug-25,2025-09-20,,pending,591700.0,19,112423.0,704123.0,tnd,,Invoice for cybersecurity audit - Phase 1 completed.,February 15 2026,0.0,,19.0,2025-08-21,,True,223
INV-001535,JBM-2025-0335,UIB,DEAL-000622,2025-10-22,2025-10-17,2025-11-30,paid,62100.0,19,11799.0,73899.0,EUR,,Facture solde - Developpement plateforme BI. Livraison finale acceptee.,November 21 2025,0.0,,19.0,2025-09-17,74,False,
INV-001536,JBM-2025-0336,Cabinet Turki Conseil,DEAL-000872,05/09/2025,2025-01-11,2025-10-21,paid,60200.0,19,11438.0,71638.0,EUR,,,06/09/2025,0.0,,19.0,2024-12-12,313,False,
INV-001537,JBM-2025-0337,STE Hamdi Consulting,DEAL-004749,December 10 2025,2026-01-22,2026-01-30,paid,506100.0,0.19,96159.0,602259.0,TND,,Invoice for Q2 maintenance contract. PO number: TT-2024-8821.,10-Mar-26,0.0,,0.19,2025-12-23,38,False,
INV-001538,JBM-2025-0338,STE Belhadj Consulting,DEAL-000021,January 06 2025,2025-03-02,2025-02-27,paid,44000.0,15,8360.0,52360.0,DT,especes,Contrat cadre 2025. Facture trimestrielle T2.,2025/11/02,0.0,,15.0,2025-01-31,27,False,
INV-001539,JBM-2025-0339,Hexabyte,DEAL-007718,2025/06/29,2025-08-24,2025-08-02,paid,359400.0,0.19,68286.0,427686.0,TND,,Facture solde - Developpement plateforme BI. Livraison finale acceptee.,March 26 2026,0.0,,0.19,2025-07-25,8,False,
INV-001540,JBM-2025-0340,GlobalNet,DEAL-007842,2025/04/15,2025-05-21,2025-05-17,paid,434100.0,19,82479.0,516579.0,TND,Cheque,Contrat cadre 2025. Facture trimestrielle T2.,2026-01-10,0.0,,19.0,2025-04-21,26,False,
INV-001541,JBM-2025-0341,Poulina Group,DEAL-002600,August 18 2025,2025-10-10,,paid,143200.0,19,27208.0,170408.0,TND,Especes,,2025-08-18,0.0,,19.0,2025-09-10,,False,
INV-001542,JBM-2025-0342,Magasin Mabrouk Electronique,DEAL-003617,2025-11-13,2026-01-05,,cancelled,72400.0,19%,13756.0,86156.0,DT,,Avoir suite annulation partielle du projet.,13-Nov-25,0.0,,19.0,2025-12-06,,False,
INV-001543,JBM-2025-0343,Groupe Bouzid Digital,DEAL-000685,03/01/2025,2025-02-13,2025-02-25,paid,445200.0,19%,84588.0,529788.0,DT,,,2025/02/02,0.0,,19.0,2025-01-14,42,False,
INV-001544,JBM-2025-0344,P@oulina Group,,13-Mar-25,2025-04-14,2025-04-19,paid,575100.0,,109269.0,684369.0,tnd,,Frais de deplacement inclus. Voir detail en annexe.,January 07 2026,0.0,,,2025-03-15,35,False,
INV-001545,JBM-2025-0345,Agence Immobiliere Sfax Centre,,2025/04/17,2025-08-06,2025-06-19,paid,165300.0,19,31407.0,196707.0,tnd,,Acompte 50% - Contrat annuel support applicatif.,2025-12-13,0.0,,19.0,2025-07-07,-18,False,
INV-001546,JBM-2025-0346,CNSS,,2025-10-28,2025-12-12,2025-03-12,cancelled,158200.0,20,30058.0,188258.0,TND,,Contrat cadre 2025. Facture trimestrielle T2.,27/03/2026,0.0,,20.0,2025-11-12,,False,
INV-001547,JBM-2025-0347,Groupe Ferchiou Digital,DEAL-005564,10/09/2025,2025-10-22,2025-10-30,paid,575000.0,19,109250.0,684250.0,TND,,,09/11/2025,0.0,,19.0,2025-09-22,38,False,
INV-001548,JBM-2025-0348,STE Mejri Informatique,,19-Dec-25,2026-02-17,2026-02-16,paid,,19,,,EUR,,Retenue de garantie 10% - Liberation apres recette definitive.,16/02/2026,547162.0,0,19.0,2026-01-18,29,False,
INV-001549,JBM-2025-0349,STE Ben Salah & Fils,DEAL-003327,25/01/2025,2025-10-03,2025-03-17,paid,447700.0,19,85063.0,532763.0,TND,,Frais de deplacement inclus. Voir detail en annexe.,26/03/2025,0.0,,19.0,2025-09-03,-170,False,
INV-001550,JBM-2025-0350,Groupe Ferchiou Digital,DEAL-005210,29/07/2025,2025-09-24,2025-09-13,paid,20600.0,19,3914.0,24514.0,TND,,,January 25 2026,0.0,,19.0,2025-08-25,19,False,
INV-001551,JBM-2025-0351,UIB,DEAL-002337,2025/06/24,2025-08-22,2025-08-05,paid,312900.0,0.19,59451.0,372351.0,TND,,,December 21 2025,0.0,,0.19,2025-07-23,13,False,
INV-001553,JBM-2025-0353,C.Turki Conseil,DEAL-006885,18-Apr-25,2025-06-01,2025-06-13,paid,321600.0,0,61104.0,382704.0,EUR,,Invoice for cybersecurity audit - Phase 1 completed.,November 14 2025,0.0,,0.0,2025-05-02,42,False,
INV-001554,JBM-2025-0354,Banque de Tunisie,DEAL-001900,16-Nov-25,2026-01-02,2025-12-27,paid,237600.0,0.19,45144.0,282744.0,TND,,Avoir suite annulation partielle du projet.,November 16 2025,0.0,,0.19,2025-12-03,24,False,
INV-001555,JBM-2025-0355,Cabinet Rekik & Associes,,31/03/2025,2025-05-18,2025-05-16,paid,289100.0,19%,54929.0,344029.0,EUR,,Contrat cadre 2025. Facture trimestrielle T2.,2026-01-25,0.0,,19.0,2025-04-18,28,False,
INV-001556,JBM-2025-0356,CNSS,DEAL-005559,11/01/2025,2025-02-26,2025-02-12,paid,,0.19,,,TND,,Regularisation facture N-1. Avoir emis en contrepartie.,2025/11/07,0.0,,0.19,2025-01-27,16,False,
INV-001557,JBM-2025-0357,STE Hamdi Consulting,DEAL-004067,21/08/2025,2025-10-06,,cancelled,246300.0,19 %,46797.0,293097.0,DT,,Invoice for cybersecurity audit - Phase 1 completed.,2025-08-21,0.0,,19.0,2025-09-06,,False,
INV-001558,JBM-2025-0358,Bijouterie Sfaxienne,DEAL-000941,11-Mar-25,2025-04-28,2025-06-06,paid,525500.0,19%,99845.0,625345.0,TND,cheque,Avoir suite annulation partielle du projet.,11/04/2025,340440.77,284904.23,19.0,2025-03-29,69,False,
INV-001559,JBM-2025-0359,Entreprise-Haddad,,10/08/2025,2025-09-23,2025-08-10,paid,405900.0,0.19,77121.0,483021.0,TND,,Avoir suite annulation partielle du projet.,08/12/2025,0.0,,0.19,2025-08-24,-14,False,
INV-001560,JBM-2025-0360,BNA Bank,DEAL-001493,October 08 2025,2025-10-07,2025-11-19,paid,318100.0,0.19,60439.0,378539.0,EUR,,Facture 1/3 - Projet migration cloud STEG. Tranche initiale 30%.,11/10/2025,0.0,,0.19,2025-09-07,73,False,
INV-001561,JBM-2025-0361,CNSS,DEAL-003843,18-Oct-25,2025-11-27,2025-11-25,paid,98500.0,0.19,18715.0,117215.0,EUR,,Invoice for Q2 maintenance contract. PO number: TT-2024-8821.,17-Mar-26,0.0,,0.19,2025-10-28,28,False,
INV-001562,JBM-2025-0362,groupe hamdi digital,DEAL-007699,June 10 2025,2025-01-08,2025-08-09,paid,356100.0,19,67659.0,423759.0,TND,,Frais de deplacement inclus. Voir detail en annexe.,June 10 2025,0.0,,19.0,2024-12-09,243,False,
INV-001563,JBM-2025-0363,C.Rekik & Associes,,March 16 2025,2025-05-10,,paid,560200.0,,106438.0,666638.0,TND,bank transfer,Acompte 50% - Contrat annuel support applicatif.,2025/06/14,0.0,,,2025-04-10,,False,
INV-001564,JBM-2025-0364,Bureau d'Etudes Oueslati,DEAL-002208,23/01/2025,2025-02-27,2025-03-14,paid,346600.0,19,65854.0,412454.0,EUR,,Invoice for Q2 maintenance contract. PO number: TT-2024-8821.,21/08/2025,0.0,,19.0,2025-01-28,45,False,
INV-001565,JBM-2025-0365,En@treprise Hamouda,DEAL-002759,2025/05/02,2025-06-14,,cancelled,556700.0,19,105773.0,662473.0,TND,,Avoir suite annulation partielle du projet.,02-May-25,0.0,,19.0,2025-05-15,,False,
INV-001566,JBM-2025-0366,Centre Medical Bouzid,DEAL-005441,2025/01/03,2025-02-25,,cancelled,153400.0,0.19,29146.0,182546.0,TND,,Retenue de garantie 10% - Liberation apres recette definitive.,2025-01-03,0.0,,0.19,2025-01-26,,False,
INV-001567,JBM-2025-0367,Cafe Carthage,DEAL-006118,2025-02-03,2025-03-24,2025-07-04,paid,80200.0,19%,15238.0,95438.0,DT,,Regularisation facture N-1. Avoir emis en contrepartie.,May 04 2025,0.0,,19.0,2025-02-22,132,False,
INV-001568,JBM-2025-0368,STE Gharbi Consulting,,2025-12-10,2026-01-20,2026-02-08,paid,337800.0,19,64182.0,401982.0,TND,,Acompte 50% - Contrat annuel support applicatif.,2025-12-13,0.0,,19.0,2025-12-21,49,False,
INV-001569,JBM-2025-0369,STE Gharbi Consulting,DEAL-004070,2025-12-22,2026-02-05,2026-05-02,paid,365100.0,19,69369.0,434469.0,TND,,Frais de deplacement inclus. Voir detail en annexe.,2025/12/22,0.0,,19.0,2026-01-06,116,False,
INV-001570,JBM-2025-0370,STE Ben Romdhane Consulting,,15/07/2025,2025-12-09,,cancelled,169000.0,,32110.0,201110.0,TND,,,2025-07-16,0.0,,,2025-11-09,,False,
INV-001571,JBM-2025-0371,Entreprise Belhadj,DEAL-001491,October 29 2025,2025-12-26,2025-12-22,paid,172400.0,,32756.0,205156.0,tnd,,Invoice for Q2 maintenance contract. PO number: TT-2024-8821.,2026/02/26,0.0,,,2025-11-26,26,False,
INV-001572,JBM-2025-0372,STE Agrebi Solutions,DEAL-004063,2025-08-20,2025-09-19,2025-07-10,paid,475800.0,19,90402.0,566202.0,EUR,,Contrat cadre 2025. Facture trimestrielle T2.,16/02/2026,0.0,,19.0,2025-08-20,-41,False,
INV-001573,JBM-2025-0373,STE Oueslati & Fils,DEAL-006837,May 04 2025,2025-06-28,2025-06-19,paid,542800.0,19,103132.0,645932.0,TND,,Contrat cadre 2025. Facture trimestrielle T2.,May 06 2025,0.0,,19.0,2025-05-29,21,False,
INV-001574,JBM-2025-0374,Entreprise Haddad,,23-Jan-25,2025-11-03,2025-03-24,paid,401400.0,19,76266.0,477666.0,TND,,Facture solde - Developpement plateforme BI. Livraison finale acceptee.,19-Nov-25,0.0,,19.0,2025-10-04,-194,False,
INV-001575,JBM-2025-0375,STE Belhadj Consulting,,2025/01/24,2025-03-08,2025-03-22,paid,184400.0,19,35036.0,219436.0,DT,Virement bancaire,Facture 1/3 - Projet migration cloud STEG. Tranche initiale 30%.,January 24 2025,0.0,,19.0,2025-02-06,44,False,
INV-001576,JBM-2025-0376,Bureau d'Etudes Laabidi,,2025/01/26,2025-03-14,2025-03-23,paid,383900.0,19,72941.0,456841.0,TND,,Regularisation facture N-1. Avoir emis en contrepartie.,27-Mar-25,0.0,,19.0,2025-02-12,39,False,
INV-001577,JBM-2025-0377,Salon Coiffure Elegance,,04/05/2025,2025-06-19,2025-07-23,paid,502400.0,0,95456.0,597856.0,TND,cheque,Facture solde - Developpement plateforme BI. Livraison finale acceptee.,July 23 2025,597856.0,0,0.0,2025-05-20,64,False,
INV-001578,JBM-2025-0378,Cabinet Comptable Slim,DEAL-002714,2025/08/27,2025-02-10,,pending,524500.0,19%,99655.0,624155.0,TND,,Facture 1/3 - Projet migration cloud STEG. Tranche initiale 30%.,2025-10-26,0.0,,19.0,2025-01-11,,True,445
INV-001579,JBM-2025-0379,Groupe Ferchiou Digital,DEAL-005403,23-Oct-25,2025-12-20,2025-12-14,paid,490300.0,19,93157.0,583457.0,EUR,,,October 24 2025,0.0,,19.0,2025-11-20,24,False,
INV-001580,JBM-2025-0380,Bureau d'Etudes Laabidi,DEAL-000600,February 17 2025,2025-04-17,,pending,314900.0,19,59831.0,374731.0,TND,,,February 17 2025,0.0,,19.0,2025-03-18,,True,379
INV-001582,JBM-2025-0382,Auto-Ecole Nejib,DEAL-001997,2025/11/07,2025-12-18,2026-01-13,paid,581200.0,19 %,110428.0,691628.0,EUR,cheque,,2025-11-07,0.0,,19.0,2025-11-18,56,False,
INV-001583,JBM-2025-0383,Bureau d'Etudes Oueslati,DEAL-004975,February 16 2025,2025-04-12,2025-04-16,paid,63000.0,19%,11970.0,74970.0,TND,cheque,Invoice for Q2 maintenance contract. PO number: TT-2024-8821.,16/04/2025,36281.26,0,19.0,2025-03-13,34,False,
INV-001584,JBM-2025-0384,GlobalNet,,November 25 2025,2025-12-27,2026-09-01,paid,290200.0,19,55138.0,345338.0,TND,,Invoice for cybersecurity audit - Phase 1 completed.,November 25 2025,0.0,,19.0,2025-11-27,278,False,
INV-001585,JBM-2025-0385,Ecole Privee Ibn Khaldoun,DEAL-005769,2025-06-03,2025-07-29,,pending,248829.0,19,47277.51,296106.51,DT,,,2026/03/30,0.0,,19.0,2025-06-29,,True,276
INV-001586,JBM-2025-0386,bna bank,,October 09 2025,2025-08-12,,paid,284500.0,0.19,54055.0,338555.0,TND,,Contrat cadre 2025. Facture trimestrielle T2.,2026/03/08,0.0,,0.19,2025-07-13,,False,
INV-001587,JBM-2025-0387,STE Ben Romdhane Consulting,DEAL-001161,2025-06-29,2025-08-24,2025-08-22,paid,504500.0,19,95855.0,600355.0,TND,,,2025-08-28,0.0,,19.0,2025-07-25,28,False,
INV-001588,JBM-2025-0388,Bureau d'Etudes Ben Salah,DEAL-000804,2025/04/09,2025-05-14,,cancelled,518100.0,19,98439.0,616539.0,tnd,,Invoice for Q2 maintenance contract. PO number: TT-2024-8821.,2025/04/09,0.0,,19.0,2025-04-14,,False,
INV-001589,JBM-2025-0389,Salon Coiffure Elegance,DEAL-002218,08-Dec-25,2026-01-16,,pending,512900.0,19,97451.0,610351.0,TND,bank transfer,,2025-12-09,0.0,,19.0,2025-12-17,,True,105
INV-001590,JBM-2025-0390,Tunisair,,15/02/2025,2025-08-04,,cancelled,466100.0,19,88559.0,554659.0,EUR,,Retenue de garantie 10% - Liberation apres recette definitive.,15-Feb-25,0.0,,19.0,2025-07-05,,False,
INV-001591,JBM-2025-0391,Groupe Trabelsi Technologies,DEAL-003425,2025/08/30,2025-10-10,,pending,189400.0,20,35986.0,225386.0,EUR,,,2025/11/28,0.0,,20.0,2025-09-10,,True,203
INV-001592,JBM-2025-0392,Bureau d'Etudes Ben Salah,,August 20 2025,2025-09-24,2025-10-13,paid,521200.0,19,99028.0,620228.0,TND,Cheque,,2025-10-13,620228.0,0,19.0,2025-08-25,49,False,
INV-001593,JBM-2025-0393,Bureau d'Etudes Bouzid,DEAL-001904,April 10 2025,2025-05-20,,paid,284200.0,0.19,53998.0,338198.0,DT,,Facture solde - Developpement plateforme BI. Livraison finale acceptee.,August 08 2025,0.0,,0.19,2025-04-20,,False,
INV-001594,JBM-2025-0394,Entreprise Chaabane,,2025-12-14,2026-01-22,2026-01-31,paid,,19,,,tnd,,,12/02/2026,0.0,,19.0,2025-12-23,39,False,
INV-001595,JBM-2025-0395,Hexabyte,DEAL-002498,2025/06/27,2025-08-14,2025-06-19,paid,296900.0,19,56411.0,353311.0,TND,,,2026/01/23,0.0,,19.0,2025-07-15,-26,False,
INV-001596,JBM-2025-0396,Agence Immobiliere Sfax Centre,,09/08/2025,2025-10-05,,cancelled,472600.0,15,89794.0,562394.0,,,,2025-08-11,0.0,,15.0,2025-09-05,,False,
INV-001597,JBM-2025-0397,STE OUESLATI & FILS,DEAL-003800,11/12/2025,2026-10-01,2026-02-09,paid,480403.0,19,91276.57,571679.57,TND,virement,Invoice for Q2 maintenance contract. PO number: TT-2024-8821.,February 09 2026,403700.0,0,19.0,2026-09-01,-204,False,
INV-001598,JBM-2025-0398,STE Oueslati & Fils SA,DEAL-007920,April 24 2025,2025-06-04,,pending,457100.0,20,86849.0,543949.0,EUR,bank transfer,Acompte 50% - Contrat annuel support applicatif.,August 22 2025,0.0,,20.0,2025-05-05,,True,331
INV-001599,JBM-2025-0399,Magasin Mabrouk Electronique,DEAL-006180,08-Jun-25,2025-02-08,2025-08-29,paid,353700.0,0.19,67203.0,420903.0,TND,,Retenue de garantie 10% - Liberation apres recette definitive.,2026-02-03,0.0,,0.19,2025-01-09,232,False,
INV-001600,JBM-2025-0400,Entreprise Sghaier,DEAL-003141,2025/07/28,2025-09-24,,pending,48400.0,19,9196.0,57596.0,TND,,,September 24 2025,0.0,,19.0,2025-08-25,,True,219
INV-001601,JBM-2025-0401,STE-Ben-Salah-&-Fils,DEAL-001922,17-Feb-25,2025-07-04,,paid,332900.0,19,63251.0,396151.0,TND,,Frais de deplacement inclus. Voir detail en annexe.,17/02/2025,0.0,,19.0,2025-06-04,,False,
INV-001602,JBM-2025-0402,Topnet,DEAL-002337,27/10/2025,2025-12-24,2025-11-26,paid,271500.0,19 %,51585.0,323085.0,EUR,,Facture mensuelle maintenance.,25/01/2026,0.0,,19.0,2025-11-24,2,False,
INV-001603,JBM-2025-0403,Bureau d'Etudes Laabidi,DEAL-003824,13-Apr-25,2025-05-21,2025-06-07,paid,562900.0,0.19,106951.0,669851.0,TND,,,2026-01-08,0.0,,0.19,2025-04-21,47,False,
INV-001604,JBM-2025-0404,Studio Photo Memories,DEAL-003784,August 12 2025,2025-09-21,,paid,237643.0,19,45152.17,282795.17,TND,,Avoir suite annulation partielle du projet.,2026/02/08,0.0,,19.0,2025-08-22,,False,
INV-001605,JBM-2025-0405,Auto-Ecole Nejib,DEAL-007492,January 29 2025,2025-07-03,2025-04-14,paid,539500.0,19,102505.0,642005.0,TND,Virement bancaire,,26/09/2025,0.0,,19.0,2025-06-03,-50,False,
INV-001606,JBM-2025-0406,Groupe Zouari Digital,DEAL-007327,09/09/2025,2025-10-17,2025-10-28,paid,475200.0,0.19,90288.0,565488.0,TND,,Avoir suite annulation partielle du projet.,09-Oct-25,0.0,,0.19,2025-09-17,41,False,
INV-001607,JBM-2025-0407,Groupe Hamouda Digital,DEAL-005277,August 20 2025,2025-09-30,2025-10-16,paid,227000.0,19,43130.0,270130.0,TND,,Regularisation facture N-1. Avoir emis en contrepartie.,2026-02-16,0.0,,19.0,2025-08-31,46,False,
INV-001608,JBM-2025-0408,STE Belhadj Consulting,,2025/12/10,2026-01-29,,pending,48200.0,19,9158.0,57358.0,TND,,Acompte 50% - Contrat annuel support applicatif.,2026/03/10,0.0,,19.0,2025-12-30,,True,92
INV-001609,JBM-2025-0409,Societe Haddad Import Export,DEAL-001562,,2025-11-03,2025-12-01,paid,458300.0,19,87077.0,545377.0,EUR,,,March 31 2026,0.0,,19.0,2025-10-04,58,False,
INV-001610,JBM-2025-0410,Groupe Khalfallah Digital,,2025-05-11,2025-07-08,2025-06-26,paid,117300.0,0.19,22287.0,139587.0,TND,Bank Transfer,Facture 1/3 - Projet migration cloud STEG. Tranche initiale 30%.,December 07 2025,0.0,,0.19,2025-06-08,18,False,
INV-001611,JBM-2025-0411,La Poste Tunisienne,,July 18 2025,2025-08-29,2025-08-20,paid,279100.0,19,53029.0,332129.0,TND,,Avoir suite annulation partielle du projet.,13/02/2026,0.0,,19.0,2025-07-30,21,False,
INV-001612,JBM-2025-0412,GROUPE FERCHIOU DIGITAL,,2025/08/31,2025-10-26,2025-10-21,paid,171241.0,19,32535.79,203776.79,TND,,,29-Nov-25,0.0,,19.0,2025-09-26,25,False,
INV-001613,JBM-2025-0413,STE Ferchiou Informatique,,18/05/2025,2025-02-07,,overdue,574600.0,19 %,109174.0,683774.0,TND,,Avoir suite annulation partielle du projet.,2025-10-15,0.0,,19.0,2025-01-08,,True,448
INV-001614,JBM-2025-0414,Garage Mecanique Toumi,,2025-04-19,2025-06-14,,pending,596000.0,19,113240.0,709240.0,DT,,,16-Oct-25,0.0,,19.0,2025-05-15,,True,321
INV-001615,JBM-2025-0415,Fleuriste Au Jasmin,,2025/04/08,2025-05-12,,paid,266100.0,19,50559.0,316659.0,TND,,Facture 1/3 - Projet migration cloud STEG. Tranche initiale 30%.,04-Nov-25,0.0,,19.0,2025-04-12,,False,
INV-001616,JBM-2025-0416,STE Bouzid Consulting,,2025-11-18,2026-01-16,,cancelled,137100.0,19,26049.0,163149.0,,,Contrat cadre 2025. Facture trimestrielle T2.,28/11/2025,0.0,,19.0,2025-12-17,,False,
INV-001617,JBM-2025-0417,Bureau d'Etudes Ben Salah,DEAL-002322,01/08/2025,2025-09-05,,pending,31900.0,,6061.0,37961.0,DT,,Retenue de garantie 10% - Liberation apres recette definitive.,28/01/2026,0.0,,,2025-08-06,,True,238
INV-001618,JBM-2025-0418,STE-Ferchiou-Informatique,DEAL-003997,01/03/2025,2025-04-26,2025-04-23,paid,144100.0,19,27379.0,171479.0,EUR,,Avoir suite annulation partielle du projet.,April 30 2025,0.0,,19.0,2025-03-27,27,False,
INV-001619,JBM-2025-0419,Groupe Bouzid Digital,DEAL-004868,October 16 2025,2025-01-12,2025-11-30,paid,43900.0,19,8341.0,52241.0,TND,,Regularisation facture N-1. Avoir emis en contrepartie.,2025/11/30,52241.0,0,19.0,2024-12-13,352,False,
INV-001620,JBM-2025-0420,Bureau d'Etudes Gharbi,DEAL-005856,16/03/2025,2025-04-22,2025-02-26,paid,567500.0,19,107825.0,675325.0,TND,,Facture mensuelle maintenance.,14-Jun-25,0.0,,19.0,2025-03-23,-25,False,
INV-001621,JBM-2025-0421,Banque de Tunisie,,December 15 2025,2026-01-19,2026-01-15,paid,326400.0,19%,62016.0,388416.0,TND,especes,Facture 1/3 - Projet migration cloud STEG. Tranche initiale 30%.,15/01/2026,172738.71,0,19.0,2025-12-20,26,False,
INV-001622,JBM-2025-0422,Bureau d'Etudes Bouzid,DEAL-003201,25-Oct-25,2025-11-30,2025-10-21,paid,535500.0,19,101745.0,637245.0,TND,,,24/12/2025,0.0,,19.0,2025-10-31,-10,False,
INV-001623,JBM-2025-0423,STE Khalfallah Consulting,DEAL-000156,2025/01/26,2025-03-22,2025-03-19,paid,427500.0,19%,81225.0,508725.0,EUR,,Acompte 50% - Contrat annuel support applicatif.,23/09/2025,0.0,,19.0,2025-02-20,27,False,
INV-001624,JBM-2025-0424,Auto-Ecole Nejib,DEAL-000254,16-May-25,2025-06-26,2025-09-08,paid,494700.0,19,93993.0,588693.0,,,Invoice for cybersecurity audit - Phase 1 completed.,19/05/2025,0.0,,19.0,2025-05-27,104,False,
INV-001625,JBM-2025-0425,STEG,DEAL-004944,2025/06/18,2025-07-29,2025-07-26,paid,91400.0,0.19,17366.0,108766.0,TND,,,2025/11/15,0.0,,0.19,2025-06-29,27,False,
INV-001626,JBM-2025-0426,Fleuriste Au Jasmin,,10/08/2025,2025-09-25,2025-01-11,paid,480800.0,19,91352.0,572152.0,DT,,Frais de deplacement inclus. Voir detail en annexe.,06-Feb-26,0.0,,19.0,2025-08-26,-227,False,
INV-001627,JBM-2025-0427,Groupe Haddad Technologies,DEAL-004125,2025-03-26,2025-05-01,2025-05-10,paid,58600.0,0.19,11134.0,69734.0,TND,bank transfer,Invoice for cybersecurity audit - Phase 1 completed.,2025-05-10,69734.0,0,0.19,2025-04-01,39,False,
INV-001628,JBM-2025-0428,Tunisie Telecom,DEAL-004543,26-Dec-25,2026-02-13,2026-01-27,paid,346700.0,19,65873.0,412573.0,TND,,Facture mensuelle maintenance.,2025/12/26,0.0,,19.0,2026-01-14,13,False,
INV-001629,JBM-2025-0429,Entreprise Haddad,DEAL-003160,31-Oct-25,2025-12-13,2025-12-20,paid,420400.0,19,79876.0,500276.0,TND,Cash,,2025/12/20,500276.0,0,19.0,2025-11-13,37,False,
INV-001630,JBM-2025-0430,Bureau d'Etudes Oueslati,DEAL-001585,2025-10-08,2025-11-13,2025-11-26,paid,131400.0,19%,24966.0,156366.0,TND,cheque,Regularisation facture N-1. Avoir emis en contrepartie.,2025-10-08,0.0,,19.0,2025-10-14,43,False,
INV-001631,JBM-2025-0431,C.Agrebi Conseil,DEAL-001592,2025-11-27,2026-01-15,2026-01-14,paid,312000.0,19%,59280.0,371280.0,EUR,,Retenue de garantie 10% - Liberation apres recette definitive.,28-Nov-25,0.0,,19.0,2025-12-16,29,False,
INV-001632,JBM-2025-0432,Societe Haddad Import Export,DEAL-001819,2025/06/29,2025-08-23,2025-09-13,paid,38200.0,19 %,7258.0,45458.0,TND,virement,Facture solde - Developpement plateforme BI. Livraison finale acceptee.,13/09/2025,29577.79,0,19.0,2025-07-24,51,False,
INV-001633,JBM-2025-0433,STE Ferchiou Informatique,DEAL-007245,04/05/2025,2025-06-06,2025-06-28,paid,65900.0,19,12521.0,78421.0,tnd,,Invoice for Q2 maintenance contract. PO number: TT-2024-8821.,01-Oct-25,0.0,,19.0,2025-05-07,52,False,
INV-001634,JBM-2025-0434,Topnet,DEAL-002815,29-Oct-25,2025-08-12,2025-12-12,paid,469812.0,19,89264.28,559076.28,tnd,,,30/10/2025,0.0,,19.0,2025-07-13,152,False,
INV-001635,JBM-2025-0435,Groupe Khalfallah Digital,DEAL-005238,2025-06-12,2025-06-01,2025-11-08,paid,412500.0,0.19,78375.0,490875.0,TND,,,13/06/2025,0.0,,0.19,2025-05-02,190,False,
INV-001636,JBM-2025-0436,STE Bouzid Consulting,,2025-11-18,2025-12-19,,pending,174600.0,19,33174.0,207774.0,TND,,Acompte 50% - Contrat annuel support applicatif.,19-Dec-25,0.0,,19.0,2025-11-19,,True,133
INV-001637,JBM-2025-0437,STE Ben Romdhane Consulting,DEAL-007508,2025-09-25,2025-09-11,2025-11-14,paid,397200.0,0.19,75468.0,472668.0,tnd,,Contrat cadre 2025. Facture trimestrielle T2.,22/02/2026,0.0,,0.19,2025-08-12,94,False,
INV-001638,JBM-2025-0438,STE Agrebi Solutions,DEAL-005518,15-Mar-25,2025-04-26,2025-05-03,paid,511000.0,0.19,97090.0,608090.0,TND,,Frais de deplacement inclus. Voir detail en annexe.,2025-05-14,0.0,,0.19,2025-03-27,37,False,
INV-001639,JBM-2025-0439,entreprise belhadj,DEAL-001418,06/06/2025,2025-11-07,2025-07-31,paid,433900.0,19,82441.0,516341.0,tnd,,Facture 1/3 - Projet migration cloud STEG. Tranche initiale 30%.,06/06/2025,0.0,,19.0,2025-10-08,-69,False,
INV-001640,JBM-2025-0440,CNSS,DEAL-007062,January 12 2025,2025-03-12,2025-02-14,paid,566100.0,0.19,107559.0,673659.0,TND,,Facture mensuelle maintenance.,2025/06/11,0.0,,0.19,2025-02-10,4,False,
INV-001641,JBM-2025-0441,Centre de Formation Avenir,DEAL-001487,2025-04-11,2025-05-26,2025-06-18,paid,574600.0,15,109174.0,683774.0,tnd,,,2025-12-07,0.0,,15.0,2025-04-26,53,False,
INV-001642,JBM-2025-0442,Attijari Bank,,2025-09-30,2025-11-16,2025-11-11,paid,356700.0,19,67773.0,424473.0,TND,,Acompte 50% - Contrat annuel support applicatif.,September 30 2025,0.0,,19.0,2025-10-17,25,False,
INV-001643,JBM-2025-0443,Groupe Hamouda Digital,DEAL-004665,19-Dec-25,2026-08-02,2025-12-15,cancelled,429100.0,19,81529.0,510629.0,TND,,Facture mensuelle maintenance.,18/01/2026,0.0,,19.0,2026-07-03,,False,
INV-001644,JBM-2025-0444,BNA Bank,DEAL-001660,14/06/2025,2025-07-14,,pending,545200.0,19,103588.0,648788.0,TND,,Invoice for Q2 maintenance contract. PO number: TT-2024-8821.,2025-08-13,0.0,,19.0,2025-06-14,,True,291
INV-001645,JBM-2025-0445,B.Sfaxienne,DEAL-007263,March 28 2025,2025-12-05,2025-06-01,paid,343200.0,19,65208.0,408408.0,TND,,Retenue de garantie 10% - Liberation apres recette definitive.,2025-07-26,0.0,,19.0,2025-11-05,-157,False,
INV-001646,JBM-2025-0446,Bijouterie Sfaxienne,DEAL-005455,09-May-25,2025-07-04,2025-07-22,paid,391900.0,0.19,74461.0,466361.0,DT,,,June 29 2025,0.0,,0.19,2025-06-04,48,False,
INV-001647,JBM-2025-0447,A.Nejib,,June 13 2025,2025-08-07,,cancelled,294100.0,0.19,55879.0,349979.0,TND,cash,Contrat cadre 2025. Facture trimestrielle T2.,28/06/2025,0.0,,0.19,2025-07-08,,False,
INV-001650,JBM-2025-0450,Poulina Group,DEAL-001374,15/10/2025,2025-12-04,2025-11-25,paid,344700.0,19,65493.0,410193.0,TND,,,2025-11-29,0.0,,19.0,2025-11-04,21,False,
INV-001651,JBM-2025-0451,Entreprise Chaabane,DEAL-001169,2025/11/27,2026-01-25,2026-01-15,paid,151000.0,19,28690.0,179690.0,DT,,Frais de deplacement inclus. Voir detail en annexe.,2026/03/27,0.0,,19.0,2025-12-26,20,False,
INV-001652,JBM-2025-0452,UIB,,2025-03-16,2025-10-03,,paid,202600.0,19,38494.0,241094.0,TND,,Acompte 50% - Contrat annuel support applicatif.,March 19 2025,0.0,,19.0,2025-09-03,,False,
INV-001653,JBM-2025-0453,Groupe Khalfallah Digital,DEAL-003745,2025-08-27,2025-10-10,2025-10-20,paid,446000.0,19%,84740.0,530740.0,EUR,,Facture solde - Developpement plateforme BI. Livraison finale acceptee.,26/09/2025,0.0,,19.0,2025-09-10,40,False,
INV-001654,JBM-2025-0454,STE Gharbi Consulting,DEAL-003853,2025/06/26,2025-07-28,2025-08-11,paid,557100.0,,105849.0,662949.0,EUR,,Invoice for Q2 maintenance contract. PO number: TT-2024-8821.,23-Mar-26,0.0,,,2025-06-28,44,False,
INV-001655,JBM-2025-0455,Centre de Formation Avenir,,January 15 2025,2025-02-21,2025-03-21,paid,79200.0,19,15048.0,94248.0,TND,,Acompte 50% - Contrat annuel support applicatif.,15/05/2025,0.0,,19.0,2025-01-22,58,False,
INV-001656,JBM-2025-0456,Bureau d'Etudes Bouzid,DEAL-005028,2025/06/06,2025-07-22,2025-07-30,paid,597600.0,19,113544.0,711144.0,EUR,,Facture solde - Developpement plateforme BI. Livraison finale acceptee.,2025/09/04,0.0,,19.0,2025-06-22,38,False,
INV-001657,JBM-2025-0457,Entreprise Hamouda,DEAL-004915,June 26 2025,2025-07-30,,cancelled,428600.0,0.19,81434.0,510034.0,DT,,Contrat cadre 2025. Facture trimestrielle T2.,June 26 2025,0.0,,0.19,2025-06-30,,False,
INV-001658,JBM-2025-0458,CABINET REKIK & ASSOCIES,DEAL-006807,March 09 2025,2025-04-15,2025-08-05,paid,240500.0,19 %,45695.0,286195.0,EUR,,Invoice for Q2 maintenance contract. PO number: TT-2024-8821.,08/04/2025,0.0,,19.0,2025-03-16,142,False,
INV-001659,JBM-2025-0459,Groupe Trabelsi Technologies,DEAL-000053,2025-04-05,2025-05-11,2025-05-26,paid,279700.0,19,53143.0,332843.0,TND,especes,Invoice for Q2 maintenance contract. PO number: TT-2024-8821.,2025/05/05,199143.75,133699.25,19.0,2025-04-11,45,False,
INV-001660,JBM-2025-0460,STE Chaabane Solutions,DEAL-000650,2025-01-30,2025-03-03,,pending,384200.0,19,72998.0,457198.0,TND,Check,Invoice for cybersecurity audit - Phase 1 completed.,September 27 2025,0.0,,19.0,2025-02-01,,True,424
INV-001661,JBM-2025-0461,Groupe Mansour Digital,,18/12/2025,2026-01-24,,paid,128200.0,19,24358.0,152558.0,TND,,Invoice for Q2 maintenance contract. PO number: TT-2024-8821.,21/12/2025,0.0,,19.0,2025-12-25,,False,
INV-001662,JBM-2025-0462,Topnet,,23/05/2025,2025-06-24,2025-05-11,paid,33800.0,19,6422.0,40222.0,TND,Virement bancaire,Facture 1/3 - Projet migration cloud STEG. Tranche initiale 30%.,June 23 2025,40222.0,0,19.0,2025-05-25,-14,False,
INV-001663,JBM-2025-0463,Groupe Khalfallah Digital,DEAL-006479,September 19 2025,2025-11-18,,cancelled,54300.0,19,10317.0,64617.0,EUR,,Regularisation facture N-1. Avoir emis en contrepartie.,19/09/2025,0.0,,19.0,2025-10-19,,False,
INV-001664,JBM-2025-0464,Cabinet Rekik & Associes,DEAL-001012,10/05/2025,2025-06-15,2025-04-27,paid,321500.0,19,61085.0,382585.0,TND,,Regularisation facture N-1. Avoir emis en contrepartie.,10-May-25,0.0,,19.0,2025-05-16,-19,False,
INV-001665,JBM-2025-0465,Entreprise Hamouda,DEAL-005284,2025/11/24,2026-01-18,2026-01-21,paid,342000.0,19,64980.0,406980.0,tnd,,,December 24 2025,0.0,,19.0,2025-12-19,33,False,
INV-001666,JBM-2025-0466,BIAT,DEAL-003395,2025-12-30,2026-02-23,2025-12-12,paid,582900.0,0.19,110751.0,693651.0,,,Invoice for Q2 maintenance contract. PO number: TT-2024-8821.,January 29 2026,0.0,,0.19,2026-01-24,-43,False,
INV-001667,JBM-2025-0467,Groupe Haddad Technologies,DEAL-005123,2025/11/21,2025-12-25,2026-11-01,paid,525100.0,0,99769.0,624869.0,EUR,Virement bancaire,,2025/12/20,0.0,,0.0,2025-11-25,341,False,
INV-001668,JBM-2025-0468,STE Ben Salah Consulting,DEAL-004109,01/04/2025,2025-05-30,2025-05-26,paid,454400.0,19,86336.0,540736.0,tnd,,Facture solde - Developpement plateforme BI. Livraison finale acceptee.,2026-01-26,0.0,,19.0,2025-04-30,26,False,
INV-001669,JBM-2025-0469,Entrepriese Belhadj,,20/12/2025,2026-01-19,2026-08-02,paid,467400.0,19,88806.0,556206.0,TND,,Contrat cadre 2025. Facture trimestrielle T2.,2026-01-19,0.0,,19.0,2025-12-20,225,False,
INV-001670,JBM-2025-0470,Poulina Group,DEAL-004781,10/01/2025,2025-02-18,,cancelled,380500.0,20,72295.0,452795.0,EUR,,Regularisation facture N-1. Avoir emis en contrepartie.,January 25 2025,0.0,,20.0,2025-01-19,,False,
INV-001671,JBM-2025-0471,Centre de Formation Avenir,,2025-01-05,2025-02-16,,pending,89000.0,0.19,16910.0,105910.0,EUR,,,February 04 2025,0.0,,0.19,2025-01-17,,True,439
INV-001672,JBM-2025-0472,CNSS,,2025-10-20,2025-11-28,2025-12-03,paid,,0.19,,,TND,,Regularisation facture N-1. Avoir emis en contrepartie.,2025-10-23,0.0,,0.19,2025-10-29,35,False,
INV-001673,JBM-2025-0473,Hexabyte,DEAL-003944,February 20 2025,2025-03-26,2025-03-31,paid,418800.0,19,79572.0,498372.0,TND,,Facture mensuelle maintenance.,2025-10-18,0.0,,19.0,2025-02-24,35,False,
INV-001675,JBM-2025-0475,S.Ferchiou Informatique,,February 01 2025,2025-03-23,2025-03-20,paid,235700.0,19%,44783.0,280483.0,tnd,,Facture solde - Developpement plateforme BI. Livraison finale acceptee.,2025/09/29,0.0,,19.0,2025-02-21,27,False,
INV-001676,JBM-2025-0476,STE Zouari Consulting,DEAL-004835,2025/11/28,2026-01-06,2026-01-23,paid,433700.0,20,82403.0,516103.0,DT,,Frais de deplacement inclus. Voir detail en annexe.,2025/11/29,0.0,,20.0,2025-12-07,47,False,
INV-001677,JBM-2025-0477,Imprimerie El Ittihad,DEAL-005542,27/02/2025,2025-11-04,2025-05-03,paid,521000.0,19 %,98990.0,619990.0,EUR,,Frais de deplacement inclus. Voir detail en annexe.,2025/03/02,0.0,,19.0,2025-10-05,-155,False,
INV-001678,JBM-2025-0478,Tunisie Telecom,DEAL-004402,2025-05-09,2025-06-27,,cancelled,182100.0,19,34599.0,216699.0,TND,Bank Transfer,,27/06/2025,0.0,,19.0,2025-05-28,,False,
INV-001679,JBM-2025-0479,Hexabyte,DEAL-006715,2025/06/27,2025-07-30,2025-02-08,paid,368800.0,19 %,70072.0,438872.0,TND,virement,,25/09/2025,0.0,,19.0,2025-06-30,-142,False,
INV-001680,JBM-2025-0480,STE Agrebi Solutions,DEAL-001039,2025-05-26,2025-07-13,2025-07-11,paid,271500.0,0.19,51585.0,323085.0,DT,,Regularisation facture N-1. Avoir emis en contrepartie.,2025/05/29,0.0,,0.19,2025-06-13,28,False,
INV-001681,JBM-2025-0481,STE Belhadj Consulting,DEAL-003820,25-Dec-25,2026-02-11,2026-02-19,paid,451000.0,19,85690.0,536690.0,TND,,,2026-02-06,0.0,,19.0,2026-01-12,38,False,
INV-001682,JBM-2025-0482,Bijouterie Sfaxienne,,31-Dec-25,2026-02-01,,pending,,,,,TND,,Regularisation facture N-1. Avoir emis en contrepartie.,2026/02/01,0.0,,,2026-01-02,,True,89
INV-001683,JBM-2025-0483,STE Khalfallah Consulting,DEAL-005211,2025-01-19,2025-03-19,,pending,176900.0,19,33611.0,210511.0,EUR,,Invoice for cybersecurity audit - Phase 1 completed.,2025-12-15,0.0,,19.0,2025-02-17,,True,408
INV-001684,JBM-2025-0484,Bureau d'Etudes Oueslati,,16/12/2025,2026-04-02,2026-02-01,paid,349600.0,0,66424.0,416024.0,TND,cheque,Avoir suite annulation partielle du projet.,16/03/2026,0.0,,0.0,2026-03-03,-30,False,
INV-001685,JBM-2025-0485,STE Ben Salah & Fils,DEAL-002287,07/09/2025,2025-10-19,2025-10-28,paid,416619.0,19%,79157.61,495776.61,TND,,Facture solde - Developpement plateforme BI. Livraison finale acceptee.,28-Oct-25,350100.0,0,19.0,2025-09-19,39,False,
INV-001686,JBM-2025-0486,Garage Mecanique Toumi,DEAL-005431,21/05/2025,2025-06-20,2025-08-01,paid,553800.0,19 %,105222.0,659022.0,TND,,,February 15 2026,0.0,,19.0,2025-05-21,72,False,
INV-001688,JBM-2025-0488,STE Belhadj Consulting,DEAL-004298,2025/10/05,2025-11-27,2025-03-12,paid,64900.0,19,12331.0,77231.0,EUR,especes,Invoice for Q2 maintenance contract. PO number: TT-2024-8821.,04-Nov-25,0.0,,19.0,2025-10-28,-230,False,
INV-001689,JBM-2025-0489,Societe Haddad Import Export,DEAL-007797,2025/11/27,2025-12-31,2026-02-23,paid,652001.0,0.19,123880.19,775881.19,tnd,virement,,27/12/2025,0.0,,0.19,2025-12-01,84,False,
INV-001691,JBM-2025-0491,Magasin Mabrouk Electronique,,July 16 2025,2025-08-18,2025-09-28,paid,350900.0,0.19,66671.0,417571.0,,,,2025/10/14,0.0,,0.19,2025-07-19,71,False,
INV-001692,JBM-2025-0492,STE Oueslati & Fils,DEAL-005084,2025/08/12,2025-09-08,,paid,284700.0,19%,54093.0,338793.0,EUR,,Invoice for Q2 maintenance contract. PO number: TT-2024-8821.,11-Oct-25,0.0,,19.0,2025-08-09,,False,
INV-001693,JBM-2025-0493,Entreprise Belhadj,DEAL-005600,February 06 2025,2025-03-09,2025-04-04,paid,74500.0,19,14155.0,88655.0,TND,,Retenue de garantie 10% - Liberation apres recette definitive.,2025/06/06,0.0,,19.0,2025-02-07,56,False,
INV-001694,JBM-2025-0494,BIAT,DEAL-005919,2025-02-25,2025-04-11,2025-03-27,paid,323200.0,19,61408.0,384608.0,TND,,Retenue de garantie 10% - Liberation apres recette definitive.,24/08/2025,0.0,,19.0,2025-03-12,15,False,
INV-001695,JBM-2025-0495,BNA Bank,,2025-11-25,2025-11-17,2025-12-28,paid,282400.0,19,53656.0,336056.0,DT,,Regularisation facture N-1. Avoir emis en contrepartie.,2026/01/24,0.0,,19.0,2025-10-18,71,False,
INV-001696,JBM-2025-0496,STE Ben Salah Consulting,DEAL-000019,26/05/2025,2025-06-28,,pending,95500.0,19,18145.0,113645.0,DT,,Avoir suite annulation partielle du projet.,20/02/2026,0.0,,19.0,2025-05-29,,True,307
INV-001697,JBM-2025-0497,Boulangerie Chez Faouzi,,2025-12-23,2026-02-21,2026-03-21,paid,251200.0,19%,47728.0,298928.0,TND,cheque,Facture 1/3 - Projet migration cloud STEG. Tranche initiale 30%.,January 22 2026,0.0,,19.0,2026-01-22,58,False,
INV-001698,JBM-2025-0498,Cabinet Rekik & Associes,,2025-02-13,2025-03-22,2025-12-04,paid,,19,,,tnd,,Frais de deplacement inclus. Voir detail en annexe.,15/03/2025,0.0,,19.0,2025-02-20,287,False,
INV-001699,JBM-2025-0499,Imprimerie El Ittihad,DEAL-002788,2025/06/02,2025-07-30,,overdue,394000.0,15,74860.0,468860.0,,,Facture solde - Developpement plateforme BI. Livraison finale acceptee.,August 01 2025,0.0,,15.0,2025-06-30,,True,275
INV-001700,JBM-2025-0500,STE Jlassi Consulting,DEAL-005735,April 29 2025,2025-06-10,2025-06-21,paid,283800.0,19,53922.0,337722.0,tnd,,,24/01/2026,0.0,,19.0,2025-05-11,41,False,
INV-001701,JBM-2025-0501,Fleuriste Au Jasmin,,29/07/2025,2025-09-02,2025-10-08,paid,534700.0,0.19,101593.0,636293.0,TND,,,26-Nov-25,0.0,,0.19,2025-08-03,66,False,
INV-001702,JBM-2025-0502,Groupe Mansour Digital,DEAL-004846,2025/09/02,2025-05-10,2025-10-21,paid,381800.0,19 %,72542.0,454342.0,TND,,,March 31 2026,0.0,,19.0,2025-04-10,194,False,
INV-001703,JBM-2025-0503,Groupe Khalfallah Digital,,,2025-07-07,2025-07-26,paid,142100.0,19,26999.0,169099.0,EUR,,Acompte 50% - Contrat annuel support applicatif.,August 01 2025,0.0,,19.0,2025-06-07,49,False,
INV-001704,JBM-2025-0504,Cabinet Agrebi Conseil,DEAL-000942,2025/03/10,2025-05-06,2025-04-26,paid,345600.0,0.19,65664.0,411264.0,tnd,,Invoice for Q2 maintenance contract. PO number: TT-2024-8821.,September 06 2025,0.0,,0.19,2025-04-06,20,False,
INV-001705,JBM-2025-0505,Hexabyte,,03/11/2025,2025-10-22,2025-03-12,paid,48000.0,19,9120.0,57120.0,TND,cheque,,03/11/2025,0.0,,19.0,2025-09-22,-194,False,
INV-001706,JBM-2025-0506,Librairie Al Manar,DEAL-005228,24/12/2025,2026-02-19,2026-02-25,paid,456700.0,19,86773.0,543473.0,TND,,Invoice for Q2 maintenance contract. PO number: TT-2024-8821.,2026-03-24,0.0,,19.0,2026-01-20,36,False,
INV-001707,JBM-2025-0507,Pharmacie Al Amal,DEAL-002086,2025/05/15,2025-06-27,2025-07-28,paid,444700.0,19,84493.0,529193.0,TND,Check,Avoir suite annulation partielle du projet.,2025-07-14,0.0,,19.0,2025-05-28,61,False,
INV-001709,JBM-2025-0509,STE Mejri Informatique,,2025-03-26,2025-05-05,,cancelled,221000.0,19,41990.0,262990.0,DT,,Acompte 50% - Contrat annuel support applicatif.,2025/03/28,0.0,,19.0,2025-04-05,,False,
INV-001710,JBM-2025-0510,STE Agrebi Solutions,DEAL-005534,2025/06/23,2025-07-28,2025-08-14,paid,292800.0,0.19,55632.0,348432.0,tnd,,Facture mensuelle maintenance.,23/07/2025,0.0,,0.19,2025-06-28,47,False,
INV-001711,JBM-2025-0511,Fleuriste Au Jasmin,DEAL-000950,16-Dec-25,2026-02-13,,pending,303500.0,19%,57665.0,361165.0,DT,,Retenue de garantie 10% - Liberation apres recette definitive.,March 16 2026,0.0,,19.0,2026-01-14,,True,77
INV-001712,JBM-2025-0512,Cabinet Turki Conseil,DEAL-003055,28/08/2025,2025-02-10,2025-10-18,paid,147600.0,,28044.0,175644.0,EUR,,Frais de deplacement inclus. Voir detail en annexe.,November 26 2025,0.0,,,2025-01-11,280,False,
INV-001713,JBM-2025-0513,Poulina Group,DEAL-005193,2025-12-24,2026-05-02,2026-01-30,paid,116500.0,19,22135.0,138635.0,EUR,bank transfer,Acompte 50% - Contrat annuel support applicatif.,31-Jan-26,0.0,,19.0,2026-04-02,-62,False,
INV-001714,JBM-2025-0514,AUTO-ECOLE NEJIB,DEAL-007754,2025-01-08,2025-10-02,,pending,46900.0,19,8911.0,55811.0,TND,,Regularisation facture N-1. Avoir emis en contrepartie.,07/06/2025,0.0,,19.0,2025-09-02,,True,211
INV-001715,JBM-2025-0515,STE Bouzid Consulting,,25/04/2025,2025-06-18,2025-06-09,paid,139800.0,19,26562.0,166362.0,TND,,,2025-10-22,0.0,,19.0,2025-05-19,21,False,
INV-001716,JBM-2025-0516,ste hamdi consulting,DEAL-002806,2025-04-11,2025-05-13,2025-06-03,paid,388200.0,19 %,73758.0,461958.0,TND,,,08-Oct-25,0.0,,19.0,2025-04-13,51,False,
INV-001717,JBM-2025-0517,Bureau d'Etudes Gharbi,DEAL-000423,2025-03-02,2025-03-04,2025-04-25,paid,83900.0,0.19,15941.0,99841.0,,,Facture mensuelle maintenance.,2025-06-30,0.0,,0.19,2025-02-02,82,False,
INV-001718,JBM-2025-0518,UIB,,11-Nov-25,2026-01-07,,paid,123900.0,19 %,23541.0,147441.0,EUR,Bank Transfer,Invoice for cybersecurity audit - Phase 1 completed.,2025-11-13,0.0,,19.0,2025-12-08,,False,
INV-001721,JBM-2025-0521,Tunisie-Telecom,DEAL-002043,05-Oct-25,2025-11-20,2025-09-11,paid,181100.0,0.19,34409.0,215509.0,DT,,Facture 1/3 - Projet migration cloud STEG. Tranche initiale 30%.,04/12/2025,0.0,,0.19,2025-10-21,-40,False,
INV-001722,JBM-2025-0522,Banque de Tunisie,,2025/05/01,2025-06-22,,pending,463300.0,0.19,88027.0,551327.0,TND,Bank Transfer,Frais de deplacement inclus. Voir detail en annexe.,September 28 2025,0.0,,0.19,2025-05-23,,True,313
INV-001723,JBM-2025-0523,STE Ben Salah & Fils,,May 31 2025,2025-02-07,2025-07-19,paid,428600.0,20,81434.0,510034.0,tnd,,Retenue de garantie 10% - Liberation apres recette definitive.,September 28 2025,0.0,,20.0,2025-01-08,192,False,
INV-001724,JBM-2025-0524,Cabinet Comptable Slim,,25-Aug-25,2025-10-15,,overdue,143300.0,0.19,27227.0,170527.0,TND,,Acompte 50% - Contrat annuel support applicatif.,October 15 2025,0.0,,0.19,2025-09-15,,True,198
INV-001725,JBM-2025-0525,La Poste Tunisienne,,21-Jun-25,2025-08-02,2025-04-08,paid,597900.0,19,113601.0,711501.0,TND,especes,Acompte 50% - Contrat annuel support applicatif.,19/09/2025,0.0,,19.0,2025-07-03,-86,False,
INV-001726,JBM-2025-0526,Ecole Privee Ibn Khaldoun,,18-Mar-25,2025-04-19,2025-09-06,paid,261900.0,0.19,49761.0,311661.0,TND,,Regularisation facture N-1. Avoir emis en contrepartie.,13-Dec-25,0.0,,0.19,2025-03-20,170,False,
INV-001727,JBM-2025-0527,La Poste Tunisienne,DEAL-002521,September 27 2025,2025-11-15,2025-09-16,cancelled,276200.0,0.19,52478.0,328678.0,EUR,,Facture mensuelle maintenance.,November 26 2025,0.0,,0.19,2025-10-16,,False,
INV-001728,JBM-2025-0528,STE Laabidi Consulting,,08/10/2025,2025-11-29,2025-12-04,paid,17600.0,19,3344.0,20944.0,tnd,virement,Regularisation facture N-1. Avoir emis en contrepartie.,05-Feb-26,0.0,,19.0,2025-10-30,35,False,
INV-001729,JBM-2025-0529,STEG,DEAL-004459,2025/10/17,2025-11-17,2025-11-24,paid,309500.0,19,58805.0,368305.0,TND,Especes,,2025/11/24,162197.06,0,19.0,2025-10-18,37,False,
INV-001730,JBM-2025-0530,Centre de Formation Avenir,,26-Apr-25,2025-01-06,2025-06-30,paid,46200.0,19%,8778.0,54978.0,TND,,Retenue de garantie 10% - Liberation apres recette definitive.,August 24 2025,0.0,,19.0,2024-12-07,205,False,
INV-001731,JBM-2025-0531,topnet,DEAL-003462,08-Apr-25,2025-01-06,2025-05-21,paid,232800.0,15,44232.0,277032.0,DT,Cash,Invoice for cybersecurity audit - Phase 1 completed.,May 21 2025,277032.0,0,15.0,2024-12-07,165,False,
INV-001732,JBM-2025-0532,Groupe Ferchiou Digital,,2025/02/14,2025-03-16,2025-12-04,paid,88500.0,0.19,16815.0,105315.0,TND,,Avoir suite annulation partielle du projet.,12/10/2025,0.0,,0.19,2025-02-14,293,False,
INV-001733,JBM-2025-0533,STE Be#n Salah Consulting,DEAL-000438,2025-05-24,2025-07-15,2025-07-13,paid,377600.0,19%,71744.0,449344.0,TND,,Facture 1/3 - Projet migration cloud STEG. Tranche initiale 30%.,22-Aug-25,0.0,,19.0,2025-06-15,28,False,
INV-001734,JBM-2025-0534,STE Laabidi Consulting,DEAL-003589,23-Sep-25,2025-10-25,2025-11-11,paid,136700.0,0.19,25973.0,162673.0,,,Facture solde - Developpement plateforme BI. Livraison finale acceptee.,2025-10-23,0.0,,0.19,2025-09-25,47,False,
INV-001735,JBM-2025-0535,Ecole Privee Ibn Khaldoun,DEAL-007551,15/09/2025,2025-10-26,,paid,345600.0,15,65664.0,411264.0,TND,Cheque,Acompte 50% - Contrat annuel support applicatif.,February 12 2026,0.0,,15.0,2025-09-26,,False,
INV-001736,JBM-2025-0536,Bijouterie Sfaxienne,,28/10/2025,2025-09-12,2026-12-01,paid,303900.0,19,57741.0,361641.0,,,Facture 1/3 - Projet migration cloud STEG. Tranche initiale 30%.,27/11/2025,0.0,,19.0,2025-08-13,475,False,
INV-001737,JBM-2025-0537,Groupe Bouzid Digital,,03-Jul-25,2025-08-25,2025-08-29,paid,243400.0,19%,46246.0,289646.0,tnd,,,01/10/2025,0.0,,19.0,2025-07-26,34,False,
INV-001738,JBM-2025-0538,Librairie Al Manar,DEAL-001165,2025/03/13,2025-05-02,2025-06-01,cancelled,595200.0,19,113088.0,708288.0,TND,,Facture solde - Developpement plateforme BI. Livraison finale acceptee.,2025/04/27,0.0,,19.0,2025-04-02,,False,
INV-001739,JBM-2025-0539,Cabinet Comptable Slim,DEAL-006756,2025-04-24,2025-06-20,2025-05-07,paid,196400.0,19,37316.0,233716.0,tnd,,Retenue de garantie 10% - Liberation apres recette definitive.,18-Feb-26,0.0,,19.0,2025-05-21,-14,False,
INV-001740,JBM-2025-0540,Poulina Group,DEAL-000076,12/03/2025,2025-04-27,2025-04-20,paid,92600.0,19,17594.0,110194.0,TND,,Avoir suite annulation partielle du projet.,07/12/2025,0.0,,19.0,2025-03-28,23,False,
INV-001741,JBM-2025-0541,Centre de Formation Avenir,DEAL-006117,29/03/2025,2025-05-15,2025-06-12,paid,257900.0,19,49001.0,306901.0,EUR,,,2025-12-24,0.0,,19.0,2025-04-15,58,False,
INV-001742,JBM-2025-0542,ste oueslati & fils,DEAL-001970,2025/11/04,2025-12-12,2025-12-21,paid,472900.0,0.19,89851.0,562751.0,TND,,Facture mensuelle maintenance.,04-Nov-25,0.0,,0.19,2025-11-12,39,False,
INV-001743,JBM-2025-0543,Entreprise Chaabane,DEAL-004553,25-Nov-25,2025-12-31,,pending,487000.0,19,92530.0,579530.0,TND,,Frais de deplacement inclus. Voir detail en annexe.,2026/03/25,0.0,,19.0,2025-12-01,,True,121
INV-001744,JBM-2025-0544,Cabinet Agrebi Conseil,DEAL-003655,July 27 2025,2025-08-27,2025-07-07,paid,213300.0,19,40527.0,253827.0,TND,virement,Avoir suite annulation partielle du projet.,2025/09/18,253827.0,0,19.0,2025-07-28,-21,False,
INV-001745,JBM-2025-0545,Tunisair,DEAL-007067,July 20 2025,2025-08-29,2025-08-27,paid,145200.0,19,27588.0,172788.0,DT,,Retenue de garantie 10% - Liberation apres recette definitive.,2025-08-24,88733.29,84054.71,19.0,2025-07-30,28,False,
INV-001746,JBM-2025-0546,Groupe Ferchiou Digital,DEAL-006966,2025-05-10,2025-06-17,2025-09-07,paid,13000.0,19,2470.0,15470.0,TND,,,2025-05-12,0.0,,19.0,2025-05-18,112,False,
INV-001747,JBM-2025-0547,CyberPark Elghazala,DEAL-003512,2025-12-08,2026-01-18,2026-01-18,paid,493900.0,0.19,93841.0,587741.0,tnd,,Frais de deplacement inclus. Voir detail en annexe.,06/02/2026,0.0,,0.19,2025-12-19,30,False,
INV-001748,JBM-2025-0548,Fleuriste Au Jasmin,DEAL-003544,October 03 2025,2025-11-09,,paid,14600.0,19,2774.0,17374.0,TND,,Invoice for Q2 maintenance contract. PO number: TT-2024-8821.,2026-01-01,0.0,,19.0,2025-10-10,,False,
INV-001749,JBM-2025-0549,Cabinet Comptable Slim,DEAL-001502,12/12/2025,2026-01-22,2026-02-23,paid,217000.0,19,41230.0,258230.0,TND,Virement bancaire,,2026/02/23,258230.0,0,19.0,2025-12-23,62,False,
INV-001750,JBM-2025-0550,Studio Photo Memories,DEAL-003958,May 25 2025,2025-09-07,2025-08-13,paid,278900.0,19,52991.0,331891.0,,,,20-Jan-26,0.0,,19.0,2025-08-08,5,False,
INV-001751,JBM-2025-0551,STE Oueslati & Fils,DEAL-000955,2025-05-01,2025-06-21,2025-06-18,paid,439100.0,,83429.0,522529.0,tnd,,,2025/05/03,0.0,,,2025-05-22,27,False,
INV-001752,JBM-2025-0552,STE Hamdi Consulting,DEAL-001719,April 29 2025,2025-06-22,,cancelled,433900.0,19%,82441.0,516341.0,TND,,Acompte 50% - Contrat annuel support applicatif.,02/05/2025,0.0,,19.0,2025-05-23,,False,
INV-001753,JBM-2025-0553,Bureau d'Etudes Gharbi,DEAL-003495,27/04/2025,2025-06-17,,pending,165100.0,19 %,31369.0,196469.0,TND,,,November 23 2025,0.0,,19.0,2025-05-18,,True,318
INV-001754,JBM-2025-0554,Groupe Mansour Digital,,2025-11-16,2025-12-24,,overdue,478400.0,19,90896.0,569296.0,TND,Cheque,,2025/12/24,0.0,,19.0,2025-11-24,,True,128
INV-001755,JBM-2025-0555,Entreprise@ Sghaier,DEAL-004047,2025/10/20,2025-11-23,,cancelled,346200.0,19,65778.0,411978.0,DT,,Frais de deplacement inclus. Voir detail en annexe.,20-Oct-25,0.0,,19.0,2025-10-24,,False,
INV-001756,JBM-2025-0556,UIB,DEAL-002643,18/07/2025,2025-09-10,2025-08-22,paid,552400.0,19,104956.0,657356.0,tnd,,,14/01/2026,0.0,,19.0,2025-08-11,11,False,
INV-001757,JBM-2025-0557,Groupe Haddad Technologies,DEAL-002285,2025-01-01,2025-02-03,2025-02-25,paid,394700.0,0.19,74993.0,469693.0,TND,,Facture 1/3 - Projet migration cloud STEG. Tranche initiale 30%.,30/07/2025,0.0,,0.19,2025-01-04,52,False,
INV-001758,JBM-2025-0558,Bureau d'Etudes Bouzid,DEAL-007375,June 22 2025,2025-08-20,2025-08-08,paid,135100.0,0,25669.0,160769.0,tnd,,Acompte 50% - Contrat annuel support applicatif.,2025/08/21,0.0,,0.0,2025-07-21,18,False,
INV-001759,JBM-2025-0559,Tunisie Telecom,,2025/05/16,2025-06-20,,paid,398600.0,19,75734.0,474334.0,tnd,,Facture solde - Developpement plateforme BI. Livraison finale acceptee.,12/03/2026,0.0,,19.0,2025-05-21,,False,
INV-001760,JBM-2025-0560,STE Ferchiou Informatique,DEAL-004976,2025/09/28,2025-10-28,,pending,293800.0,0,55822.0,349622.0,TND,,Avoir suite annulation partielle du projet.,27/11/2025,0.0,,0.0,2025-09-28,,True,185
INV-001761,JBM-2025-0561,Entreprise Chaabane,DEAL-003270,02-Dec-25,2026-01-25,,pending,39700.0,19,7543.0,47243.0,TND,,Facture mensuelle maintenance.,2025/12/02,0.0,,19.0,2025-12-26,,True,96
INV-001762,JBM-2025-0562,Ecole Privee Ibn Khaldoun,DEAL-004845,25-May-25,2025-07-04,2025-11-05,paid,118200.0,19,22458.0,140658.0,TND,,Retenue de garantie 10% - Liberation apres recette definitive.,24/06/2025,0.0,,19.0,2025-06-04,154,False,
INV-001763,JBM-2025-0563,Entreprise Sghaier,,2025/05/09,2025-07-03,2025-07-03,paid,478600.0,19,90934.0,569534.0,tnd,,Regularisation facture N-1. Avoir emis en contrepartie.,07-Aug-25,0.0,,19.0,2025-06-03,30,False,
INV-001764,JBM-2025-0564,Topnet,DEAL-001112,November 08 2025,2025-12-17,2025-12-13,paid,514400.0,19,97736.0,612136.0,TND,cash,Invoice for Q2 maintenance contract. PO number: TT-2024-8821.,December 13 2025,612136.0,0,19.0,2025-11-17,26,False,
INV-001765,JBM-2025-0565,Hexabyte,DEAL-000188,2025-10-17,2025-11-30,2025-11-23,paid,542700.0,19,103113.0,645813.0,TND,,Regularisation facture N-1. Avoir emis en contrepartie.,March 16 2026,0.0,,19.0,2025-10-31,23,False,
INV-001766,JBM-2025-0566,CNSS,,04-Nov-25,2025-12-21,2025-12-17,paid,335500.0,19,63745.0,399245.0,TND,,Invoice for Q2 maintenance contract. PO number: TT-2024-8821.,04/11/2025,0.0,,19.0,2025-11-21,26,False,
INV-001767,JBM-2025-0567,Entreprise Chaabane,DEAL-001693,2025-01-13,2025-02-12,2025-03-10,paid,490700.0,19%,93233.0,583933.0,TND,,,2025/11/09,0.0,,19.0,2025-01-13,56,False,
INV-001768,JBM-2025-0568,STE Mejri Informatique,,2025-12-08,2026-11-01,2026-01-27,paid,233800.0,19,44422.0,278222.0,TND,,,11-Dec-25,0.0,,19.0,2026-10-02,-248,False,
INV-001769,JBM-2025-0569,Bureau d'Etudes Laabidi,,14-Apr-25,2025-05-14,2025-06-06,paid,340500.0,,64695.0,405195.0,DT,,,13-Jul-25,0.0,,,2025-04-14,53,False,
INV-001770,JBM-2025-0570,Topnet,DEAL-006447,December 27 2025,2026-02-25,2026-01-27,cancelled,64100.0,19 %,12179.0,76279.0,EUR,Bank Transfer,Retenue de garantie 10% - Liberation apres recette definitive.,26/01/2026,0.0,,19.0,2026-01-26,,False,
INV-001771,JBM-2025-0571,Agence Immobiliere Sfax Centre,DEAL-005350,June 11 2025,2025-07-15,2025-05-09,paid,595600.0,19 %,113164.0,708764.0,DT,,,06/02/2026,0.0,,19.0,2025-06-15,-37,False,
INV-001773,JBM-2025-0573,Agence Immobiliere Sfax Centre,DEAL-004168,2025/06/30,2025-08-23,2025-09-27,paid,436600.0,19,82954.0,519554.0,EUR,,Retenue de garantie 10% - Liberation apres recette definitive.,2026-02-25,0.0,,19.0,2025-07-24,65,False,
INV-001774,JBM-2025-0574,Societe Haddad Import Export,DEAL-007515,January 18 2025,2025-03-17,2025-03-27,paid,46100.0,19,8759.0,54859.0,TND,,Frais de deplacement inclus. Voir detail en annexe.,2025-05-18,0.0,,19.0,2025-02-15,40,False,
INV-001775,JBM-2025-0575,CNSS,DEAL-007210,23-Apr-25,2025-06-04,2025-05-23,paid,321800.0,19,61142.0,382942.0,TND,,Facture solde - Developpement plateforme BI. Livraison finale acceptee.,19/03/2026,0.0,,19.0,2025-05-05,18,False,
INV-001776,JBM-2025-0576,Salon Coiffure Elegance,DEAL-005327,27-Dec-25,2026-02-02,,pending,511900.0,19,97261.0,609161.0,TND,Virement bancaire,Retenue de garantie 10% - Liberation apres recette definitive.,2025/12/30,0.0,,19.0,2026-01-03,,True,88
INV-001777,JBM-2025-0577,Poulina Group,DEAL-002871,20/03/2025,2025-04-21,2025-04-21,paid,,0.19,,,TND,,Regularisation facture N-1. Avoir emis en contrepartie.,2025-08-17,0.0,,0.19,2025-03-22,30,False,
INV-001779,JBM-2025-0579,Attijari Bank,,July 18 2025,2025-09-01,2025-08-28,paid,360927.0,19,68576.13,429503.13,,,Regularisation facture N-1. Avoir emis en contrepartie.,16/10/2025,0.0,,19.0,2025-08-02,26,False,
INV-001780,JBM-2025-0580,Groupe-Hamdi-Digital,DEAL-006476,2025-01-01,2025-02-20,2025-02-23,paid,410400.0,19,77976.0,488376.0,TND,Virement bancaire,Facture 1/3 - Projet migration cloud STEG. Tranche initiale 30%.,2025/02/23,488376.0,0,19.0,2025-01-21,33,False,
INV-001781,JBM-2025-0581,Entreprise Sghaier,DEAL-003252,November 18 2025,2025-12-19,,pending,468100.0,19,88939.0,557039.0,TND,,Facture solde - Developpement plateforme BI. Livraison finale acceptee.,2025-12-18,0.0,,19.0,2025-11-19,,True,133
INV-001782,JBM-2025-0582,Bureau d'Etudes Bouzid,DEAL-005126,2025-10-17,2025-11-27,,paid,485200.0,19,92188.0,577388.0,DT,,Contrat cadre 2025. Facture trimestrielle T2.,16-Nov-25,0.0,,19.0,2025-10-28,,False,
INV-001783,JBM-2025-0583,STE Ben Romdhane Consulting,DEAL-006367,08/06/2025,2025-07-10,,pending,418300.0,19 %,79477.0,497777.0,,,Retenue de garantie 10% - Liberation apres recette definitive.,10/07/2025,0.0,,19.0,2025-06-10,,True,295
INV-001784,JBM-2025-0584,Groupe Bouzid Digital,,June 21 2025,2025-07-23,2025-08-08,paid,265900.0,19,50521.0,316421.0,TND,,Frais de deplacement inclus. Voir detail en annexe.,2025/10/19,0.0,,19.0,2025-06-23,46,False,
INV-001785,JBM-2025-0585,Topnet,,July 09 2025,2025-08-09,2025-09-08,paid,501000.0,19,95190.0,596190.0,TND,check,,05/01/2026,0.0,,19.0,2025-07-10,60,False,
INV-001786,JBM-2025-0586,Cabinet Comptable Slim,DEAL-000276,October 19 2025,2025-12-12,,cancelled,499900.0,0.19,94981.0,594881.0,TND,,,October 29 2025,0.0,,0.19,2025-11-12,,False,
INV-001787,JBM-2025-0587,ste oueslati & fils,DEAL-007857,2025/10/09,2025-12-11,,pending,87900.0,0.19,16701.0,104601.0,TND,,Avoir suite annulation partielle du projet.,07-Jan-26,0.0,,0.19,2025-11-11,,True,141
INV-001788,JBM-2025-0588,STE-Khalfallah-&-Fils,,2025/05/23,2025-07-12,2025-07-19,paid,288200.0,19,54758.0,342958.0,tnd,bank transfer,,20-Oct-25,0.0,,19.0,2025-06-12,37,False,
INV-001789,JBM-2025-0589,STE Gharbi Consulting,DEAL-003275,2025/09/25,2025-10-29,,pending,395400.0,19%,75126.0,470526.0,DT,,Frais de deplacement inclus. Voir detail en annexe.,2026/03/24,0.0,,19.0,2025-09-29,,True,184
INV-001790,JBM-2025-0590,Groupe Haddad Technologies,,2025-10-18,2025-12-12,,pending,319100.0,19,60629.0,379729.0,tnd,,,2025/10/18,0.0,,19.0,2025-11-12,,True,140
INV-001791,JBM-2025-0591,CNAM,DEAL-005004,2025-01-05,2025-02-26,2025-02-04,paid,171700.0,0.19,32623.0,204323.0,TND,,Frais de deplacement inclus. Voir detail en annexe.,2025-08-03,0.0,,0.19,2025-01-27,8,False,
INV-001792,JBM-2025-0592,Tunisair,,01/01/2025,2025-02-22,2025-02-13,cancelled,29100.0,19,5529.0,34629.0,tnd,,Invoice for cybersecurity audit - Phase 1 completed.,02/01/2025,0.0,,19.0,2025-01-23,,False,
INV-001793,JBM-2025-0593,Cabinet Agrebi Conseil,,2025-02-19,2025-04-13,2025-10-02,paid,410100.0,,77919.0,488019.0,,,Invoice for Q2 maintenance contract. PO number: TT-2024-8821.,2025/07/19,0.0,,,2025-03-14,202,False,
INV-001794,JBM-2025-0594,STE Khalfallah Consulting,,14-Aug-25,2025-09-21,2025-10-12,paid,79700.0,19 %,15143.0,94843.0,TND,,Facture 1/3 - Projet migration cloud STEG. Tranche initiale 30%.,15/08/2025,0.0,,19.0,2025-08-22,51,False,
INV-001795,JBM-2025-0595,CNAM,,2025/11/03,2025-12-14,2025-12-09,paid,471600.0,,89604.0,561204.0,EUR,,Facture solde - Developpement plateforme BI. Livraison finale acceptee.,March 03 2026,0.0,,,2025-11-14,25,False,
INV-001796,JBM-2025-0596,STE Jlassi Consulting,DEAL-003254,,2025-09-30,2025-09-24,paid,353600.0,19,67184.0,420784.0,TND,cash,Avoir suite annulation partielle du projet.,24/09/2025,420784.0,0,19.0,2025-08-31,24,False,
INV-001797,JBM-2025-0597,Centre Medical Bouzid,DEAL-001990,2025-10-21,2025-12-04,2025-12-23,paid,569600.0,19,108224.0,677824.0,TND,,Regularisation facture N-1. Avoir emis en contrepartie.,20/12/2025,0.0,,19.0,2025-11-04,49,False,
INV-001798,JBM-2025-0598,Clinique Dentaire Dr Mrad,DEAL-007416,2025/01/14,2025-02-24,,paid,485200.0,19,92188.0,577388.0,TND,,,February 13 2025,0.0,,19.0,2025-01-25,,False,
INV-002487,JBM-2025-0599,Restaurant Le Mediterranee,,03-Jan-26,2026-02-24,,pending,178800.0,19,33972.0,212772.0,tnd,,Acompte 50% - Contrat annuel support applicatif.,2026-02-02,0.0,,19.0,2026-01-25,,True,66
INV-001800,JBM-2025-0600,Groupe Khalfallah Digital,DEAL-006510,January 16 2025,2025-02-23,,pending,295100.0,19,56069.0,351169.0,TND,,Retenue de garantie 10% - Liberation apres recette definitive.,2025-01-18,0.0,,19.0,2025-01-24,,True,432
INV-001801,JBM-2025-0601,Groupe Agrebi Technologies,DEAL-002380,2025/11/22,2026-01-09,2026-01-15,paid,500100.0,19 %,95019.0,595119.0,,,Facture 1/3 - Projet migration cloud STEG. Tranche initiale 30%.,2026/03/22,0.0,,19.0,2025-12-10,36,False,
INV-001802,JBM-2025-0602,STE Gharbi Consulting,,2025/09/10,2025-10-24,2025-11-04,paid,75000.0,19,14250.0,89250.0,TND,,Acompte 50% - Contrat annuel support applicatif.,2025-10-10,0.0,,19.0,2025-09-24,41,False,
INV-001803,JBM-2025-0603,Topnet,DEAL-000506,2025/02/26,2025-11-04,2025-02-07,paid,244100.0,0.19,46379.0,290479.0,TND,,Regularisation facture N-1. Avoir emis en contrepartie.,26-Jun-25,0.0,,0.19,2025-10-05,-240,False,
INV-001804,JBM-2025-0604,Cabinet Rekik & Associes,,25-Aug-25,2025-09-30,2025-11-10,paid,390900.0,19%,74271.0,465171.0,TND,,,2025-09-24,0.0,,19.0,2025-08-31,71,False,
INV-001805,JBM-2025-0605,Poulina Group,,March 09 2025,2025-08-04,2025-04-19,paid,302400.0,19,57456.0,359856.0,tnd,,Facture mensuelle maintenance.,December 04 2025,0.0,,19.0,2025-07-05,-77,False,
INV-001806,JBM-2025-0606,Bureau d'Etudes Oueslati,DEAL-002013,November 13 2025,2026-01-06,2026-02-01,paid,196900.0,19,37411.0,234311.0,DT,Bank Transfer,Facture mensuelle maintenance.,13/11/2025,0.0,,19.0,2025-12-07,56,False,
INV-001808,JBM-2025-0608,Boulangerie Chez Faouzi,,13-May-25,2025-06-14,2025-07-28,paid,140800.0,19%,26752.0,167552.0,EUR,Cash,Facture solde - Developpement plateforme BI. Livraison finale acceptee.,09-Dec-25,0.0,,19.0,2025-05-15,74,False,
INV-001809,JBM-2025-0609,CyberPark Elghazala,DEAL-006698,13/11/2025,2026-05-01,2025-12-13,paid,12000.0,19,2280.0,14280.0,TND,cash,Facture 1/3 - Projet migration cloud STEG. Tranche initiale 30%.,2025/12/13,14280.0,0,19.0,2026-04-01,-109,False,
INV-001810,JBM-2025-0610,Librairie Al Manar,,04/06/2025,2025-07-10,,pending,351300.0,,66747.0,418047.0,DT,,Acompte 50% - Contrat annuel support applicatif.,October 02 2025,0.0,,,2025-06-10,,True,295
INV-001811,JBM-2025-0611,GlobalNet,DEAL-000272,2025/08/30,2025-10-29,,pending,220600.0,19%,41914.0,262514.0,TND,,Facture solde - Developpement plateforme BI. Livraison finale acceptee.,2026-02-26,0.0,,19.0,2025-09-29,,True,184
INV-001812,JBM-2025-0612,Societe Haddad Import Export,DEAL-005487,2025-06-23,2025-08-14,,pending,200100.0,0.19,38019.0,238119.0,DT,,Frais de deplacement inclus. Voir detail en annexe.,2026-01-19,0.0,,0.19,2025-07-15,,True,260
INV-001813,JBM-2025-0613,BNA Bank,DEAL-004175,12/03/2025,2025-05-11,2025-04-25,paid,590000.0,19,112100.0,702100.0,TND,,Facture mensuelle maintenance.,09/08/2025,0.0,,19.0,2025-04-11,14,False,
INV-001814,JBM-2025-0614,Auto-Ecole Nejib,DEAL-002371,March 29 2025,2025-05-01,,pending,228500.0,19,43415.0,271915.0,EUR,,,2025/06/27,0.0,,19.0,2025-04-01,,True,365
INV-001815,JBM-2025-0615,Pharmacie Al Amal,,2025/05/14,2025-07-04,,pending,347300.0,0.19,65987.0,413287.0,TND,,Regularisation facture N-1. Avoir emis en contrepartie.,2025-09-11,0.0,,0.19,2025-06-04,,True,301
INV-001816,JBM-2025-0616,CyberPark Elghazala,DEAL-005737,September 09 2025,2025-03-11,2025-10-17,paid,206400.0,19%,39216.0,245616.0,tnd,,Invoice for cybersecurity audit - Phase 1 completed.,2025/10/09,0.0,,19.0,2025-02-09,250,False,
INV-001817,JBM-2025-0617,Groupe Hamouda Digital,DEAL-007365,2025-10-05,2025-06-11,2025-09-26,paid,184500.0,0.19,35055.0,219555.0,EUR,,,2025-12-04,0.0,,0.19,2025-05-12,137,False,
INV-001818,JBM-2025-0618,STE Agrebi Solutions,DEAL-003819,21/11/2025,2026-01-02,2026-01-05,paid,161700.0,,30723.0,192423.0,tnd,,Facture mensuelle maintenance.,2026-01-20,0.0,,,2025-12-03,33,False,
INV-001819,JBM-2025-0619,BI#AT,DEAL-005132,23/02/2025,2025-04-17,,cancelled,427800.0,0.19,81282.0,509082.0,TND,,,2025/02/24,0.0,,0.19,2025-03-18,,False,
INV-001820,JBM-2025-0620,Pharmacie Al Amal,DEAL-000640,29-Mar-25,2025-05-24,2025-06-06,paid,165100.0,19%,31369.0,196469.0,tnd,,Acompte 50% - Contrat annuel support applicatif.,2025-10-25,0.0,,19.0,2025-04-24,43,False,
INV-001821,JBM-2025-0621,Imprimerie El Ittihad,,March 27 2025,2025-04-05,2025-03-14,paid,348900.0,19,66291.0,415191.0,DT,,,22/11/2025,0.0,,19.0,2025-03-06,8,False,
INV-001822,JBM-2025-0622,Salon Coiffure Elegance,,04-Jul-25,2025-08-19,2025-09-23,paid,179100.0,0,34029.0,213129.0,TND,,Contrat cadre 2025. Facture trimestrielle T2.,2026-03-01,0.0,,0.0,2025-07-20,65,False,
INV-001823,JBM-2025-0623,STE Belhadj Consulting,DEAL-005969,February 20 2025,2025-09-04,,pending,43600.0,19,8284.0,51884.0,TND,Especes,Avoir suite annulation partielle du projet.,2026-01-16,0.0,,19.0,2025-08-05,,True,239
INV-001824,JBM-2025-0624,Orange Tunisie,DEAL-005680,2025/11/08,2026-01-06,2025-12-16,paid,181000.0,19,34390.0,215390.0,EUR,,Invoice for cybersecurity audit - Phase 1 completed.,February 06 2026,0.0,,19.0,2025-12-07,9,False,
INV-001825,JBM-2025-0625,Boulangerie Chez Faouzi,,2025-07-02,2025-08-08,2025-01-09,paid,237300.0,19,45087.0,282387.0,TND,,Facture 1/3 - Projet migration cloud STEG. Tranche initiale 30%.,2026/02/27,0.0,,19.0,2025-07-09,-181,False,
INV-001826,JBM-2025-0626,BIAT,,13-Nov-25,2025-12-15,2025-12-25,paid,523000.0,19%,99370.0,622370.0,tnd,check,,11/02/2026,0.0,,19.0,2025-11-15,40,False,
INV-001827,JBM-2025-0627,STE Zouari Consulting,DEAL-000302,26/07/2025,2025-04-09,2025-09-13,paid,218500.0,,41515.0,260015.0,TND,,,2025/09/24,0.0,,,2025-03-10,187,False,
INV-001828,JBM-2025-0628,Groupe Trabelsi Technologies,DEAL-000580,2025/04/19,2025-12-04,2025-06-13,cancelled,,19,,,DT,,Invoice for cybersecurity audit - Phase 1 completed.,14-Jan-26,0.0,,19.0,2025-11-04,,False,
INV-001829,JBM-2025-0629,Entreprisee Sghaier,,May 30 2025,2025-07-05,2025-07-22,paid,102700.0,19,19513.0,122213.0,EUR,virement,Regularisation facture N-1. Avoir emis en contrepartie.,June 02 2025,0.0,,19.0,2025-06-05,47,False,
INV-001830,JBM-2025-0630,cabinet agrebi conseil,,21-Sep-25,2025-11-05,2025-11-14,paid,167100.0,19,31749.0,198849.0,TND,,Regularisation facture N-1. Avoir emis en contrepartie.,31/10/2025,0.0,,19.0,2025-10-06,39,False,
INV-001831,JBM-2025-0631,Bureau d'Etudes Oueslati,DEAL-002576,2025/04/22,2025-05-24,2025-06-19,paid,168800.0,20,32072.0,200872.0,EUR,,,19-Sep-25,0.0,,20.0,2025-04-24,56,False,
INV-001833,JBM-2025-0633,Groupe Hamdi Digital,DEAL-004536,2025/04/19,2025-09-06,2025-03-06,paid,64900.0,19 %,12331.0,77231.0,DT,,,2025-11-15,0.0,,19.0,2025-08-07,-154,False,
INV-001834,JBM-2025-0634,Salon Coiffure Eleegance,DEAL-004316,2025/04/27,2025-06-10,2025-07-26,paid,326800.0,19,62092.0,388892.0,TND,,,23/12/2025,0.0,,19.0,2025-05-11,76,False,
INV-001835,JBM-2025-0635,STEG,,29/06/2025,2025-08-15,2025-08-12,paid,133800.0,19,25422.0,159222.0,TND,,Regularisation facture N-1. Avoir emis en contrepartie.,November 26 2025,0.0,,19.0,2025-07-16,27,False,
INV-001836,JBM-2025-0636,STE Ben Romdhane Consulting,DEAL-002225,25/06/2025,2025-08-21,2025-06-08,paid,455900.0,19 %,86621.0,542521.0,tnd,,Acompte 50% - Contrat annuel support applicatif.,November 22 2025,0.0,,19.0,2025-07-22,-44,False,
INV-001837,JBM-2025-0637,Magasin Mabrouk Electronique,DEAL-001354,November 23 2025,2026-09-01,2026-01-30,paid,234000.0,19,44460.0,278460.0,tnd,cash,Frais de deplacement inclus. Voir detail en annexe.,17-Dec-25,115521.53,162938.47,19.0,2026-08-02,-184,False,
INV-001838,JBM-2025-0638,STE Belhadj Consulting,DEAL-001162,June 23 2025,2025-08-15,2025-08-09,paid,587900.0,19,111701.0,699601.0,DT,,,2025-06-23,0.0,,19.0,2025-07-16,24,False,
INV-001839,JBM-2025-0639,Bijouterie Sfaxienne,DEAL-001879,2025/12/02,2026-01-30,,cancelled,51400.0,19,9766.0,61166.0,TND,,Facture 1/3 - Projet migration cloud STEG. Tranche initiale 30%.,2026/01/01,0.0,,19.0,2025-12-31,,False,
INV-001840,JBM-2025-0640,Attijari Bank,,20-Sep-25,2025-11-14,2025-10-21,paid,588000.0,19,111720.0,699720.0,tnd,,Retenue de garantie 10% - Liberation apres recette definitive.,19-Dec-25,0.0,,19.0,2025-10-15,6,False,
INV-001841,JBM-2025-0641,Bijouterie Sfaxienne,DEAL-004150,31/05/2025,2025-07-16,,paid,208600.0,19,39634.0,248234.0,TND,,Retenue de garantie 10% - Liberation apres recette definitive.,30-Jul-25,0.0,,19.0,2025-06-16,,False,
INV-001842,JBM-2025-0642,STE Mejri #Informatique,DEAL-004305,23/10/2025,2025-12-22,2025-10-12,paid,576800.0,19,109592.0,686392.0,TND,,Invoice for Q2 maintenance contract. PO number: TT-2024-8821.,21-Jan-26,0.0,,19.0,2025-11-22,-41,False,
INV-001843,JBM-2025-0643,Cabinet Turki Conseil,,March 18 2025,2025-10-05,2025-03-05,paid,452300.0,0.19,85937.0,538237.0,TND,,Facture mensuelle maintenance.,13-Nov-25,0.0,,0.19,2025-09-05,-184,False,
INV-001844,JBM-2025-0644,STE Mejri Informatique,DEAL-000733,September 09 2025,2025-10-25,2025-10-27,paid,364500.0,19,69255.0,433755.0,TND,,Frais de deplacement inclus. Voir detail en annexe.,2025/09/09,0.0,,19.0,2025-09-25,32,False,
INV-001845,JBM-2025-0645,ENTREPRISE HAMOUDA,DEAL-007004,13-Oct-25,2025-09-30,,pending,147800.0,19%,28082.0,175882.0,,,Frais de deplacement inclus. Voir detail en annexe.,2026-01-11,0.0,,19.0,2025-08-31,,True,213
INV-001846,JBM-2025-0646,Tunisair,DEAL-002271,17-Jul-25,2025-08-21,2025-08-28,paid,28800.0,19 %,5472.0,34272.0,TND,,,October 15 2025,0.0,,19.0,2025-07-22,37,False,
INV-001847,JBM-2025-0647,Salon Coiffure Elegance,DEAL-003729,19-Mar-25,2025-04-21,,pending,212600.0,15,40394.0,252994.0,TND,,Invoice for Q2 maintenance contract. PO number: TT-2024-8821.,June 17 2025,0.0,,15.0,2025-03-22,,True,375
INV-001848,JBM-2025-0648,STE Oueslati & Fils,,2025/12/16,2026-02-11,2026-02-06,paid,424700.0,,80693.0,505393.0,TND,,Retenue de garantie 10% - Liberation apres recette definitive.,December 17 2025,0.0,,,2026-01-12,25,False,
INV-001850,JBM-2025-0650,Groupe Ferchiou Digital,DEAL-005523,November 18 2025,2026-07-01,,pending,423000.0,19 %,80370.0,503370.0,TND,cash,Facture 1/3 - Projet migration cloud STEG. Tranche initiale 30%.,18/11/2025,0.0,,19.0,2026-06-01,,False,-61
INV-001851,JBM-2025-0651,S.Ben Salah Consulting,DEAL-004139,2025-05-05,2025-06-19,,cancelled,342500.0,0.19,65075.0,407575.0,TND,virement,Avoir suite annulation partielle du projet.,2025-12-31,0.0,,0.19,2025-05-20,,False,
INV-001852,JBM-2025-0652,STE Hamdi Consulting,,2025/03/20,2025-05-05,2025-05-19,paid,177800.0,19,33782.0,211582.0,EUR,Virement bancaire,Acompte 50% - Contrat annuel support applicatif.,20/03/2025,0.0,,19.0,2025-04-05,44,False,
INV-001853,JBM-2025-0653,STE Bouzid Consulting,DEAL-007153,20/06/2025,2025-07-31,,cancelled,579000.0,19,110010.0,689010.0,TND,bank transfer,Facture mensuelle maintenance.,20/06/2025,0.0,,19.0,2025-07-01,,False,
INV-001854,JBM-2025-0654,Groupe Hamdi Digital,DEAL-007568,2025/10/03,2025-11-16,2025-11-26,paid,365800.0,,69502.0,435302.0,DT,,Contrat cadre 2025. Facture trimestrielle T2.,November 02 2025,0.0,,,2025-10-17,40,False,
INV-001855,JBM-2025-0655,STE Ben Romdhane Consulting,,02-Dec-25,2026-01-23,2026-01-17,paid,338700.0,19,64353.0,403053.0,TND,,Acompte 50% - Contrat annuel support applicatif.,December 02 2025,0.0,,19.0,2025-12-24,24,False,
INV-001856,JBM-2025-0656,Groupe Zouari Digital,,2025/02/23,2025-06-04,2025-10-04,paid,385800.0,19 %,73302.0,459102.0,TND,,Avoir suite annulation partielle du projet.,2026-01-19,0.0,,19.0,2025-05-05,152,False,
INV-002395,JBM-2025-0657,STE Zouari Consulting,DEAL-004920,January 22 2026,2026-07-03,2026-03-21,paid,478700.0,19,90953.0,569653.0,TND,,Contrat cadre 2025. Facture trimestrielle T2.,2026/01/22,0.0,,19.0,2026-06-03,-74,False,
INV-001858,JBM-2025-0658,BNA Bank,DEAL-002910,2025/06/08,2025-07-25,,cancelled,415300.0,19,78907.0,494207.0,TND,,,2025/06/18,0.0,,19.0,2025-06-25,,False,
INV-001859,JBM-2025-0659,Entreprise Hamouda,DEAL-004686,October 12 2025,2025-11-28,2025-11-28,paid,351100.0,19%,66709.0,417809.0,TND,,Facture solde - Developpement plateforme BI. Livraison finale acceptee.,14/10/2025,0.0,,19.0,2025-10-29,30,False,
INV-001860,JBM-2025-0660,Agence Immobiliere Sfax Centre,DEAL-004444,2025-05-20,2025-06-19,2025-08-05,paid,547900.0,19,104101.0,652001.0,EUR,,,2025/05/23,0.0,,19.0,2025-05-20,77,False,
INV-001861,JBM-2025-0661,Orange Tunisie,DEAL-000724,June 09 2025,2025-08-02,2025-09-07,paid,212000.0,19,40280.0,252280.0,EUR,,Regularisation facture N-1. Avoir emis en contrepartie.,June 10 2025,0.0,,19.0,2025-07-03,66,False,
INV-001862,JBM-2025-0662,Salon Coiffure Elegance,,06-Jan-25,2025-02-07,,cancelled,267800.0,19,50882.0,318682.0,EUR,,Facture solde - Developpement plateforme BI. Livraison finale acceptee.,2025-01-09,0.0,,19.0,2025-01-08,,False,
INV-001863,JBM-2025-0663,Bureau d'Etudes Ben Salah,DEAL-001056,December 14 2025,2026-01-15,,pending,300500.0,19,57095.0,357595.0,EUR,,Invoice for cybersecurity audit - Phase 1 completed.,December 14 2025,0.0,,19.0,2025-12-16,,True,106
INV-001864,JBM-2025-0664,Groupe Agrebi Technologies,DEAL-000316,2025-05-20,2025-07-03,2025-12-07,paid,162700.0,19,30913.0,193613.0,TND,,,2025-07-19,0.0,,19.0,2025-06-03,187,False,
INV-001865,JBM-2025-0665,STE Ferchiou Informatique SARL,,September 11 2025,2025-09-05,2025-11-08,paid,250500.0,19,47595.0,298095.0,TND,Cheque,Facture 1/3 - Projet migration cloud STEG. Tranche initiale 30%.,2025/11/08,208647.36,0,19.0,2025-08-06,94,False,
INV-001866,JBM-2025-0666,STE Mejri Informatique,DEAL-003200,2025-01-27,2025-07-03,2025-03-23,paid,453800.0,0.19,86222.0,540022.0,TND,,Contrat cadre 2025. Facture trimestrielle T2.,2025-03-23,540022.0,0,0.19,2025-06-03,-72,False,
INV-001867,JBM-2025-0667,La Poste Tunisienne,,27/01/2025,2025-03-28,2025-03-02,paid,98200.0,19,18658.0,116858.0,TND,,Regularisation facture N-1. Avoir emis en contrepartie.,24-Sep-25,0.0,,19.0,2025-02-26,4,False,
INV-001868,JBM-2025-0668,Restaurant Le Mediterranee,DEAL-005735,17/09/2025,2025-10-18,2025-11-23,paid,144100.0,19 %,27379.0,171479.0,TND,virement,,16/03/2026,0.0,,19.0,2025-09-18,66,False,
INV-001869,JBM-2025-0669,CyberPark Elghazala,DEAL-003276,13-Nov-25,2026-01-03,,pending,119600.0,19,22724.0,142324.0,DT,,Regularisation facture N-1. Avoir emis en contrepartie.,13/12/2025,0.0,,19.0,2025-12-04,,True,118
INV-001870,JBM-2025-0670,Tunisair,DEAL-005071,27/01/2025,2025-03-14,2025-03-13,paid,62800.0,19,11932.0,74732.0,EUR,,,August 25 2025,0.0,,19.0,2025-02-12,29,False,
INV-001871,JBM-2025-0671,Entreprise Sghaier,,29/04/2025,2025-06-20,2025-06-27,paid,184000.0,19,34960.0,218960.0,TND,,,2025-10-26,0.0,,19.0,2025-05-21,37,False,
INV-001872,JBM-2025-0672,STE Hamdi Consulting,,05/08/2025,2025-09-16,2025-09-28,paid,328500.0,19,62415.0,390915.0,TND,,Frais de deplacement inclus. Voir detail en annexe.,03-Nov-25,0.0,,19.0,2025-08-17,42,False,
INV-001873,JBM-2025-0673,CNAM,DEAL-003409,February 17 2025,2025-04-09,2025-02-04,paid,374600.0,19,71174.0,445774.0,EUR,,Frais de deplacement inclus. Voir detail en annexe.,2026-02-12,0.0,,19.0,2025-03-10,-34,False,
INV-001874,JBM-2025-0674,La Poste Tunisienne,DEAL-005071,2025-02-09,2025-03-24,2025-03-26,paid,103400.0,19,19646.0,123046.0,TND,,Facture 1/3 - Projet migration cloud STEG. Tranche initiale 30%.,11/03/2025,0.0,,19.0,2025-02-22,32,False,
INV-001875,JBM-2025-0675,Tunisie Telecom,DEAL-001273,2025/12/27,2026-01-28,2026-10-02,paid,85400.0,19,16226.0,101626.0,TND,,Contrat cadre 2025. Facture trimestrielle T2.,27-Dec-25,0.0,,19.0,2025-12-29,277,False,
INV-001876,JBM-2025-0676,Salon Coiffure Elegance,,April 24 2025,2025-05-06,,pending,473100.0,19,89889.0,562989.0,DT,,Facture mensuelle maintenance.,23-Jun-25,0.0,,19.0,2025-04-06,,True,360
INV-001877,JBM-2025-0677,Groupe-Zouari-Digital,DEAL-006656,2025/10/25,2025-05-12,,cancelled,47000.0,19,8930.0,55930.0,TND,,Regularisation facture N-1. Avoir emis en contrepartie.,04-Nov-25,0.0,,19.0,2025-04-12,,False,
INV-001878,JBM-2025-0678,GROUPE AGREBI TECHNOLOGIES,DEAL-005370,2025-09-20,2025-06-11,2025-11-11,paid,188000.0,19,35720.0,223720.0,TND,especes,Frais de deplacement inclus. Voir detail en annexe.,2025-09-21,0.0,,19.0,2025-05-12,183,False,
INV-001879,JBM-2025-0679,ST#EG,DEAL-007823,2025/03/19,2025-04-29,2025-04-20,paid,501000.0,19%,95190.0,596190.0,TND,,Invoice for Q2 maintenance contract. PO number: TT-2024-8821.,19-Mar-25,0.0,,19.0,2025-03-30,21,False,
INV-001880,JBM-2025-0680,STE Agrebi Solutions,,2025-06-18,2025-07-25,2025-08-12,paid,314100.0,19%,59679.0,373779.0,EUR,,Facture 1/3 - Projet migration cloud STEG. Tranche initiale 30%.,12/08/2025,161541.49,0,19.0,2025-06-25,48,False,
INV-001881,JBM-2025-0681,ste agrebi solutions,DEAL-000428,2025-02-06,2025-03-13,2025-03-29,paid,554000.0,19,105260.0,659260.0,tnd,,Facture mensuelle maintenance.,2025-12-03,0.0,,19.0,2025-02-11,46,False,
INV-001882,JBM-2025-0682,Groupe Haddad Technologies,DEAL-005282,December 12 2025,2026-08-02,2026-02-01,paid,427100.0,19,81149.0,508249.0,DT,Check,Avoir suite annulation partielle du projet.,01/02/2026,508249.0,0,19.0,2026-07-03,-152,False,
INV-001883,JBM-2025-0683,STE Bouzid Consulting,DEAL-005777,13/05/2025,2025-06-14,2025-06-27,paid,115100.0,19,21869.0,136969.0,tnd,,Acompte 50% - Contrat annuel support applicatif.,2025-09-10,0.0,,19.0,2025-05-15,43,False,
INV-001884,JBM-2025-0684,Salon Coiffure Elegance,DEAL-000591,28/06/2025,2025-08-24,,pending,243400.0,0.19,46246.0,289646.0,EUR,,Facture solde - Developpement plateforme BI. Livraison finale acceptee.,26/10/2025,0.0,,0.19,2025-07-25,,True,250
INV-001885,JBM-2025-0685,Garage Mecanique Toumi,,2025-06-02,2025-07-07,2025-08-27,paid,408500.0,19,77615.0,486115.0,TND,,Avoir suite annulation partielle du projet.,29-Nov-25,0.0,,19.0,2025-06-07,81,False,
INV-001886,JBM-2025-0686,Banque de Tunisie,DEAL-004512,25/10/2025,2025-01-12,2025-12-06,paid,309000.0,19 %,58710.0,367710.0,TND,,Invoice for cybersecurity audit - Phase 1 completed.,23/01/2026,0.0,,19.0,2024-12-13,358,False,
INV-001887,JBM-2025-0687,Societe Haddad Import Export,DEAL-002624,04/12/2025,2026-08-01,2026-02-24,paid,298000.0,0.19,56620.0,354620.0,DT,,Retenue de garantie 10% - Liberation apres recette definitive.,2026-02-02,0.0,,0.19,2026-07-02,-128,False,
INV-001888,JBM-2025-0688,Entreprise Chaabane,,November 17 2025,2025-12-21,2026-01-01,paid,546000.0,19,103740.0,649740.0,TND,,,2025/11/19,0.0,,19.0,2025-11-21,41,False,
INV-001889,JBM-2025-0689,Groupe Haddad Technologies,DEAL-000120,2025-05-10,2025-06-23,2025-04-07,paid,451500.0,0.19,85785.0,537285.0,EUR,cheque,,2025/11/06,0.0,,0.19,2025-05-24,-47,False,
INV-001890,JBM-2025-0690,Groupe Mansour Digital,DEAL-003655,11/09/2025,2025-10-23,,pending,30300.0,19,5757.0,36057.0,DT,,Regularisation facture N-1. Avoir emis en contrepartie.,2025/09/13,0.0,,19.0,2025-09-23,,True,190
INV-001891,JBM-2025-0691,tunisie telecom,DEAL-003710,May 15 2025,2025-06-19,2025-06-15,paid,171900.0,19,32661.0,204561.0,TND,,Frais de deplacement inclus. Voir detail en annexe.,2025/08/13,0.0,,19.0,2025-05-20,26,False,
INV-001892,JBM-2025-0692,Attijari Bank,DEAL-007517,June 28 2025,2025-01-08,2025-08-12,paid,538600.0,19,102334.0,640934.0,DT,,Invoice for Q2 maintenance contract. PO number: TT-2024-8821.,30-Jun-25,0.0,,19.0,2024-12-09,246,False,
INV-001893,JBM-2025-0693,Groupe Hamdi Digital,DEAL-002770,2025-05-06,2025-06-30,2025-07-01,paid,151100.0,19,28709.0,179809.0,TND,,Invoice for cybersecurity audit - Phase 1 completed.,January 31 2026,0.0,,19.0,2025-05-31,31,False,
INV-001894,JBM-2025-0694,STE Chaabane Solutions,,19/10/2025,2025-12-01,,pending,63300.0,0.19,12027.0,75327.0,tnd,,,February 16 2026,0.0,,0.19,2025-11-01,,True,151
INV-001895,JBM-2025-0695,Delice Danone,DEAL-002504,12/01/2025,2025-02-20,2025-02-19,paid,257400.0,19%,48906.0,306306.0,TND,,Frais de deplacement inclus. Voir detail en annexe.,2025/08/10,0.0,,19.0,2025-01-21,29,False,
INV-001896,JBM-2025-0696,Centre Medical Bouzid,DEAL-004837,27-Jan-25,2025-11-03,2025-04-14,paid,244800.0,19,46512.0,291312.0,TND,,Regularisation facture N-1. Avoir emis en contrepartie.,2025/06/26,0.0,,19.0,2025-10-04,-173,False,
INV-001897,JBM-2025-0697,Boulangerie Chez Faouzi,DEAL-000057,2025-06-30,2025-07-31,2025-08-31,paid,244200.0,19,46398.0,290598.0,TND,,Retenue de garantie 10% - Liberation apres recette definitive.,2025-07-30,0.0,,19.0,2025-07-01,61,False,
INV-001898,JBM-2025-0698,Delice Danone,,2025-01-02,2025-02-21,2025-02-01,paid,34300.0,19,6517.0,40817.0,TND,,Avoir suite annulation partielle du projet.,2025/07/01,0.0,,19.0,2025-01-22,10,False,
INV-001900,JBM-2025-0700,STE Ben Romdhane Consulting,DEAL-002671,15/06/2025,2025-08-11,2025-11-08,paid,421700.0,19,80123.0,501823.0,TND,,Regularisation facture N-1. Avoir emis en contrepartie.,18/06/2025,0.0,,19.0,2025-07-12,119,False,
INV-001901,JBM-2025-0701,STE Khalfallah & Fils,DEAL-001962,17-Jun-25,2025-07-20,,pending,574700.0,19 %,109193.0,683893.0,TND,,,2025-10-15,0.0,,19.0,2025-06-20,,True,285
INV-001902,JBM-2025-0702,Poulina Group,DEAL-004737,2025-06-07,2025-07-26,2025-08-07,paid,62200.0,19,11818.0,74018.0,TND,,Facture solde - Developpement plateforme BI. Livraison finale acceptee.,2025/07/07,0.0,,19.0,2025-06-26,42,False,
INV-001903,JBM-2025-0703,CNSS,DEAL-002250,22-Apr-25,2025-06-21,2025-05-24,paid,431200.0,0.19,81928.0,513128.0,TND,,Regularisation facture N-1. Avoir emis en contrepartie.,April 22 2025,0.0,,0.19,2025-05-22,2,False,
INV-001904,JBM-2025-0704,Bureau-d'Etudes-Bouzid,,2025/05/23,2025-07-13,2025-07-14,paid,187600.0,19%,35644.0,223244.0,TND,,Facture solde - Developpement plateforme BI. Livraison finale acceptee.,23-May-25,0.0,,19.0,2025-06-13,31,False,
INV-001905,JBM-2025-0705,Attijari Bank,DEAL-003224,2025/10/27,2025-12-24,2025-10-22,paid,283100.0,19,53789.0,336889.0,TND,,Invoice for Q2 maintenance contract. PO number: TT-2024-8821.,2025/10/27,0.0,,19.0,2025-11-24,-33,False,
INV-001906,JBM-2025-0706,STE Ben Salah Consulting,DEAL-005748,2025-06-30,2025-08-10,2025-08-26,paid,135000.0,,25650.0,160650.0,tnd,,Regularisation facture N-1. Avoir emis en contrepartie.,2026/01/26,0.0,,,2025-07-11,46,False,
INV-001907,JBM-2025-0707,Groupe Ferchiou Digital,DEAL-002165,2025-03-17,2025-04-21,2025-05-09,cancelled,55200.0,19,10488.0,65688.0,TND,,,16-Apr-25,0.0,,19.0,2025-03-22,,False,
INV-001908,JBM-2025-0708,STE Chaabane Solutions,DEAL-000846,2025/10/16,2025-11-20,2025-12-14,paid,163000.0,19 %,30970.0,193970.0,,,Facture mensuelle maintenance.,2025-12-15,0.0,,19.0,2025-10-21,54,False,
INV-001909,JBM-2025-0709,GlobalNet,DEAL-003820,18/10/2025,2025-12-03,2025-11-23,paid,432000.0,19,82080.0,514080.0,TND,Virement bancaire,Regularisation facture N-1. Avoir emis en contrepartie.,17/03/2026,0.0,,19.0,2025-11-03,20,False,
INV-001910,JBM-2025-0710,Entreprise Hamouda SA,DEAL-005443,29-Jun-25,2025-08-17,2025-08-15,paid,463800.0,,88122.0,551922.0,TND,,Facture 1/3 - Projet migration cloud STEG. Tranche initiale 30%.,27/10/2025,0.0,,,2025-07-18,28,False,
INV-001911,JBM-2025-0711,Boulangerie Chez Faouzi,DEAL-000557,2025/08/05,2025-02-10,,pending,401700.0,20,76323.0,478023.0,TND,,,04-Oct-25,0.0,,20.0,2025-01-11,,True,445
INV-001912,JBM-2025-0712,Studio Photo Memories,DEAL-007790,May 17 2025,2025-07-10,2025-08-10,paid,,20,,,DT,,Regularisation facture N-1. Avoir emis en contrepartie.,2025-12-13,0.0,,20.0,2025-06-10,61,False,
INV-001913,JBM-2025-0713,Cabinet Turki Conseil,,08-Jun-25,2025-07-14,2025-08-02,paid,450800.0,0.19,85652.0,536452.0,DT,,Contrat cadre 2025. Facture trimestrielle T2.,2025-12-05,0.0,,0.19,2025-06-14,49,False,
INV-001914,JBM-2025-0714,STE Chaabane Solutions,,08-May-25,2025-06-16,,pending,381600.0,19,72504.0,454104.0,EUR,,Facture mensuelle maintenance.,2025/06/16,0.0,,19.0,2025-05-17,,True,319
INV-001915,JBM-2025-0715,STE Laabidi Consulting,DEAL-004459,22-Nov-25,2026-01-04,2026-01-17,paid,479000.0,19,91010.0,570010.0,TND,cheque,,17-Jan-26,570010.0,0,19.0,2025-12-05,43,False,
INV-001916,JBM-2025-0716,Entreprise Chaabane,DEAL-004902,2025-10-28,2025-12-18,2025-12-25,paid,452600.0,0.19,85994.0,538594.0,tnd,Cheque,Facture solde - Developpement plateforme BI. Livraison finale acceptee.,2026-02-25,0.0,,0.19,2025-11-18,37,False,
INV-001917,JBM-2025-0717,STE Bouzid Consulting,DEAL-005228,31-Oct-25,2025-10-22,2025-12-23,paid,169100.0,19%,32129.0,201229.0,TND,,Retenue de garantie 10% - Liberation apres recette definitive.,November 01 2025,0.0,,19.0,2025-09-22,92,False,
INV-001918,JBM-2025-0718,GlobalNet,,April 22 2025,2025-06-21,2025-05-31,paid,279800.0,0,53162.0,332962.0,TND,,,January 17 2026,0.0,,0.0,2025-05-22,9,False,
INV-001919,JBM-2025-0719,Groupe Hamouda Digital,DEAL-005652,01/04/2025,2025-05-14,2025-05-17,paid,99500.0,19%,18905.0,118405.0,tnd,,,November 27 2025,0.0,,19.0,2025-04-14,33,False,
INV-001920,JBM-2025-0720,Librairie Al Manar,DEAL-004236,16-Feb-25,2025-05-04,2025-08-05,paid,456200.0,19,86678.0,542878.0,TND,,Facture solde - Developpement plateforme BI. Livraison finale acceptee.,14/10/2025,0.0,,19.0,2025-04-04,123,False,
INV-001921,JBM-2025-0721,bureau d'etudes gharbi,,12/11/2025,2026-01-09,2026-01-02,paid,535300.0,19,101707.0,637007.0,tnd,,Retenue de garantie 10% - Liberation apres recette definitive.,2026-02-10,0.0,,19.0,2025-12-10,23,False,
INV-001922,JBM-2025-0722,Ecole Privee Ibn Khaldoun,DEAL-000532,2025-04-11,2025-06-07,2025-06-28,paid,364200.0,19,69198.0,433398.0,tnd,Check,,2025-04-14,0.0,,19.0,2025-05-08,51,False,
INV-001923,JBM-2025-0723,CyberPark Elghazala,DEAL-000735,2025-03-05,2025-04-10,2025-04-07,paid,239300.0,19,45467.0,284767.0,TND,check,Facture 1/3 - Projet migration cloud STEG. Tranche initiale 30%.,05/03/2025,0.0,,19.0,2025-03-11,27,False,
INV-001924,JBM-2025-0724,Fleuriste Au Jasmin,DEAL-007260,2025-10-29,2025-12-04,2025-12-28,paid,477500.0,19%,90725.0,568225.0,,Virement bancaire,,December 28 2025,568225.0,0,19.0,2025-11-04,54,False,
INV-001925,JBM-2025-0725,CyberPark Elghazala,,December 22 2025,2026-01-29,2026-02-01,paid,557100.0,19%,105849.0,662949.0,tnd,,,21/01/2026,0.0,,19.0,2025-12-30,33,False,
INV-001926,JBM-2025-0726,La Poste Tunisienne,,22/09/2025,2025-09-17,,pending,177200.0,19 %,33668.0,210868.0,TND,especes,Facture 1/3 - Projet migration cloud STEG. Tranche initiale 30%.,2026-02-19,0.0,,19.0,2025-08-18,,True,226
INV-001927,JBM-2025-0727,Pharmacie-Al-Amal,,2025-04-06,2025-05-24,,paid,591400.0,19,112366.0,703766.0,DT,,Retenue de garantie 10% - Liberation apres recette definitive.,2025/12/02,0.0,,19.0,2025-04-24,,False,
INV-001928,JBM-2025-0728,STE Bouzid Consulting,,2025-12-21,2026-02-16,,pending,509500.0,0.19,96805.0,606305.0,tnd,,Retenue de garantie 10% - Liberation apres recette definitive.,January 20 2026,0.0,,0.19,2026-01-17,,True,74
INV-001929,JBM-2025-0729,BNA Bank,DEAL-004304,25-Mar-25,2025-11-05,2025-05-05,paid,375100.0,19,71269.0,446369.0,,,Facture 1/3 - Projet migration cloud STEG. Tranche initiale 30%.,March 20 2026,0.0,,19.0,2025-10-06,-154,False,
INV-001930,JBM-2025-0730,Groupe Hamdi Digital,DEAL-005342,24-May-25,2025-07-17,2025-07-14,paid,177200.0,19,33668.0,210868.0,DT,,,September 21 2025,0.0,,19.0,2025-06-17,27,False,
INV-001931,JBM-2025-0731,STE Ben Salah Consulting,DEAL-006213,2025-12-01,2026-12-01,2026-01-23,paid,314700.0,0,59793.0,374493.0,,,Avoir suite annulation partielle du projet.,2025-12-31,0.0,,0.0,2026-11-01,-282,False,
INV-001932,JBM-2025-0732,STE-Laabidi-Consulting,DEAL-000017,21-Nov-25,2025-12-21,,pending,146200.0,19%,27778.0,173978.0,,,Retenue de garantie 10% - Liberation apres recette definitive.,January 20 2026,0.0,,19.0,2025-11-21,,True,131
INV-001933,JBM-2025-0733,Banque de Tunisie,DEAL-005367,31/10/2025,2025-12-17,2025-05-12,paid,97000.0,19,18430.0,115430.0,TND,,Contrat cadre 2025. Facture trimestrielle T2.,November 30 2025,0.0,,19.0,2025-11-17,-189,False,
INV-001934,JBM-2025-0734,UIB,DEAL-006531,2025/04/10,2025-05-22,2025-05-23,paid,171800.0,19%,32642.0,204442.0,TND,,Regularisation facture N-1. Avoir emis en contrepartie.,2025-11-06,0.0,,19.0,2025-04-22,31,False,
INV-001935,JBM-2025-0735,Bureaou d'Etudes Bouzid,,30/06/2025,2025-08-11,,pending,470700.0,19,89433.0,560133.0,TND,,Avoir suite annulation partielle du projet.,27-Dec-25,0.0,,19.0,2025-07-12,,True,263
INV-001936,JBM-2025-0736,Centre-Medical-Bouzid,DEAL-001293,2025-11-13,2025-12-26,,pending,291700.0,19%,55423.0,347123.0,EUR,,Facture 1/3 - Projet migration cloud STEG. Tranche initiale 30%.,2025/12/13,0.0,,19.0,2025-11-26,,True,126
INV-001937,JBM-2025-0737,La Poste Tunisienne,DEAL-007484,2025-01-29,2025-03-17,2025-07-03,paid,423200.0,19,80408.0,503608.0,,Cash,Facture solde - Developpement plateforme BI. Livraison finale acceptee.,2025/03/07,503608.0,0,19.0,2025-02-15,138,False,
INV-001938,JBM-2025-0738,Cafe Carthage,DEAL-006229,2025-04-18,2025-05-24,2025-04-07,paid,339700.0,15,64543.0,404243.0,DT,,Frais de deplacement inclus. Voir detail en annexe.,15/10/2025,0.0,,15.0,2025-04-24,-17,False,
INV-001939,JBM-2025-0739,Librairie Al Manar,,February 16 2025,2025-04-07,,pending,427600.0,19%,81244.0,508844.0,TND,,Invoice for Q2 maintenance contract. PO number: TT-2024-8821.,2025/03/18,0.0,,19.0,2025-03-08,,True,389
INV-001940,JBM-2025-0740,Pharmacie Al Amal,DEAL-007343,2025-03-30,2025-05-25,2025-06-09,paid,20000.0,19,3800.0,23800.0,tnd,,,2025-08-27,0.0,,19.0,2025-04-25,45,False,
INV-001941,JBM-2025-0741,Cafe Carthage,,28-Oct-25,2025-08-12,,pending,351600.0,0.19,66804.0,418404.0,DT,,,2025-12-08,0.0,,0.19,2025-07-13,,True,262
INV-001942,JBM-2025-0742,Societe Haddad Import Export,,2025-12-25,2026-01-29,2026-08-03,paid,498900.0,19 %,94791.0,593691.0,TND,Check,,23/02/2026,0.0,,19.0,2025-12-30,216,False,
INV-001943,JBM-2025-0743,Orange Tunisie,DEAL-004672,20-Jul-25,2025-09-05,2025-08-19,paid,298200.0,0.19,56658.0,354858.0,EUR,,Facture 1/3 - Projet migration cloud STEG. Tranche initiale 30%.,2025/08/19,0.0,,0.19,2025-08-06,13,False,
INV-001944,JBM-2025-0744,STE Ben Romdhane Consulting,DEAL-000524,July 06 2025,2025-08-16,2025-02-09,paid,,19,,,TND,Virement bancaire,Facture 1/3 - Projet migration cloud STEG. Tranche initiale 30%.,2025/09/02,233002.0,0,19.0,2025-07-17,-158,False,
INV-001945,JBM-2025-0745,UIB,DEAL-007972,16-Mar-25,2025-05-01,2025-04-17,paid,226200.0,0.19,42978.0,269178.0,EUR,,Retenue de garantie 10% - Liberation apres recette definitive.,12-Oct-25,0.0,,0.19,2025-04-01,16,False,
INV-001946,JBM-2025-0746,Entreprise Belhadj,DEAL-001073,April 28 2025,2025-06-23,2025-06-26,paid,108900.0,0,20691.0,129591.0,TND,especes,Acompte 50% - Contrat annuel support applicatif.,2025/05/28,0.0,,0.0,2025-05-24,33,False,
INV-001947,JBM-2025-0747,STE Mejri Informatique,,06-Dec-25,2026-01-15,,paid,490500.0,19,93195.0,583695.0,DT,Cheque,Avoir suite annulation partielle du projet.,2026-01-08,197276.75,386418.25,19.0,2025-12-16,,False,
INV-001948,JBM-2025-0748,Poulina Group,DEAL-000523,26-Jun-25,2025-08-17,2025-07-29,paid,72000.0,0.19,13680.0,85680.0,EUR,,,2026-03-23,0.0,,0.19,2025-07-18,11,False,
INV-001949,JBM-2025-0749,STE Oueslati & Fils,DEAL-006095,2025-03-02,2025-04-28,2025-04-27,paid,176400.0,0.19,33516.0,209916.0,TND,,,31/05/2025,0.0,,0.19,2025-03-29,29,False,
INV-001950,JBM-2025-0750,Bureau d'Etudes Bouzid,DEAL-000873,2025/10/27,2025-12-03,2025-12-26,paid,300900.0,0,57171.0,358071.0,DT,,,28/11/2025,0.0,,0.0,2025-11-03,53,False,
INV-001951,JBM-2025-0751,Centre de Formation Avenir,DEAL-001618,20/12/2025,2026-01-23,,pending,338436.0,0,64302.84,402738.84,DT,,Facture mensuelle maintenance.,22-Dec-25,0.0,,0.0,2025-12-24,,True,98
INV-001952,JBM-2025-0752,Centre de Formation Avenir,,01/04/2025,2025-05-17,,pending,91600.0,15,17404.0,109004.0,TND,,Facture mensuelle maintenance.,2025/06/30,0.0,,15.0,2025-04-17,,True,349
INV-001953,JBM-2025-0753,Imprimerie El Ittihad,,02-Dec-25,2026-01-06,2026-02-23,paid,115000.0,19,21850.0,136850.0,DT,,Contrat cadre 2025. Facture trimestrielle T2.,03/12/2025,0.0,,19.0,2025-12-07,78,False,
INV-001955,JBM-2025-0755,CNSS,DEAL-007708,27/10/2025,2025-12-03,2025-07-12,paid,453200.0,19%,86108.0,539308.0,TND,Bank Transfer,,2025/11/22,175985.08,363322.92,19.0,2025-11-03,-114,False,
INV-001957,JBM-2025-0757,STE HAMDI CONSULTING,DEAL-007726,16-Apr-25,2025-05-29,2025-06-08,paid,585900.0,19 %,111321.0,697221.0,EUR,,Avoir suite annulation partielle du projet.,15/06/2025,0.0,,19.0,2025-04-29,40,False,
INV-001958,JBM-2025-0758,STE Ben Salah & Fils,DEAL-003712,2025/11/29,2026-01-24,2026-01-19,paid,175900.0,19,33421.0,209321.0,TND,,Acompte 50% - Contrat annuel support applicatif.,2026-01-28,0.0,,19.0,2025-12-25,25,False,
INV-001959,JBM-2025-0759,Bureau d'Etudes Oueslati,,2025-11-14,2026-04-01,2026-10-01,paid,597800.0,19 %,113582.0,711382.0,TND,,Regularisation facture N-1. Avoir emis en contrepartie.,12/02/2026,0.0,,19.0,2026-03-02,213,False,
INV-001960,JBM-2025-0760,Entreprise Hamouda,DEAL-000800,2025-09-01,2025-10-27,2025-10-21,paid,169600.0,19%,32224.0,201824.0,DT,Virement bancaire,,October 31 2025,0.0,,19.0,2025-09-27,24,False,
INV-001961,JBM-2025-0761,Bureau d'Etudes Bouzid,DEAL-004786,2025/10/19,2025-12-18,2025-12-11,paid,329000.0,0.19,62510.0,391510.0,DT,,Facture mensuelle maintenance.,18/12/2025,0.0,,0.19,2025-11-18,23,False,
INV-001962,JBM-2025-0762,Fleuriste Au Jasmin SARL,,02/08/2025,2025-09-30,,pending,326400.0,19,62016.0,388416.0,EUR,,Regularisation facture N-1. Avoir emis en contrepartie.,January 29 2026,0.0,,19.0,2025-08-31,,True,213
INV-001963,JBM-2025-0763,Bureau d'Etudes Laabidi,,20-Nov-25,2025-12-23,2026-12-01,paid,268100.0,0.19,50939.0,319039.0,EUR,Check,Facture solde - Developpement plateforme BI. Livraison finale acceptee.,12/01/2026,165193.61,0,0.19,2025-11-23,373,False,
INV-001964,JBM-2025-0764,Entreprise Belhadj,DEAL-002931,2025-10-31,2025-12-22,2025-12-29,paid,327100.0,19,62149.0,389249.0,DT,,Acompte 50% - Contrat annuel support applicatif.,28/02/2026,0.0,,19.0,2025-11-22,37,False,
INV-001965,JBM-2025-0765,Cafe Carthage,DEAL-004659,25-Oct-25,2025-12-21,,pending,146300.0,19,27797.0,174097.0,EUR,,Facture 1/3 - Projet migration cloud STEG. Tranche initiale 30%.,2025-11-24,0.0,,19.0,2025-11-21,,True,131
INV-001966,JBM-2025-0766,Groupe Zouari Digital,,2025/10/13,2025-11-18,2025-12-12,paid,54800.0,19,10412.0,65212.0,TND,,Facture mensuelle maintenance.,12/12/2025,0.0,,19.0,2025-10-19,54,False,
INV-001967,JBM-2025-0767,CNSS,DEAL-004470,25-Mar-25,2025-04-26,,pending,295500.0,19,56145.0,351645.0,TND,,Contrat cadre 2025. Facture trimestrielle T2.,2025-07-23,0.0,,19.0,2025-03-27,,True,370
INV-001968,JBM-2025-0768,Orange Tunisie,DEAL-001256,2025/03/29,2025-05-24,2025-05-06,paid,386300.0,19,73397.0,459697.0,TND,,Acompte 50% - Contrat annuel support applicatif.,2025-06-27,0.0,,19.0,2025-04-24,12,False,
INV-001969,JBM-2025-0769,STE-Khalfallah-Consulting,DEAL-002458,19-Jul-25,2025-09-14,2025-09-16,paid,72200.0,19,13718.0,85918.0,tnd,Check,Avoir suite annulation partielle du projet.,22/07/2025,0.0,,19.0,2025-08-15,32,False,
INV-002133,JBM-2025-0770,STE Khalfallah Consulting,DEAL-004412,12/10/2025,2025-11-26,2025-11-27,paid,195300.0,19,37107.0,232407.0,DT,,Facture mensuelle maintenance.,11-Dec-25,0.0,,19.0,2025-10-27,31,False,
INV-001971,JBM-2025-0771,GlobalNet,DEAL-006504,2025/05/08,2025-07-07,2025-06-16,paid,567200.0,19,107768.0,674968.0,TND,,,September 05 2025,0.0,,19.0,2025-06-07,9,False,
INV-001973,JBM-2025-0773,BNA Bank,,23-Dec-25,2026-01-25,2026-01-27,cancelled,149200.0,19%,28348.0,177548.0,DT,Cash,Invoice for Q2 maintenance contract. PO number: TT-2024-8821.,2026/01/27,122286.56,0,19.0,2025-12-26,,False,
INV-001974,JBM-2025-0774,Groupe Hamdi Digital,,2025-07-21,2025-08-26,,pending,283100.0,19,53789.0,336889.0,EUR,,,August 20 2025,0.0,,19.0,2025-07-27,,True,248
INV-001975,JBM-2025-0775,BIAT,DEAL-000439,July 14 2025,2025-09-04,,pending,483900.0,19,91941.0,575841.0,TND,,Acompte 50% - Contrat annuel support applicatif.,October 12 2025,0.0,,19.0,2025-08-05,,True,239
INV-001976,JBM-2025-0776,Agence Immobiliere Sfax Centre,DEAL-003528,2025-03-06,2025-04-21,,cancelled,239000.0,,45410.0,284410.0,DT,Bank Transfer,,16-Mar-25,0.0,,,2025-03-22,,False,
INV-001978,JBM-2025-0778,STE Khalfallah Consulting,,06-Apr-25,2025-11-05,2025-05-06,paid,399600.0,19,75924.0,475524.0,EUR,,Avoir suite annulation partielle du projet.,2025/04/08,0.0,,19.0,2025-10-06,-153,False,
INV-001979,JBM-2025-0779,CyberPark Elghazala,DEAL-005295,2025/06/24,2025-07-31,2025-08-07,paid,293800.0,19,55822.0,349622.0,TND,,Frais de deplacement inclus. Voir detail en annexe.,June 24 2025,0.0,,19.0,2025-07-01,37,False,
INV-001980,JBM-2025-0780,STE Khalfallah Consulting,DEAL-002527,November 02 2025,2025-12-23,2025-12-17,paid,,0.19,,,tnd,,Invoice for cybersecurity audit - Phase 1 completed.,2025/11/02,0.0,,0.19,2025-11-23,24,False,
INV-001981,JBM-2025-0781,STE Belhadj Consulting,DEAL-005970,23/02/2025,2025-02-10,2025-09-04,paid,132200.0,19,25118.0,157318.0,TND,,Acompte 50% - Contrat annuel support applicatif.,24-Feb-25,0.0,,19.0,2025-01-11,236,False,
INV-001982,JBM-2025-0782,Studio Photo Memories,,March 07 2025,2025-04-08,,paid,171400.0,,32566.0,203966.0,EUR,,Avoir suite annulation partielle du projet.,05/07/2025,0.0,,,2025-03-09,,False,
INV-001983,JBM-2025-0783,Tunisair,DEAL-003477,2025-01-15,2025-03-12,,paid,553100.0,19,105089.0,658189.0,TND,,Facture 1/3 - Projet migration cloud STEG. Tranche initiale 30%.,14/02/2025,0.0,,19.0,2025-02-10,,False,
INV-001984,JBM-2025-0784,La Poste Tunisienne,DEAL-006329,01/03/2025,2025-04-09,,paid,529800.0,19,100662.0,630462.0,tnd,,Frais de deplacement inclus. Voir detail en annexe.,29/07/2025,0.0,,19.0,2025-03-10,,False,
INV-001985,JBM-2025-0785,STE Oueslati & Fils,DEAL-006545,2025-05-17,2025-06-18,2025-08-07,paid,441500.0,0.19,83885.0,525385.0,TND,,,15/08/2025,0.0,,0.19,2025-05-19,80,False,
INV-001986,JBM-2025-0786,STE Gharbi Consulting SARL,DEAL-002275,18-Jul-25,2025-08-17,2025-09-04,paid,558705.0,19,106153.95,664858.95,TND,,,12/08/2025,0.0,,19.0,2025-07-18,48,False,
INV-001987,JBM-2025-0787,STE Oueslati & Fils,DEAL-001175,May 10 2025,2025-10-06,2025-07-09,paid,163800.0,19 %,31122.0,194922.0,TND,,Regularisation facture N-1. Avoir emis en contrepartie.,2025/10/07,0.0,,19.0,2025-09-06,-59,False,
INV-001988,JBM-2025-0788,Centre de Formation Avenir,DEAL-003024,January 06 2025,2025-02-24,2025-03-15,paid,524300.0,19,99617.0,623917.0,TND,,Regularisation facture N-1. Avoir emis en contrepartie.,January 06 2025,0.0,,19.0,2025-01-25,49,False,
INV-001989,JBM-2025-0789,Groupe Bouzid Digital,,2025/11/01,2025-12-21,2025-12-30,paid,78300.0,19,14877.0,93177.0,TND,,Frais de deplacement inclus. Voir detail en annexe.,2025-12-31,0.0,,19.0,2025-11-21,39,False,
INV-001990,JBM-2025-0790,Groupe Zouari Digietal,DEAL-002636,02/08/2025,2025-09-16,,pending,385900.0,19 %,73321.0,459221.0,,,Facture mensuelle maintenance.,2025-08-03,0.0,,19.0,2025-08-17,,True,227
INV-001991,JBM-2025-0791,Cabinet Agrebi Conseil,DEAL-005323,October 02 2025,2025-11-27,2025-11-20,paid,289300.0,19,54967.0,344267.0,tnd,,Retenue de garantie 10% - Liberation apres recette definitive.,31-Dec-25,0.0,,19.0,2025-10-28,23,False,
INV-001992,JBM-2025-0792,STE Gharbi Consulting,DEAL-005362,2025-09-25,2025-11-11,,pending,270900.0,19 %,51471.0,322371.0,TND,,Facture 1/3 - Projet migration cloud STEG. Tranche initiale 30%.,2026-01-23,0.0,,19.0,2025-10-12,,True,171
INV-001993,JBM-2025-0793,Cabinet Agrebi Conseil,,13-Sep-25,2025-10-25,,pending,560600.0,19,106514.0,667114.0,EUR,,,12/12/2025,0.0,,19.0,2025-09-25,,True,188
INV-002332,JBM-2025-0794,Groupe Hamdi Digital,,29-Jan-26,2026-01-03,2026-03-19,paid,118100.0,19,22439.0,140539.0,EUR,,Contrat cadre 2025. Facture trimestrielle T2.,2026/01/29,0.0,,19.0,2025-12-04,105,False,
INV-001996,JBM-2025-0796,STE Khalfallah & Fils,DEAL-004164,09-Apr-25,2025-05-29,2025-04-06,paid,194400.0,0.19,36936.0,231336.0,tnd,,,03/02/2026,0.0,,0.19,2025-04-29,-23,False,
INV-001998,JBM-2025-0798,Cabinet Comptable Slim,,October 31 2025,2025-12-17,,cancelled,270500.0,19,51395.0,321895.0,TND,Virement bancaire,Retenue de garantie 10% - Liberation apres recette definitive.,15/11/2025,0.0,,19.0,2025-11-17,,False,
INV-001999,JBM-2025-0799,Entreprise-Hamouda,DEAL-001160,,2025-09-03,,paid,295700.0,19,56183.0,351883.0,EUR,Bank Transfer,Frais de deplacement inclus. Voir detail en annexe.,2025/07/09,0.0,,19.0,2025-08-04,,False,
INV-002000,JBM-2025-0800,Delice-Danone,DEAL-000786,May 18 2025,2025-07-17,2025-06-18,paid,78800.0,0.19,14972.0,93772.0,tnd,,Acompte 50% - Contrat annuel support applicatif.,13-Jan-26,0.0,,0.19,2025-06-17,1,False,
INV-002001,JBM-2025-0801,STE Ben Salah Consulting,DEAL-006520,July 31 2025,2025-09-04,2025-09-16,paid,501800.0,0.19,95342.0,597142.0,TND,,Contrat cadre 2025. Facture trimestrielle T2.,29-Sep-25,0.0,,0.19,2025-08-05,42,False,
INV-002002,JBM-2025-0802,Ministere des Finances,DEAL-003122,22/04/2025,2025-06-15,2025-06-01,paid,287000.0,19%,54530.0,341530.0,TND,,Avoir suite annulation partielle du projet.,2025/05/22,0.0,,19.0,2025-05-16,16,False,
INV-002003,JBM-2025-0803,CNAM,DEAL-003749,2025-06-05,2025-07-21,2025-05-07,paid,280500.0,19,53295.0,333795.0,tnd,,Retenue de garantie 10% - Liberation apres recette definitive.,January 01 2026,0.0,,19.0,2025-06-21,-45,False,
INV-002004,JBM-2025-0804,Bureau d'Etudes Laabidi,DEAL-007460,07/04/2025,2025-05-31,2025-05-28,paid,387800.0,19 %,73682.0,461482.0,TND,Cash,Invoice for cybersecurity audit - Phase 1 completed.,2025-05-28,461482.0,0,19.0,2025-05-01,27,False,
INV-002005,JBM-2025-0805,G.Agrebi Technologies,DEAL-000728,February 13 2025,2025-06-04,2025-04-06,paid,472500.0,19,89775.0,562275.0,TND,Check,Acompte 50% - Contrat annuel support applicatif.,15-Mar-25,0.0,,19.0,2025-05-05,-29,False,
INV-002006,JBM-2025-0806,STEG,,14-Aug-25,2025-10-08,2025-09-18,paid,383900.0,19,72941.0,456841.0,tnd,,Facture mensuelle maintenance.,2025-09-13,0.0,,19.0,2025-09-08,10,False,
INV-002007,JBM-2025-0807,Centre Medical Bouzid,DEAL-006063,March 02 2025,2025-04-16,,pending,514800.0,19 %,97812.0,612612.0,TND,,Retenue de garantie 10% - Liberation apres recette definitive.,29-Aug-25,0.0,,19.0,2025-03-17,,True,380
INV-002008,JBM-2025-0808,Tunisair,DEAL-004306,09-Oct-25,2025-11-21,2025-11-16,paid,520600.0,19%,98914.0,619514.0,TND,check,,November 16 2025,619514.0,0,19.0,2025-10-22,25,False,
INV-002009,JBM-2025-0809,STE Gharbi Consulting,DEAL-004384,2025-11-08,2025-12-29,2026-01-07,paid,137300.0,19,26087.0,163387.0,TND,,Facture mensuelle maintenance.,07/01/2026,0.0,,19.0,2025-11-29,39,False,
INV-002010,JBM-2025-0810,Hexabyte,DEAL-001946,30-Aug-25,2025-10-09,2025-09-10,paid,508200.0,15,96558.0,604758.0,TND,,Frais de deplacement inclus. Voir detail en annexe.,December 28 2025,0.0,,15.0,2025-09-09,1,False,
INV-002011,JBM-2025-0811,STE Khalfallah & Fils,,2025-10-16,2025-02-12,,cancelled,374300.0,19,71117.0,445417.0,tnd,,Acompte 50% - Contrat annuel support applicatif.,2025-10-26,0.0,,19.0,2025-01-13,,False,
INV-002012,JBM-2025-0812,STE Oueslati & Fils,DEAL-003835,2025-10-26,2025-12-24,2025-12-14,paid,321500.0,19 %,61085.0,382585.0,TND,,,23-Feb-26,0.0,,19.0,2025-11-24,20,False,
INV-002013,JBM-2025-0813,Groupe Hamdi Digital,DEAL-000771,January 16 2025,2025-02-21,,cancelled,505900.0,19,96121.0,602021.0,EUR,,,2025/01/16,0.0,,19.0,2025-01-22,,False,
INV-002014,JBM-2025-0814,Bijouterie Sfaxienne,DEAL-005955,June 01 2025,2025-07-02,2025-08-08,paid,93200.0,19,17708.0,110908.0,tnd,,,2025-08-30,0.0,,19.0,2025-06-02,67,False,
INV-002015,JBM-2025-0815,GlobalNet,DEAL-006805,31/01/2025,2025-03-26,2025-03-10,paid,527000.0,0.19,100130.0,627130.0,TND,,,02/03/2025,0.0,,0.19,2025-02-24,14,False,
INV-002016,JBM-2025-0816,Attijari Bank,,2025-11-27,2026-01-25,2026-04-01,paid,224700.0,19 %,42693.0,267393.0,EUR,,Contrat cadre 2025. Facture trimestrielle T2.,27/03/2026,0.0,,19.0,2025-12-26,96,False,
INV-002017,JBM-2025-0817,STE Khalfallah Consulting,DEAL-006513,May 31 2025,2025-07-26,2025-07-26,paid,481500.0,0.19,91485.0,572985.0,DT,,Invoice for cybersecurity audit - Phase 1 completed.,31-May-25,0.0,,0.19,2025-06-26,30,False,
INV-002018,JBM-2025-0818,Entreprise Sghaier,,09/06/2025,2025-08-01,,pending,170900.0,19 %,32471.0,203371.0,DT,,,08-Aug-25,0.0,,19.0,2025-07-02,,True,273
INV-002019,JBM-2025-0819,Studio Photo Memories,DEAL-006752,19-Nov-25,2026-08-01,,pending,97500.0,19,18525.0,116025.0,DT,,Contrat cadre 2025. Facture trimestrielle T2.,2025/11/19,0.0,,19.0,2026-07-02,,False,-92
INV-002020,JBM-2025-0820,ENTREPRISE HAMOUDA,,09/07/2025,2025-08-20,2025-08-29,paid,138000.0,0,26220.0,164220.0,TND,,Facture mensuelle maintenance.,10-Jul-25,0.0,,0.0,2025-07-21,39,False,
INV-002021,JBM-2025-0821,Ent@reprise Haddad,,2025-06-29,2025-08-23,2025-08-13,paid,341500.0,0.19,64885.0,406385.0,TND,,,30-Jun-25,0.0,,0.19,2025-07-24,20,False,
INV-002022,JBM-2025-0822,Bureau d'Etudes Oueslati,DEAL-003692,2025/05/23,2025-07-18,2025-07-08,paid,465400.0,19 %,88426.0,553826.0,DT,,Avoir suite annulation partielle du projet.,22-Jul-25,0.0,,19.0,2025-06-18,20,False,
INV-002023,JBM-2025-0823,Ooredoo Tunisie,DEAL-005194,2025/10/29,2025-12-01,2025-11-28,paid,216500.0,19,41135.0,257635.0,TND,,Acompte 50% - Contrat annuel support applicatif.,2025/10/29,0.0,,19.0,2025-11-01,27,False,
INV-002024,JBM-2025-0824,Pharmacie Al Amal,DEAL-003001,02/11/2025,2025-12-16,2026-01-16,paid,539200.0,19,102448.0,641648.0,tnd,,,02/11/2025,0.0,,19.0,2025-11-16,61,False,
INV-002025,JBM-2025-0825,Fleuriste Au Jasmin,DEAL-005489,2025-03-17,2025-04-18,2025-05-21,paid,171900.0,0.19,32661.0,204561.0,EUR,,Facture 1/3 - Projet migration cloud STEG. Tranche initiale 30%.,2025-07-15,0.0,,0.19,2025-03-19,63,False,
INV-002026,JBM-2025-0826,Boulangerie Chez Faouzi,DEAL-007120,2025/12/13,2026-02-06,2026-03-13,paid,61200.0,0.19,11628.0,72828.0,DT,,Contrat cadre 2025. Facture trimestrielle T2.,2026/03/13,0.0,,0.19,2026-01-07,65,False,
INV-002027,JBM-2025-0827,STEG,DEAL-006564,May 27 2025,2025-07-17,2025-07-06,paid,277100.0,19,52649.0,329749.0,DT,,Retenue de garantie 10% - Liberation apres recette definitive.,23/12/2025,0.0,,19.0,2025-06-17,19,False,
INV-002028,JBM-2025-0828,STE Ben Salah & Fils,DEAL-002981,15-Nov-25,2026-01-06,2026-01-06,paid,530600.0,19%,100814.0,631414.0,TND,,Avoir suite annulation partielle du projet.,February 13 2026,0.0,,19.0,2025-12-07,30,False,
INV-002029,JBM-2025-0829,BNA Bank,DEAL-002678,July 22 2025,2025-09-01,,pending,56800.0,0.19,10792.0,67592.0,DT,,Retenue de garantie 10% - Liberation apres recette definitive.,July 22 2025,0.0,,0.19,2025-08-02,,True,242
INV-002030,JBM-2025-0830,Groupe-Zouari-Digital,DEAL-005719,May 27 2025,2025-07-15,2025-07-24,paid,513000.0,,97470.0,610470.0,,cheque,,24-Jul-25,610470.0,0,,2025-06-15,39,False,
INV-002031,JBM-2025-0831,Cabinet Comptable Slim,DEAL-007764,2025-12-06,2026-01-12,2026-02-23,paid,71400.0,19,13566.0,84966.0,TND,cash,Contrat cadre 2025. Facture trimestrielle T2.,23/02/2026,84966.0,0,19.0,2025-12-13,72,False,
INV-002032,JBM-2025-0832,Groupe Bouzid Digital,,2025/09/05,2025-10-19,,cancelled,423500.0,19,80465.0,503965.0,DT,,Invoice for cybersecurity audit - Phase 1 completed.,2025-09-05,0.0,,19.0,2025-09-19,,False,
INV-002033,JBM-2025-0833,STE Jlassi Consulting,DEAL-000053,16/10/2025,2025-12-06,2025-12-04,paid,124500.0,19 %,23655.0,148155.0,TND,,Contrat cadre 2025. Facture trimestrielle T2.,2025-10-19,0.0,,19.0,2025-11-06,28,False,
INV-002034,JBM-2025-0834,Bureau d'Etudes Oueslati,DEAL-003709,2025/10/20,2025-12-15,2025-12-07,paid,291100.0,19,55309.0,346409.0,TND,,Retenue de garantie 10% - Liberation apres recette definitive.,17-Feb-26,0.0,,19.0,2025-11-15,22,False,
INV-002035,JBM-2025-0835,Boulangerie Chez Faouzi,DEAL-003116,2025-09-25,2025-10-26,2025-12-05,cancelled,556300.0,19,105697.0,661997.0,tnd,,Facture 1/3 - Projet migration cloud STEG. Tranche initiale 30%.,2025/09/25,0.0,,19.0,2025-09-26,,False,
INV-002036,JBM-2025-0836,Bureau d'Etudes Gharbi,,2025-10-06,2025-11-06,2025-11-30,paid,558500.0,19%,106115.0,664615.0,EUR,,Regularisation facture N-1. Avoir emis en contrepartie.,March 05 2026,0.0,,19.0,2025-10-07,54,False,
INV-002037,JBM-2025-0837,STE Ben Romdhane Consulting,DEAL-001550,2025/04/30,2025-01-06,2025-06-18,paid,477000.0,19,90630.0,567630.0,TND,,,2025-10-27,0.0,,19.0,2024-12-07,193,False,
INV-002038,JBM-2025-0838,Bijouterie Sfaxienne,,November 01 2025,2025-12-19,2026-01-21,paid,480900.0,19,91371.0,572271.0,TND,bank transfer,Acompte 50% - Contrat annuel support applicatif.,24-Nov-25,335097.58,237173.42,19.0,2025-11-19,63,False,
INV-002039,JBM-2025-0839,Entreprise Hamouda,DEAL-002393,05-Jun-25,2025-05-07,,cancelled,583700.0,19 %,110903.0,694603.0,TND,,,June 15 2025,0.0,,19.0,2025-04-07,,False,
INV-002040,JBM-2025-0840,Bureau d'Etudes Bouzid,DEAL-006760,28-Jul-25,2025-09-18,,pending,64000.0,15,12160.0,76160.0,EUR,,,26-Oct-25,0.0,,15.0,2025-08-19,,True,225
INV-002041,JBM-2025-0841,Cabinet Comptable Slim,,2025/01/19,2025-02-23,2025-01-02,paid,384500.0,0,73055.0,457555.0,TND,,Invoice for Q2 maintenance contract. PO number: TT-2024-8821.,April 19 2025,0.0,,0.0,2025-01-24,-22,False,
INV-002042,JBM-2025-0842,STE Ben Salah & Fils,DEAL-005009,20-Apr-25,2025-06-04,2025-06-12,paid,46800.0,19,8892.0,55692.0,TND,,Frais de deplacement inclus. Voir detail en annexe.,2025-05-20,0.0,,19.0,2025-05-05,38,False,
INV-002043,JBM-2025-0843,UIB,DEAL-006528,2025-07-04,2025-08-10,2025-08-08,paid,440500.0,19,83695.0,524195.0,TND,Cash,Avoir suite annulation partielle du projet.,2025-07-05,0.0,,19.0,2025-07-11,28,False,
INV-002044,JBM-2025-0844,STE Khalfallah & Fils,,29-Aug-25,2025-09-10,2025-10-22,paid,202800.0,19,38532.0,241332.0,tnd,,Regularisation facture N-1. Avoir emis en contrepartie.,September 28 2025,0.0,,19.0,2025-08-11,72,False,
INV-002045,JBM-2025-0845,CNAM SA,,01/04/2025,2025-05-11,2025-05-11,paid,291400.0,19,55366.0,346766.0,DT,,Retenue de garantie 10% - Liberation apres recette definitive.,2025/11/27,0.0,,19.0,2025-04-11,30,False,
INV-002046,JBM-2025-0846,Orange Tunisie,DEAL-005525,30/05/2025,2025-07-23,2025-07-10,paid,555200.0,19,105488.0,660688.0,TND,,Retenue de garantie 10% - Liberation apres recette definitive.,2025-07-29,0.0,,19.0,2025-06-23,17,False,
INV-002047,JBM-2025-0847,Attijari Bank SARL,DEAL-001312,2025/02/24,2025-03-27,2025-04-06,paid,297200.0,,56468.0,353668.0,,Check,Facture 1/3 - Projet migration cloud STEG. Tranche initiale 30%.,April 06 2025,353668.0,0,,2025-02-25,40,False,
INV-002048,JBM-2025-0848,Centre de Formation Avenir,DEAL-001031,26/01/2025,2025-03-01,,cancelled,91800.0,0.19,17442.0,109242.0,TND,,Facture mensuelle maintenance.,05/02/2025,0.0,,0.19,2025-01-30,,False,
INV-002049,JBM-2025-0849,CyberPark Elghazala,DEAL-007474,2025-10-23,2025-11-30,2025-05-12,paid,230500.0,15,43795.0,274295.0,tnd,,Invoice for Q2 maintenance contract. PO number: TT-2024-8821.,22-Dec-25,0.0,,15.0,2025-10-31,-172,False,
INV-002050,JBM-2025-0850,Cabinet Turki Conseil,DEAL-003547,June 16 2025,2025-11-08,2025-08-15,paid,,19,,,tnd,Virement bancaire,Facture 1/3 - Projet migration cloud STEG. Tranche initiale 30%.,July 07 2025,160040.26,110922.74,19.0,2025-10-09,-55,False,
INV-002051,JBM-2025-0851,Garage Mecanique Toumi,,December 26 2025,2026-01-26,2026-03-14,paid,577100.0,19,109649.0,686749.0,EUR,,Frais de deplacement inclus. Voir detail en annexe.,December 27 2025,0.0,,19.0,2025-12-27,77,False,
INV-002052,JBM-2025-0852,Societe Haddad Import Export,DEAL-002144,2025-10-03,2025-11-12,2025-12-21,paid,107200.0,19 %,20368.0,127568.0,tnd,,Regularisation facture N-1. Avoir emis en contrepartie.,December 02 2025,0.0,,19.0,2025-10-13,69,False,
INV-002053,JBM-2025-0853,Centre de Formation Avenir,DEAL-007421,04/07/2025,2025-08-10,2025-09-27,paid,219100.0,0.19,41629.0,260729.0,TND,,Facture 1/3 - Projet migration cloud STEG. Tranche initiale 30%.,01-Mar-26,0.0,,0.19,2025-07-11,78,False,
INV-002054,JBM-2025-0854,STE Ben Salah & Fils,DEAL-000855,30/04/2025,2025-06-14,2025-06-14,paid,500600.0,19,95114.0,595714.0,DT,,,2025-06-09,0.0,,19.0,2025-05-15,30,False,
INV-002055,JBM-2025-0855,Banque de Tunisie,,2025/08/17,2025-09-22,2025-09-18,paid,547000.0,19 %,103930.0,650930.0,DT,,Acompte 50% - Contrat annuel support applicatif.,August 17 2025,0.0,,19.0,2025-08-23,26,False,
INV-002056,JBM-2025-0856,Bureau d'Etudes Ben Salah,DEAL-002437,18/05/2025,2025-08-07,2025-03-07,paid,123400.0,19,23446.0,146846.0,TND,,,16-Aug-25,0.0,,19.0,2025-07-08,-123,False,
INV-002057,JBM-2025-0857,HEXABYTE,,2025-05-01,2025-06-01,2025-06-11,paid,192800.0,0.19,36632.0,229432.0,TND,,Regularisation facture N-1. Avoir emis en contrepartie.,2025/05/27,0.0,,0.19,2025-05-02,40,False,
INV-002058,JBM-2025-0858,Tunisair,,February 19 2025,2025-03-30,2025-05-04,paid,540200.0,0.19,102638.0,642838.0,TND,,,May 20 2025,0.0,,0.19,2025-02-28,65,False,
INV-002059,JBM-2025-0859,Fleuriste Au Jasmin,DEAL-002662,07-Dec-25,2026-01-13,2026-02-28,paid,549200.0,19,104348.0,653548.0,TND,,Invoice for Q2 maintenance contract. PO number: TT-2024-8821.,2026/02/05,0.0,,19.0,2025-12-14,76,False,
INV-002061,JBM-2025-0861,Topnet,,May 26 2025,2025-06-26,2025-07-09,paid,118100.0,19,22439.0,140539.0,TND,,Acompte 50% - Contrat annuel support applicatif.,2025/06/25,0.0,,19.0,2025-05-27,43,False,
INV-002062,JBM-2025-0862,Bureau d'Etudes Gharbi,DEAL-003692,08/06/2025,2025-07-31,2025-07-26,paid,106400.0,19,20216.0,126616.0,TND,,Invoice for cybersecurity audit - Phase 1 completed.,February 03 2026,0.0,,19.0,2025-07-01,25,False,
INV-002063,JBM-2025-0863,Magasin Mabrouk Electronique,,September 17 2025,2025-10-29,2025-11-25,paid,83100.0,19,15789.0,98889.0,DT,,Invoice for Q2 maintenance contract. PO number: TT-2024-8821.,14-Feb-26,0.0,,19.0,2025-09-29,57,False,
INV-002064,JBM-2025-0864,Ecole Privee Ibn Khaldoun,DEAL-003470,2025-05-19,2025-01-07,,cancelled,142100.0,19,26999.0,169099.0,EUR,,Contrat cadre 2025. Facture trimestrielle T2.,2025-06-03,0.0,,19.0,2024-12-08,,False,
INV-002065,JBM-2025-0865,Groupe Hamouda Digital,DEAL-006096,June 05 2025,2025-07-10,2025-07-24,paid,590600.0,19,112214.0,702814.0,TND,Cheque,Frais de deplacement inclus. Voir detail en annexe.,June 06 2025,0.0,,19.0,2025-06-10,44,False,
INV-002066,JBM-2025-0866,Cabinet Rekik & Associes,,14-Feb-25,2025-04-07,2025-04-04,paid,426300.0,19,80997.0,507297.0,TND,,Facture solde - Developpement plateforme BI. Livraison finale acceptee.,August 13 2025,0.0,,19.0,2025-03-08,27,False,
INV-002067,JBM-2025-0867,Librairie Al Manar,DEAL-002330,2025/04/10,2025-05-17,2025-06-19,paid,263400.0,15,50046.0,313446.0,TND,,,19/06/2025,313446.0,0,15.0,2025-04-17,63,False,
INV-002068,JBM-2025-0868,Cafe Carthage,,2025-02-10,2025-03-13,2025-01-05,paid,574500.0,19%,109155.0,683655.0,EUR,Bank Transfer,Regularisation facture N-1. Avoir emis en contrepartie.,05/02/2026,0.0,,19.0,2025-02-11,-37,False,
INV-002069,JBM-2025-0869,Cabinet Agrebi Conseil,,October 03 2025,2025-11-30,2025-11-28,paid,322500.0,19,61275.0,383775.0,DT,,Invoice for cybersecurity audit - Phase 1 completed.,2025-11-02,0.0,,19.0,2025-10-31,28,False,
INV-002070,JBM-2025-0870,STE Khalfallah & Fils,,October 05 2025,2025-02-12,2025-11-21,paid,345400.0,19%,65626.0,411026.0,TND,,Facture solde - Developpement plateforme BI. Livraison finale acceptee.,03-Jan-26,0.0,,19.0,2025-01-13,312,False,
INV-002071,JBM-2025-0871,Entreprise Sghaier,DEAL-005319,,2025-01-12,2025-12-26,paid,485300.0,19,92207.0,577507.0,DT,especes,,February 25 2026,0.0,,19.0,2024-12-13,378,False,
INV-002072,JBM-2025-0872,Fleuriste Au Jasmin,DEAL-000099,2025/06/10,2025-07-29,2025-08-16,paid,211200.0,0.19,40128.0,251328.0,TND,,Retenue de garantie 10% - Liberation apres recette definitive.,2025-09-08,0.0,,0.19,2025-06-29,48,False,
INV-002073,JBM-2025-0873,Ministere des Finances,DEAL-000229,01-Dec-25,2026-01-02,2026-01-03,paid,386300.0,19,73397.0,459697.0,DT,Cheque,Acompte 50% - Contrat annuel support applicatif.,01/12/2025,0.0,,19.0,2025-12-03,31,False,
INV-002074,JBM-2025-0874,Groupe Bouzid Digital,DEAL-001798,March 03 2025,2025-04-23,,overdue,132700.0,19 %,25213.0,157913.0,TND,,Facture solde - Developpement plateforme BI. Livraison finale acceptee.,November 28 2025,0.0,,19.0,2025-03-24,,True,373
INV-002075,JBM-2025-0875,Ooredoo Tunisie,DEAL-000839,2025-11-30,2025-11-15,,paid,399007.0,19 %,75811.33,474818.33,TND,,,December 30 2025,0.0,,19.0,2025-10-16,,False,
INV-002076,JBM-2025-0876,Cafe Carthage,DEAL-002238,October 25 2025,2025-12-10,2026-01-16,paid,72800.0,19,13832.0,86632.0,EUR,,Facture 1/3 - Projet migration cloud STEG. Tranche initiale 30%.,2026-01-16,86632.0,0,19.0,2025-11-10,67,False,
INV-002077,JBM-2025-0877,C.Carthage,DEAL-000065,25-Mar-25,2025-05-20,2025-06-23,paid,472400.0,0.19,89756.0,562156.0,TND,virement,Retenue de garantie 10% - Liberation apres recette definitive.,23/06/2025,562156.0,0,0.19,2025-04-20,64,False,
INV-002078,JBM-2025-0878,BIAT,DEAL-000467,2025-01-22,2025-03-14,2025-07-03,paid,504200.0,19,95798.0,599998.0,DT,,Contrat cadre 2025. Facture trimestrielle T2.,February 16 2026,0.0,,19.0,2025-02-12,141,False,
INV-002079,JBM-2025-0879,Groupe Zouari Digital,DEAL-006585,20/05/2025,2025-06-26,2025-04-07,paid,327500.0,19,62225.0,389725.0,TND,,Acompte 50% - Contrat annuel support applicatif.,17-Sep-25,0.0,,19.0,2025-05-27,-50,False,
INV-002080,JBM-2025-0880,STE Mejri Informatique,DEAL-007154,2025/11/01,2025-12-20,2025-12-20,paid,461600.0,19,87704.0,549304.0,DT,,Acompte 50% - Contrat annuel support applicatif.,2026/03/01,0.0,,19.0,2025-11-20,30,False,
INV-002081,JBM-2025-0881,STE Ben Romdhane Consulting,,2025-03-14,2025-04-20,,pending,181000.0,19 %,34390.0,215390.0,DT,,Acompte 50% - Contrat annuel support applicatif.,12-Jul-25,0.0,,19.0,2025-03-21,,True,376
INV-002082,JBM-2025-0882,Bureau d'Etudes Laabidi,DEAL-006091,May 24 2025,2025-07-05,2025-07-16,paid,188300.0,19,35777.0,224077.0,TND,,Facture 1/3 - Projet migration cloud STEG. Tranche initiale 30%.,20/11/2025,0.0,,19.0,2025-06-05,41,False,
INV-002083,JBM-2025-0883,Bureau d'Etudes Ben Salah,DEAL-006794,2025/06/06,2025-07-20,,pending,542600.0,0.19,103094.0,645694.0,tnd,,Invoice for Q2 maintenance contract. PO number: TT-2024-8821.,09-Jun-25,0.0,,0.19,2025-06-20,,True,285
INV-002084,JBM-2025-0884,Bureau d'Etudes Bouzid,,2025/06/28,2025-08-24,2025-08-14,paid,325700.0,19,61883.0,387583.0,tnd,,Regularisation facture N-1. Avoir emis en contrepartie.,2026-01-24,0.0,,19.0,2025-07-25,20,False,
INV-002085,JBM-2025-0885,Salon Coiffure Elegance,,22-May-25,2025-07-11,2025-08-19,paid,405000.0,19,76950.0,481950.0,,,,18/03/2026,0.0,,19.0,2025-06-11,69,False,
INV-002086,JBM-2025-0886,STE Agrebi Solutions,DEAL-001186,25-Oct-25,2025-12-23,2025-12-19,paid,400078.0,19 %,76014.82,476092.82,tnd,,Invoice for Q2 maintenance contract. PO number: TT-2024-8821.,18/12/2025,0.0,,19.0,2025-11-23,26,False,
INV-002087,JBM-2025-0887,STE Ben Romdhane Consulting,,2025-09-03,2025-10-12,2025-10-21,paid,475600.0,0.19,90364.0,565964.0,TND,,,October 21 2025,249209.65,0,0.19,2025-09-12,39,False,
INV-002088,JBM-2025-0888,Imprimerie El Ittihad,DEAL-003092,2025/06/14,2025-07-26,,pending,491100.0,0.19,93309.0,584409.0,TND,,Regularisation facture N-1. Avoir emis en contrepartie.,February 09 2026,0.0,,0.19,2025-06-26,,True,279
INV-002089,JBM-2025-0889,Magasin Mabrouk Electronique,DEAL-006266,2025-09-23,2025-11-22,2025-11-29,paid,471200.0,19 %,89528.0,560728.0,,,Invoice for Q2 maintenance contract. PO number: TT-2024-8821.,20/02/2026,0.0,,19.0,2025-10-23,37,False,
INV-002090,JBM-2025-0890,Clinique Dentaire Dr Mrad,DEAL-006062,15/04/2025,2025-11-06,,pending,337127.0,19,64054.13,401181.13,TND,cheque,Facture mensuelle maintenance.,2025-12-11,0.0,,19.0,2025-10-07,,True,176
INV-002091,JBM-2025-0891,BIAT,,09-Mar-25,2025-05-07,2025-11-04,paid,559538.0,19,106312.22,665850.22,EUR,,Avoir suite annulation partielle du projet.,11/04/2025,470200.0,0,19.0,2025-04-07,211,False,
INV-002093,JBM-2025-0893,Bureau d'Etudes Bouzid,DEAL-002900,November 26 2025,2026-01-25,,paid,519000.0,19%,98610.0,617610.0,TND,,Acompte 50% - Contrat annuel support applicatif.,26/11/2025,0.0,,19.0,2025-12-26,,False,
INV-002094,JBM-2025-0894,Boulangerie Chez Faouzi,,2025-08-11,2025-09-25,,pending,195200.0,19,37088.0,232288.0,TND,cash,Retenue de garantie 10% - Liberation apres recette definitive.,2025-12-09,0.0,,19.0,2025-08-26,,True,218
INV-002095,JBM-2025-0895,G.Hamouda Digital,DEAL-003267,2025/12/22,2026-01-29,2026-02-05,paid,336800.0,19,63992.0,400792.0,TND,,Invoice for cybersecurity audit - Phase 1 completed.,2026-03-22,0.0,,19.0,2025-12-30,37,False,
INV-002096,JBM-2025-0896,Groupe Mansour Digital,DEAL-000465,10-Jul-25,2025-09-03,,cancelled,436600.0,19,82954.0,519554.0,TND,,Regularisation facture N-1. Avoir emis en contrepartie.,2025/07/20,0.0,,19.0,2025-08-04,,False,
INV-002097,JBM-2025-0897,Clinique Dentaire Dr Mrad,DEAL-002687,2025/07/16,2025-03-09,2025-07-08,paid,434000.0,19%,82460.0,516460.0,TND,,Regularisation facture N-1. Avoir emis en contrepartie.,2026-01-12,0.0,,19.0,2025-02-07,151,False,
INV-002098,JBM-2025-0898,Ministere des Finances,DEAL-007805,15-Dec-25,2026-01-26,2026-01-24,paid,195000.0,19,37050.0,232050.0,DT,Cheque,Frais de deplacement inclus. Voir detail en annexe.,2025/12/15,0.0,,19.0,2025-12-27,28,False,
INV-002099,JBM-2025-0899,Ooredoo Tunisie,,2025-06-18,2025-07-21,2025-06-04,paid,459600.0,19,87324.0,546924.0,DT,,Facture mensuelle maintenance.,15/03/2026,0.0,,19.0,2025-06-21,-17,False,
INV-002100,JBM-2025-0900,Magasin Mabrouk Electronique,,November 14 2025,2026-01-03,2026-01-28,paid,423200.0,19,80408.0,503608.0,TND,,,17/11/2025,0.0,,19.0,2025-12-04,55,False,
INV-002101,JBM-2025-0901,O.Tunisie,,22/12/2025,2026-02-08,2026-01-21,paid,433200.0,19%,82308.0,515508.0,tnd,,Facture mensuelle maintenance.,2026/01/21,0.0,,19.0,2026-01-09,12,False,
INV-002102,JBM-2025-0902,GROUPE KHALFALLAH DIGITAL,DEAL-003215,2025-06-02,2025-07-18,2025-05-26,paid,205800.0,19,39102.0,244902.0,TND,,,02/06/2025,0.0,,19.0,2025-06-18,-23,False,
INV-002103,JBM-2025-0903,Centre Medical Bouzid,DEAL-001962,16-Apr-25,2025-06-13,,pending,395700.0,19,75183.0,470883.0,TND,,Invoice for Q2 maintenance contract. PO number: TT-2024-8821.,15/07/2025,0.0,,19.0,2025-05-14,,True,322
INV-002105,JBM-2025-0905,Poulina Group,DEAL-001745,2025/03/07,2025-04-19,,cancelled,493500.0,19,93765.0,587265.0,TND,,Regularisation facture N-1. Avoir emis en contrepartie.,2025-03-22,0.0,,19.0,2025-03-20,,False,
INV-002106,JBM-2025-0906,Groupe Haddad Technologies,,04/05/2025,2025-05-06,2025-06-22,paid,223800.0,19,42522.0,266322.0,TND,,Acompte 50% - Contrat annuel support applicatif.,2025-05-05,0.0,,19.0,2025-04-06,77,False,
INV-002108,JBM-2025-0908,STE Khalfallah & Fils SA,DEAL-004938,2025-06-06,2025-07-31,2025-05-22,paid,389000.0,20,73910.0,462910.0,TND,,,09-Jun-25,0.0,,20.0,2025-07-01,-40,False,
INV-002109,JBM-2025-0909,STE Oueslati & Fils,DEAL-006656,2025-02-09,2025-03-18,2025-03-26,paid,478400.0,0.19,90896.0,569296.0,DT,cash,Facture solde - Developpement plateforme BI. Livraison finale acceptee.,June 09 2025,0.0,,0.19,2025-02-16,38,False,
INV-002110,JBM-2025-0910,Librairie Al Manar,DEAL-007095,05-Dec-25,2026-01-22,2026-02-08,paid,182800.0,0.19,34732.0,217532.0,EUR,,Facture mensuelle maintenance.,05-Dec-25,0.0,,0.19,2025-12-23,47,False,
INV-002111,JBM-2025-0911,Tunisair,DEAL-001175,July 01 2025,2025-08-19,2025-12-08,paid,203371.0,,38640.49,242011.49,TND,virement,,30/08/2025,0.0,,,2025-07-20,141,False,
INV-002113,JBM-2025-0913,STE Ben Salah & Fils,,12-Sep-25,2025-11-04,2025-07-11,paid,109300.0,19,20767.0,130067.0,TND,Especes,Avoir suite annulation partielle du projet.,07/11/2025,130067.0,0,19.0,2025-10-05,-86,False,
INV-002114,JBM-2025-0914,Groupe Mansour Diegital,DEAL-001141,18-Oct-25,2025-09-12,2025-12-16,paid,233500.0,19,44365.0,277865.0,TND,,Facture 1/3 - Projet migration cloud STEG. Tranche initiale 30%.,16/01/2026,0.0,,19.0,2025-08-13,125,False,
INV-002115,JBM-2025-0915,Salon Coiffure Elegance,,2025/11/19,2025-12-26,2026-07-02,paid,118600.0,,22534.0,141134.0,,,Facture solde - Developpement plateforme BI. Livraison finale acceptee.,November 20 2025,0.0,,,2025-11-26,218,False,
INV-002117,JBM-2025-0917,STE Jlassi Consulting,,2025-06-09,2025-07-18,,pending,492300.0,19,93537.0,585837.0,DT,,,05/01/2026,0.0,,19.0,2025-06-18,,True,287
INV-002119,JBM-2025-0919,Bijouterie Sfaxienne,DEAL-000262,2025/03/12,2025-02-27,,pending,91500.0,19%,17385.0,108885.0,TND,,Facture solde - Developpement plateforme BI. Livraison finale acceptee.,07/11/2025,0.0,,19.0,2025-01-28,,True,428
INV-002120,JBM-2025-0920,BNA Bank,DEAL-001269,2025/06/06,2025-07-23,2025-07-16,paid,337200.0,19,64068.0,401268.0,EUR,Especes,Invoice for Q2 maintenance contract. PO number: TT-2024-8821.,16-Jul-25,401268.0,0,19.0,2025-06-23,23,False,
INV-002121,JBM-2025-0921,Cafe Carthage,,10-Jan-25,2025-03-03,2025-03-19,paid,266200.0,19,50578.0,316778.0,TND,Especes,Facture 1/3 - Projet migration cloud STEG. Tranche initiale 30%.,12-Jan-25,0.0,,19.0,2025-02-01,46,False,
INV-002122,JBM-2025-0922,STE Jlassi Consulting,,30-Jun-25,2025-08-22,2025-08-26,paid,128800.0,19,24472.0,153272.0,TND,Cheque,Avoir suite annulation partielle du projet.,2025-06-30,0.0,,19.0,2025-07-23,34,False,
INV-002123,JBM-2025-0923,Entreprise Chaabane,,2025-03-08,2025-04-29,2025-04-26,paid,,15,,,tnd,virement,Retenue de garantie 10% - Liberation apres recette definitive.,08/03/2025,0.0,,15.0,2025-03-30,27,False,
INV-002124,JBM-2025-0924,Agence Immobiliere Sfax Centre,DEAL-003456,November 02 2025,2025-12-12,2026-01-31,paid,323700.0,,61503.0,385203.0,TND,,Frais de deplacement inclus. Voir detail en annexe.,02-Mar-26,0.0,,,2025-11-12,80,False,
INV-002125,JBM-2025-0925,Cabinet Comptable Slim,,24/05/2025,2025-07-19,2025-08-21,paid,92500.0,19,17575.0,110075.0,TND,,Facture 1/3 - Projet migration cloud STEG. Tranche initiale 30%.,2025-05-26,0.0,,19.0,2025-06-19,63,False,
INV-002126,JBM-2025-0926,Societe Haddad Import Export,DEAL-003572,2025/12/26,2026-02-17,2026-03-15,paid,159800.0,0.19,30362.0,190162.0,TND,,Frais de deplacement inclus. Voir detail en annexe.,January 25 2026,0.0,,0.19,2026-01-18,56,False,
INV-002127,JBM-2025-0927,HEXABYTE,DEAL-003885,19-Apr-25,2025-05-27,2025-05-30,paid,100700.0,0.19,19133.0,119833.0,TND,,Contrat cadre 2025. Facture trimestrielle T2.,14/01/2026,0.0,,0.19,2025-04-27,33,False,
INV-002128,JBM-2025-0928,Entreprise Belhadj,,May 05 2025,2025-06-06,2025-06-25,paid,329800.0,19,62662.0,392462.0,EUR,,Frais de deplacement inclus. Voir detail en annexe.,November 01 2025,0.0,,19.0,2025-05-07,49,False,
INV-002129,JBM-2025-0929,Delice Danone,DEAL-007884,14/01/2025,2025-03-06,2025-02-26,paid,531400.0,0.19,100966.0,632366.0,EUR,,Invoice for cybersecurity audit - Phase 1 completed.,2025/10/11,0.0,,0.19,2025-02-04,22,False,
INV-002130,JBM-2025-0930,Ecole Privee Ibn Khaldoun,DEAL-001631,2025/12/23,2025-12-11,2026-03-17,paid,192900.0,19%,36651.0,229551.0,TND,,Invoice for Q2 maintenance contract. PO number: TT-2024-8821.,2026-01-22,0.0,,19.0,2025-11-11,126,False,
INV-002131,JBM-2025-0931,UI@B,DEAL-007705,2025/02/14,2025-01-04,2025-03-23,paid,552700.0,0,105013.0,657713.0,,,,2025/04/15,0.0,,0.0,2024-12-05,108,False,
INV-002132,JBM-2025-0932,Entreprise Sghaier,DEAL-005369,12/05/2025,2025-03-07,,cancelled,90500.0,19,17195.0,107695.0,TND,,Facture solde - Developpement plateforme BI. Livraison finale acceptee.,2025/05/27,0.0,,19.0,2025-02-05,,False,
INV-002134,JBM-2025-0934,Centre Medical Bouzid,DEAL-001765,December 18 2025,2026-01-24,2026-02-23,paid,146800.0,0.19,27892.0,174692.0,TND,,Invoice for Q2 maintenance contract. PO number: TT-2024-8821.,December 19 2025,0.0,,0.19,2025-12-25,60,False,
INV-002135,JBM-2025-0935,Groupe Hamouda Digital,DEAL-007439,2025/12/19,2026-01-18,2026-10-02,paid,181900.0,19,34561.0,216461.0,TND,,,February 17 2026,0.0,,19.0,2025-12-19,287,False,
INV-002136,JBM-2025-0936,Librairie Al Manar,,September 19 2025,2025-10-31,,pending,468000.0,19,88920.0,556920.0,TND,,Facture mensuelle maintenance.,2025-12-18,0.0,,19.0,2025-10-01,,True,182
INV-002137,JBM-2025-0937,Groupe Hamouda Digital,DEAL-005831,21-Oct-25,2025-11-24,,pending,550800.0,19,104652.0,655452.0,TND,,Invoice for cybersecurity audit - Phase 1 completed.,2026-02-18,0.0,,19.0,2025-10-25,,True,158
INV-002138,JBM-2025-0938,Bureau d'Etudes Oueslati,DEAL-001471,24-Jun-25,2025-08-23,2025-08-08,paid,477100.0,19 %,90649.0,567749.0,DT,,Facture mensuelle maintenance.,24/06/2025,0.0,,19.0,2025-07-24,15,False,
INV-002139,JBM-2025-0939,Ministere des Finances,DEAL-000269,2025-07-11,2025-08-27,2025-08-15,paid,318800.0,,60572.0,379372.0,TND,,Frais de deplacement inclus. Voir detail en annexe.,July 11 2025,0.0,,,2025-07-28,18,False,
INV-002140,JBM-2025-0940,La Poste Tunisienne SUARL,,March 03 2025,2025-04-19,2025-04-09,paid,507800.0,19,96482.0,604282.0,TND,,Facture mensuelle maintenance.,2025/07/01,0.0,,19.0,2025-03-20,20,False,
INV-002141,JBM-2025-0941,STE Ben Salah & Fils,DEAL-003420,2025-11-04,2025-12-27,2026-03-01,paid,107300.0,19,20387.0,127687.0,TND,,Invoice for cybersecurity audit - Phase 1 completed.,02-Feb-26,0.0,,19.0,2025-11-27,94,False,
INV-002142,JBM-2025-0942,Tunisie Telecom,DEAL-006331,2025/04/05,2025-04-06,,pending,209400.0,19%,39786.0,249186.0,TND,,Avoir suite annulation partielle du projet.,04-Jul-25,0.0,,19.0,2025-03-07,,True,390
INV-002144,JBM-2025-0944,Tunisair,DEAL-006413,08-Oct-25,2025-11-30,2025-11-15,paid,590300.0,0.19,112157.0,702457.0,EUR,Cheque,Invoice for Q2 maintenance contract. PO number: TT-2024-8821.,2025/11/06,299530.43,402926.57,0.19,2025-10-31,15,False,
INV-002145,JBM-2025-0945,Banque de Tunisie SA,DEAL-005266,25/09/2025,2025-11-14,2025-11-02,paid,511300.0,19 %,97147.0,608447.0,TND,,Regularisation facture N-1. Avoir emis en contrepartie.,24/11/2025,0.0,,19.0,2025-10-15,18,False,
INV-002146,JBM-2025-0946,GlobalNet,DEAL-002869,June 10 2025,2025-09-08,2025-07-17,paid,595700.0,19,113183.0,708883.0,EUR,,Acompte 50% - Contrat annuel support applicatif.,10/07/2025,0.0,,19.0,2025-08-09,-23,False,
INV-002147,JBM-2025-0947,Groupe Haddad Technologies,DEAL-000081,2025-05-05,2025-06-27,2025-06-25,paid,68600.0,0.19,13034.0,81634.0,DT,,Retenue de garantie 10% - Liberation apres recette definitive.,01-Mar-26,0.0,,0.19,2025-05-28,28,False,
INV-002148,JBM-2025-0948,Groupe Khalfallah Digital,DEAL-004717,08-Apr-25,2025-05-19,2025-05-28,paid,428600.0,0.19,81434.0,510034.0,TND,,Frais de deplacement inclus. Voir detail en annexe.,April 11 2025,0.0,,0.19,2025-04-19,39,False,
INV-002149,JBM-2025-0949,Groupe Hamouda Digital,DEAL-006111,2025/04/19,2025-06-12,2025-03-06,paid,263000.0,0.19,49970.0,312970.0,EUR,,Acompte 50% - Contrat annuel support applicatif.,16/09/2025,0.0,,0.19,2025-05-13,-68,False,
INV-002150,JBM-2025-0950,Attijari Bank,DEAL-006700,2025/01/30,2025-03-31,2025-05-03,paid,205800.0,15,39102.0,244902.0,TND,,Frais de deplacement inclus. Voir detail en annexe.,01/02/2025,0.0,,15.0,2025-03-01,63,False,
INV-002151,JBM-2025-0951,Delice Danone,DEAL-002119,01-Apr-25,2025-05-24,2025-05-10,paid,513300.0,19,97527.0,610827.0,tnd,,Frais de deplacement inclus. Voir detail en annexe.,2025-07-30,0.0,,19.0,2025-04-24,16,False,
INV-002152,JBM-2025-0952,Orange Tunisie,,2025/11/02,2025-12-25,2025-12-13,paid,54700.0,19,10393.0,65093.0,DT,,Regularisation facture N-1. Avoir emis en contrepartie.,2025/11/05,0.0,,19.0,2025-11-25,18,False,
INV-002153,JBM-2025-0953,Fleuriste Au Jasmin,DEAL-004531,2025-05-14,2025-06-19,,pending,192400.0,19%,36556.0,228956.0,,,Avoir suite annulation partielle du projet.,February 08 2026,0.0,,19.0,2025-05-20,,True,316
INV-002154,JBM-2025-0954,Cabinet Comptable Slim SARL,DEAL-006163,October 25 2025,2025-12-15,2025-12-27,paid,272800.0,19 %,51832.0,324632.0,TND,,,2025/10/25,0.0,,19.0,2025-11-15,42,False,
INV-002155,JBM-2025-0955,Groupe Ferchiou Digital,DEAL-004230,04/08/2025,2025-09-11,,paid,8800.0,0.19,1672.0,10472.0,EUR,cheque,Facture mensuelle maintenance.,02-Nov-25,0.0,,0.19,2025-08-12,,False,
INV-002156,JBM-2025-0956,Entreprise Hamouda,DEAL-005530,2025-12-27,2026-05-02,2025-12-22,paid,172400.0,19,32756.0,205156.0,TND,,Acompte 50% - Contrat annuel support applicatif.,2026-03-27,0.0,,19.0,2026-04-02,-101,False,
INV-002157,JBM-2025-0957,Tunisie Telecom,DEAL-002226,10/05/2025,2025-06-15,2025-06-18,paid,119400.0,19,22686.0,142086.0,DT,,,06-Nov-25,0.0,,19.0,2025-05-16,33,False,
INV-002158,JBM-2025-0958,B.Bank,DEAL-002398,2025-02-09,2025-03-26,2025-03-19,paid,488900.0,19,92891.0,581791.0,EUR,,Facture mensuelle maintenance.,2025-09-07,0.0,,19.0,2025-02-24,23,False,
INV-002159,JBM-2025-0959,STE Ben Salah Consulting,,2025-10-18,2025-01-12,2025-07-12,paid,533000.0,19,101270.0,634270.0,TND,,,2025/10/19,0.0,,19.0,2024-12-13,211,False,
INV-002160,JBM-2025-0960,Hexabyte,DEAL-004365,2025/07/29,2025-08-29,2025-11-09,paid,500800.0,19,95152.0,595952.0,TND,,Acompte 50% - Contrat annuel support applicatif.,2025-11-26,0.0,,19.0,2025-07-30,102,False,
INV-002161,JBM-2025-0961,Groupe Haddad Technologies,DEAL-006570,November 23 2025,2026-03-01,,cancelled,142400.0,19%,27056.0,169456.0,TND,,Avoir suite annulation partielle du projet.,2025-11-23,0.0,,19.0,2026-01-30,,False,
INV-002162,JBM-2025-0962,Auto-Ecole Nejib,,05-Oct-25,2025-11-13,,pending,376100.0,19,71459.0,447559.0,tnd,,Contrat cadre 2025. Facture trimestrielle T2.,2026-01-03,0.0,,19.0,2025-10-14,,True,169
INV-002163,JBM-2025-0963,GlobalNet,,2025-05-25,2025-07-21,2025-07-03,paid,357500.0,19,67925.0,425425.0,DT,especes,Regularisation facture N-1. Avoir emis en contrepartie.,19-Feb-26,0.0,,19.0,2025-06-21,12,False,
INV-002164,JBM-2025-0964,Boulangerie Chez Faouzi,DEAL-001681,06-May-25,2025-07-06,2025-07-17,paid,366400.0,0.19,69616.0,436016.0,tnd,,Invoice for cybersecurity audit - Phase 1 completed.,January 31 2026,0.0,,0.19,2025-06-06,41,False,
INV-002165,JBM-2025-0965,Groupe Bouzid Digital,DEAL-001644,February 28 2025,2025-04-23,2025-04-17,paid,37900.0,19%,7201.0,45101.0,TND,Virement bancaire,Regularisation facture N-1. Avoir emis en contrepartie.,2025/03/03,0.0,,19.0,2025-03-24,24,False,
INV-002166,JBM-2025-0966,Groupe Haddad Technologies,DEAL-004239,2025-08-29,2025-09-28,2025-10-26,paid,113400.0,19,21546.0,134946.0,TND,,,2025-09-23,0.0,,19.0,2025-08-29,58,False,
INV-002167,JBM-2025-0967,C.de Formation Avenir,DEAL-006212,18-Jun-25,2025-07-26,2025-09-02,paid,585300.0,19,111207.0,696507.0,,,Regularisation facture N-1. Avoir emis en contrepartie.,18/07/2025,0.0,,19.0,2025-06-26,68,False,
INV-002169,JBM-2025-0969,Ooredoo Tunisie,DEAL-003655,April 01 2025,2025-05-12,2025-05-16,paid,319600.0,19,60724.0,380324.0,tnd,,Contrat cadre 2025. Facture trimestrielle T2.,31/05/2025,0.0,,19.0,2025-04-12,34,False,
INV-002170,JBM-2025-0970,STE Laabidi Consulting,DEAL-007734,10/04/2025,2025-05-06,2025-03-27,paid,49100.0,19,9329.0,58429.0,DT,,,09/06/2025,0.0,,19.0,2025-04-06,-10,False,
INV-002171,JBM-2025-0971,Groupe Agrebi Technologies,DEAL-000244,23-Sep-25,2025-03-11,2025-12-11,paid,357900.0,19%,68001.0,425901.0,TND,,,2025/10/23,0.0,,19.0,2025-02-09,305,False,
INV-002172,JBM-2025-0972,CyberPark Elghazala,DEAL-001322,July 30 2025,2025-09-08,2025-04-09,cancelled,265700.0,19,50483.0,316183.0,TND,,Acompte 50% - Contrat annuel support applicatif.,27-Nov-25,0.0,,19.0,2025-08-09,,False,
INV-002173,JBM-2025-0973,Garage Mecanique Toumi,DEAL-002385,11-Mar-25,2025-12-04,2025-02-06,paid,440100.0,19,83619.0,523719.0,tnd,,Avoir suite annulation partielle du projet.,06/12/2025,0.0,,19.0,2025-11-04,-271,False,
INV-002174,JBM-2025-0974,GlobalNet,DEAL-005396,2025-08-08,2025-01-10,2025-09-14,paid,377800.0,19,71782.0,449582.0,TND,,Invoice for cybersecurity audit - Phase 1 completed.,2025/09/14,449582.0,0,19.0,2024-12-11,277,False,
INV-002176,JBM-2025-0976,Entreprise Hamouda,DEAL-003063,17-Sep-25,2025-12-11,2025-11-14,paid,402200.0,19,76418.0,478618.0,EUR,Check,Facture 1/3 - Projet migration cloud STEG. Tranche initiale 30%.,2025-11-14,223169.61,0,19.0,2025-11-11,3,False,
INV-002177,JBM-2025-0977,STE Chaabane Solutions,,October 22 2025,2025-11-25,2025-12-08,paid,39200.0,19,7448.0,46648.0,tnd,,Retenue de garantie 10% - Liberation apres recette definitive.,24-Oct-25,0.0,,19.0,2025-10-26,43,False,
INV-002179,JBM-2025-0979,Cabinet Rekik & Associes,DEAL-006615,25-Mar-25,2025-05-07,2025-05-11,paid,418800.0,0.19,79572.0,498372.0,TND,,Facture solde - Developpement plateforme BI. Livraison finale acceptee.,December 20 2025,0.0,,0.19,2025-04-07,34,False,
INV-002180,JBM-2025-0980,Orange Tunisie,DEAL-006352,26-Nov-25,2026-01-03,2026-04-01,paid,531000.0,19 %,100890.0,631890.0,TND,,Acompte 50% - Contrat annuel support applicatif.,2026-03-26,0.0,,19.0,2025-12-04,118,False,
INV-002181,JBM-2025-0981,BIAT,DEAL-001137,01-Sep-25,2025-10-18,2025-10-10,paid,422300.0,19,80237.0,502537.0,TND,,Facture solde - Developpement plateforme BI. Livraison finale acceptee.,January 29 2026,0.0,,19.0,2025-09-18,22,False,
INV-002182,JBM-2025-0982,Hexabyte,DEAL-006082,2025/06/24,2025-06-20,2025-07-27,paid,593500.0,19%,112765.0,706265.0,TND,cheque,Regularisation facture N-1. Avoir emis en contrepartie.,22-Sep-25,0.0,,19.0,2025-05-21,67,False,
INV-002184,JBM-2025-0984,Centre de Formation Avenir,DEAL-002440,April 08 2025,2025-05-10,2025-07-06,paid,354300.0,19,67317.0,421617.0,EUR,,Facture mensuelle maintenance.,06-Aug-25,0.0,,19.0,2025-04-10,87,False,
INV-002185,JBM-2025-0985,Poulina Group,DEAL-005228,2025-03-01,2025-04-16,2025-04-05,paid,593800.0,19,112822.0,706622.0,tnd,,Frais de deplacement inclus. Voir detail en annexe.,2026-01-25,0.0,,19.0,2025-03-17,19,False,
INV-002186,JBM-2025-0986,STE Belhadj Consulting,,2025/09/21,2025-10-27,2025-09-11,paid,52598.0,19,9993.62,62591.62,TND,bank transfer,Invoice for Q2 maintenance contract. PO number: TT-2024-8821.,09/11/2025,44200.0,0,19.0,2025-09-27,-16,False,
INV-002187,JBM-2025-0987,Boulangerie Chez Faouzi,DEAL-001265,06/10/2025,2025-11-05,,pending,319600.0,19%,60724.0,380324.0,tnd,,Frais de deplacement inclus. Voir detail en annexe.,04-Jan-26,0.0,,19.0,2025-10-06,,True,177
INV-002188,JBM-2025-0988,STE Bouzid Consulting,DEAL-004985,2025/12/02,2026-01-13,2026-01-27,paid,403800.0,19,76722.0,480522.0,EUR,,Invoice for cybersecurity audit - Phase 1 completed.,2026/01/01,0.0,,19.0,2025-12-14,44,False,
INV-002189,JBM-2025-0989,Centre Medical Bouzid,DEAL-007155,2025/09/15,2025-10-25,2025-12-12,paid,248300.0,19,47177.0,295477.0,tnd,,,14/11/2025,0.0,,19.0,2025-09-25,78,False,
INV-002190,JBM-2025-0990,Cabinet Agrebi Conseil,DEAL-004384,January 09 2025,2025-01-03,2025-04-03,paid,147600.0,19,28044.0,175644.0,EUR,,Retenue de garantie 10% - Liberation apres recette definitive.,2025/11/05,0.0,,19.0,2024-12-04,120,False,
INV-002191,JBM-2025-0991,STE Agrebi Solutions,,May 21 2025,2025-07-02,,pending,326700.0,19,62073.0,388773.0,TND,,Facture 1/3 - Projet migration cloud STEG. Tranche initiale 30%.,17-Mar-26,0.0,,19.0,2025-06-02,,True,303
INV-002192,JBM-2025-0992,Ministere des Finances,,March 09 2025,2025-04-26,2025-09-04,paid,536900.0,19,102011.0,638911.0,TND,,Facture 1/3 - Projet migration cloud STEG. Tranche initiale 30%.,2025-05-08,0.0,,19.0,2025-03-27,161,False,
INV-002193,JBM-2025-0993,CNSS,DEAL-001121,February 23 2025,2025-04-16,2025-06-04,paid,31600.0,19,6004.0,37604.0,DT,,,20/11/2025,0.0,,19.0,2025-03-17,79,False,
INV-002194,JBM-2025-0994,Cabinet Turki Conseil,DEAL-004361,28-Feb-25,2025-03-30,2025-04-16,paid,212000.0,19,40280.0,252280.0,DT,Virement bancaire,Retenue de garantie 10% - Liberation apres recette definitive.,2025-04-16,252280.0,0,19.0,2025-02-28,47,False,
INV-002195,JBM-2025-0995,groupe agrebi technologies,DEAL-006438,February 17 2025,2025-09-04,2025-05-04,paid,321000.0,19 %,60990.0,381990.0,TND,,Facture 1/3 - Projet migration cloud STEG. Tranche initiale 30%.,18-Apr-25,0.0,,19.0,2025-08-05,-93,False,
INV-002196,JBM-2025-0996,STE Gharbi Consulting,DEAL-005879,May 28 2025,2025-05-07,2025-07-13,paid,,15,,,DT,,Acompte 50% - Contrat annuel support applicatif.,2025-09-25,0.0,,15.0,2025-04-07,97,False,
INV-002197,JBM-2025-0997,Restaurant Le Mediterranee,DEAL-006163,January 08 2025,2025-02-28,2025-03-24,paid,45100.0,19,8569.0,53669.0,TND,,,07/02/2025,0.0,,19.0,2025-01-29,54,False,
INV-002198,JBM-2025-0998,Entreprise Haddad,DEAL-000319,24-Jun-25,2025-08-22,2025-08-16,paid,258900.0,0.19,49191.0,308091.0,DT,,Retenue de garantie 10% - Liberation apres recette definitive.,2025-12-21,0.0,,0.19,2025-07-23,24,False,
INV-002199,JBM-2025-0999,Auto-Ecole Nejib,DEAL-001815,07-Oct-25,2025-11-25,,pending,596100.0,19%,113259.0,709359.0,TND,Especes,Acompte 50% - Contrat annuel support applicatif.,2025/10/07,0.0,,19.0,2025-10-26,,True,157
INV-002200,JBM-2025-1000,Ooredoo Tunisie,,02-Apr-25,2025-05-28,2025-05-07,paid,515100.0,19,97869.0,612969.0,tnd,,Acompte 50% - Contrat annuel support applicatif.,July 01 2025,0.0,,19.0,2025-04-28,9,False,
INV-002201,JBM-2025-1001,Cabinet Turki Conseil,DEAL-000946,02/01/2025,2025-02-16,2025-02-22,paid,130900.0,0.19,24871.0,155771.0,tnd,,Invoice for Q2 maintenance contract. PO number: TT-2024-8821.,01/06/2025,0.0,,0.19,2025-01-17,36,False,
INV-002202,JBM-2025-1002,Groupe Agrebi Technologies,DEAL-006105,28-Nov-25,2026-01-04,2026-01-20,paid,267600.0,0.19,50844.0,318444.0,TND,,,2025/11/28,0.0,,0.19,2025-12-05,46,False,
INV-002203,JBM-2025-1003,GROUPE TRABELSI TECHNOLOGIES,DEAL-006211,2025-03-29,2025-04-28,2025-05-13,paid,38500.0,0.19,7315.0,45815.0,TND,,Facture 1/3 - Projet migration cloud STEG. Tranche initiale 30%.,27-Jun-25,0.0,,0.19,2025-03-29,45,False,
INV-002204,JBM-2025-1004,Bureau d'Etudes Gharbi,,2025-05-06,2025-12-06,2025-07-02,paid,507400.0,19,96406.0,603806.0,EUR,,Regularisation facture N-1. Avoir emis en contrepartie.,02-Dec-25,0.0,,19.0,2025-11-06,-127,False,
INV-002205,JBM-2025-1005,Clinique Dentaire Dr Mrad,DEAL-003559,2025-09-16,2025-06-09,2025-12-14,paid,105600.0,15,20064.0,125664.0,TND,,Acompte 50% - Contrat annuel support applicatif.,March 15 2026,0.0,,15.0,2025-05-10,218,False,
INV-002206,JBM-2025-1006,Groupe Haddad Technologies,DEAL-007082,2025/11/07,2025-12-31,2026-02-01,paid,388600.0,19%,73834.0,462434.0,tnd,,Facture mensuelle maintenance.,07/03/2026,0.0,,19.0,2025-12-01,62,False,
INV-002207,JBM-2025-1007,Fleuriste Au Jasmin,DEAL-004155,May 24 2025,2025-07-15,2025-08-16,paid,74500.0,19,14155.0,88655.0,DT,,Acompte 50% - Contrat annuel support applicatif.,19/01/2026,0.0,,19.0,2025-06-15,62,False,
INV-002208,JBM-2025-1008,Cabinet Rekik & Associes,DEAL-002165,2025-02-06,2025-03-30,2025-03-25,paid,85800.0,,16302.0,102102.0,DT,bank transfer,Regularisation facture N-1. Avoir emis en contrepartie.,February 06 2025,0.0,,,2025-02-28,25,False,
INV-002209,JBM-2025-1009,Garage Mecanique Toumi,DEAL-004326,November 30 2025,2026-01-24,2026-02-20,paid,151400.0,19,28766.0,180166.0,TND,,Contrat cadre 2025. Facture trimestrielle T2.,19/01/2026,0.0,,19.0,2025-12-25,57,False,
INV-002210,JBM-2025-1010,STE Oueslati & Fils,DEAL-003641,25/02/2025,2025-04-04,2025-04-23,paid,184000.0,19,34960.0,218960.0,TND,,Retenue de garantie 10% - Liberation apres recette definitive.,23-Sep-25,0.0,,19.0,2025-03-05,49,False,
INV-002211,JBM-2025-1011,Centre de Formation Avenir,DEAL-004941,2025-12-02,2026-01-18,2026-02-13,paid,187544.0,19%,35633.36,223177.36,TND,,Avoir suite annulation partielle du projet.,February 13 2026,157600.0,0,19.0,2025-12-19,56,False,
INV-002212,JBM-2025-1012,Entreprise Haddad,DEAL-001447,2025/10/07,2025-11-25,2025-09-17,paid,517400.0,0.19,98306.0,615706.0,EUR,,Invoice for cybersecurity audit - Phase 1 completed.,20-Nov-25,0.0,,0.19,2025-10-26,-39,False,
INV-002213,JBM-2025-1013,STE Oueslati & Fils,DEAL-004248,25-Oct-25,2025-12-24,2025-12-15,paid,247500.0,19%,47025.0,294525.0,,,Facture solde - Developpement plateforme BI. Livraison finale acceptee.,24/03/2026,0.0,,19.0,2025-11-24,21,False,
INV-002214,JBM-2025-1014,STE Bouzid Consulting,,10-Mar-25,2025-04-16,,pending,372600.0,19 %,70794.0,443394.0,tnd,,Facture solde - Developpement plateforme BI. Livraison finale acceptee.,09/05/2025,0.0,,19.0,2025-03-17,,True,380
INV-002215,JBM-2025-1015,Societe Haddad Import Export,,March 14 2025,2025-05-05,,paid,385800.0,19,73302.0,459102.0,,,Facture solde - Developpement plateforme BI. Livraison finale acceptee.,10-Sep-25,0.0,,19.0,2025-04-05,,False,
INV-002216,JBM-2025-1016,Bureau d'Etudes Bouzid,DEAL-002028,24/01/2025,2025-02-27,,pending,272900.0,19 %,51851.0,324751.0,tnd,,Facture 1/3 - Projet migration cloud STEG. Tranche initiale 30%.,February 27 2025,0.0,,19.0,2025-01-28,,True,428
INV-002217,JBM-2025-1017,CNAM,DEAL-004212,02/02/2025,2025-04-03,2025-03-11,paid,565600.0,19,107464.0,673064.0,TND,check,Facture 1/3 - Projet migration cloud STEG. Tranche initiale 30%.,02/07/2025,0.0,,19.0,2025-03-04,7,False,
INV-002218,JBM-2025-1018,Restaurant Le Mediterranee,DEAL-001650,May 06 2025,2025-06-11,,cancelled,57500.0,19,10925.0,68425.0,EUR,,Facture mensuelle maintenance.,2025/05/16,0.0,,19.0,2025-05-12,,False,
INV-002219,JBM-2025-1019,Bureau d'Etudes Ben Salah,DEAL-006173,2025/07/31,2025-09-26,,cancelled,566900.0,,107711.0,674611.0,EUR,,,2025/08/10,0.0,,,2025-08-27,,False,
INV-002220,JBM-2025-1020,Bureau d'Etudes Bouzid,,October 18 2025,2025-02-12,2025-12-16,paid,149500.0,19,28405.0,177905.0,TND,,Facture 1/3 - Projet migration cloud STEG. Tranche initiale 30%.,2025-10-21,0.0,,19.0,2025-01-13,337,False,
INV-002221,JBM-2025-1021,cafe carthage,DEAL-007717,04/05/2025,2025-06-06,,pending,9100.0,19%,1729.0,10829.0,TND,,,2025/10/31,0.0,,19.0,2025-05-07,,True,329
INV-002222,JBM-2025-1022,STE Ben Salah & Fils,DEAL-000533,09-Oct-25,2025-11-30,2025-11-28,paid,191600.0,19,36404.0,228004.0,EUR,,Contrat cadre 2025. Facture trimestrielle T2.,08/12/2025,0.0,,19.0,2025-10-31,28,False,
INV-002223,JBM-2025-1023,STE FERCHIOU INFORMATIQUE,,30-Oct-25,2025-12-19,2025-12-22,paid,395400.0,19,75126.0,470526.0,DT,,Contrat cadre 2025. Facture trimestrielle T2.,27/02/2026,0.0,,19.0,2025-11-19,33,False,
INV-002224,JBM-2025-1024,Tunisair,DEAL-006903,May 08 2025,2025-06-30,2025-11-06,paid,305800.0,19 %,58102.0,363902.0,TND,,Retenue de garantie 10% - Liberation apres recette definitive.,11/05/2025,0.0,,19.0,2025-05-31,159,False,
INV-002225,JBM-2025-1025,STE Chaabane Solutions,DEAL-005792,04/05/2025,2025-06-06,,cancelled,136100.0,19,25859.0,161959.0,DT,,,2025-05-14,0.0,,19.0,2025-05-07,,False,
INV-002226,JBM-2025-1026,BNA Bank,DEAL-006086,June 29 2025,2025-08-15,2025-10-08,paid,12100.0,19 %,2299.0,14399.0,tnd,,Invoice for Q2 maintenance contract. PO number: TT-2024-8821.,10/08/2025,0.0,,19.0,2025-07-16,84,False,
INV-002227,JBM-2025-1027,Global@Net,,2025/09/28,2025-09-11,2025-12-11,paid,262500.0,19 %,49875.0,312375.0,TND,,Invoice for cybersecurity audit - Phase 1 completed.,2025/11/04,0.0,,19.0,2025-08-12,121,False,
INV-002228,JBM-2025-1028,Garage Mecanique Toumi,DEAL-005691,02/07/2025,2025-08-08,,pending,63100.0,19,11989.0,75089.0,TND,,Invoice for Q2 maintenance contract. PO number: TT-2024-8821.,01-Aug-25,0.0,,19.0,2025-07-09,,True,266
INV-002229,JBM-2025-1029,CNAM,,2025/05/23,2025-03-07,2025-06-25,paid,319400.0,19 %,60686.0,380086.0,tnd,,Frais de deplacement inclus. Voir detail en annexe.,23/05/2025,0.0,,19.0,2025-02-05,140,False,
INV-002230,JBM-2025-1030,Groupe Hamdi Digital,DEAL-006851,2025-07-07,2025-03-09,2025-09-05,paid,397100.0,19,75449.0,472549.0,DT,,Invoice for Q2 maintenance contract. PO number: TT-2024-8821.,2025/08/06,0.0,,19.0,2025-02-07,210,False,
INV-002232,JBM-2025-1032,STE Zouari Consulting,DEAL-001426,2025/01/05,2025-03-04,2025-03-06,paid,66500.0,19,12635.0,79135.0,EUR,,Contrat cadre 2025. Facture trimestrielle T2.,2025-03-06,0.0,,19.0,2025-02-02,32,False,
INV-002233,JBM-2025-1033,Bureau d'Etudes Laabidi,DEAL-005685,2025-02-16,2025-04-16,2025-11-04,paid,422700.0,19,80313.0,503013.0,EUR,,Avoir suite annulation partielle du projet.,16-Jul-25,0.0,,19.0,2025-03-17,232,False,
INV-002234,JBM-2025-1034,Groupe Ferchiou Digital,,2025-02-01,2025-04-01,,pending,205200.0,0.19,38988.0,244188.0,tnd,,Facture 1/3 - Projet migration cloud STEG. Tranche initiale 30%.,2025-05-02,0.0,,0.19,2025-03-02,,True,395
INV-002235,JBM-2025-1035,Restaurant Le Mediterranee,DEAL-003608,23/05/2025,2025-06-29,2025-08-19,paid,63300.0,19,12027.0,75327.0,DT,bank transfer,Avoir suite annulation partielle du projet.,2025-08-21,0.0,,19.0,2025-05-30,81,False,
INV-002237,JBM-2025-1037,Boulangerie Chez Faouzi,DEAL-001653,20/01/2025,2025-01-06,2025-01-19,paid,380800.0,19,72352.0,453152.0,DT,,Facture solde - Developpement plateforme BI. Livraison finale acceptee.,18/08/2025,0.0,,19.0,2024-12-07,43,False,
INV-002238,JBM-2025-1038,Banque de Tunisie,,May 29 2025,2025-06-30,2025-12-07,paid,68700.0,19,13053.0,81753.0,EUR,,Retenue de garantie 10% - Liberation apres recette definitive.,2026/03/25,0.0,,19.0,2025-05-31,190,False,
INV-002239,JBM-2025-1039,Bureau d'Etudes Ben Salah,DEAL-005845,18-Apr-25,2025-06-05,2025-06-05,paid,84500.0,0,16055.0,100555.0,DT,cash,Invoice for Q2 maintenance contract. PO number: TT-2024-8821.,05-Jun-25,100555.0,0,0.0,2025-05-06,30,False,
INV-002240,JBM-2025-1040,Cabinet Agrebi Conseil,DEAL-003198,June 09 2025,2025-04-08,2025-07-27,paid,374700.0,19,71193.0,445893.0,tnd,,Invoice for Q2 maintenance contract. PO number: TT-2024-8821.,06/12/2025,0.0,,19.0,2025-03-09,140,False,
INV-002241,JBM-2025-1041,ooredoo tunisie,DEAL-002292,19-Jan-25,2025-10-03,,pending,209100.0,19,39729.0,248829.0,EUR,,,16-Sep-25,0.0,,19.0,2025-09-03,,True,210
INV-002242,JBM-2025-1042,GARAGE MECANIQUE TOUMI,DEAL-007114,October 12 2025,2025-11-29,,pending,115000.0,0.19,21850.0,136850.0,TND,,Invoice for Q2 maintenance contract. PO number: TT-2024-8821.,January 10 2026,0.0,,0.19,2025-10-30,,True,153
INV-002243,JBM-2025-1043,STE Khalfallah & Fils,,2025-08-28,2025-03-10,2025-10-27,paid,535200.0,19,101688.0,636888.0,TND,,Avoir suite annulation partielle du projet.,September 28 2025,270496.82,366391.18,19.0,2025-02-08,261,False,
INV-002244,JBM-2025-1044,Orange Tunisie,DEAL-001832,2025/05/29,2025-07-21,2025-04-07,paid,484900.0,19,92131.0,577031.0,TND,,,2025-07-28,0.0,,19.0,2025-06-21,-75,False,
INV-002245,JBM-2025-1045,Entreprise Sghaier,,2025-09-30,2025-10-30,,pending,352600.0,0.19,66994.0,419594.0,TND,,Facture 1/3 - Projet migration cloud STEG. Tranche initiale 30%.,27/02/2026,0.0,,0.19,2025-09-30,,True,183
INV-002246,JBM-2025-1046,STE-Jlassi-Consulting,DEAL-002339,2025-10-16,2025-05-12,2025-12-06,paid,522400.0,19,99256.0,621656.0,TND,,,October 19 2025,0.0,,19.0,2025-04-12,238,False,
INV-002247,JBM-2025-1047,Grooupe Agrebi Technologies,,December 06 2025,2026-09-01,,paid,329000.0,19,62510.0,391510.0,EUR,,Regularisation facture N-1. Avoir emis en contrepartie.,2025/12/09,0.0,,19.0,2026-08-02,,False,
INV-002248,JBM-2025-1048,Attijari Bank,DEAL-006273,2025-06-15,2025-07-18,,cancelled,473700.0,19,90003.0,563703.0,EUR,,,June 15 2025,0.0,,19.0,2025-06-18,,False,
INV-002249,JBM-2025-1049,banque de tunisie,DEAL-005053,2025/02/10,2025-03-18,2025-03-16,paid,263200.0,15,50008.0,313208.0,DT,,Acompte 50% - Contrat annuel support applicatif.,2025/12/07,0.0,,15.0,2025-02-16,28,False,
INV-002250,JBM-2025-1050,BNA Bank,DEAL-002541,27/05/2025,2025-07-11,2025-11-07,paid,328100.0,0.19,62339.0,390439.0,EUR,Bank Transfer,,11/07/2025,390439.0,0,0.19,2025-06-11,149,False,
INV-002251,JBM-2025-1051,Groupe Hamouda Digital,DEAL-001202,December 25 2025,2026-02-08,,pending,122900.0,0.19,23351.0,146251.0,EUR,especes,Invoice for Q2 maintenance contract. PO number: TT-2024-8821.,January 24 2026,0.0,,0.19,2026-01-09,,True,82
INV-002252,JBM-2025-1052,CNSS,DEAL-005152,2025-04-22,2025-04-06,2025-05-24,paid,249400.0,19,47386.0,296786.0,EUR,,,22/04/2025,0.0,,19.0,2025-03-07,78,False,
INV-002253,JBM-2025-1053,Groupe Bouzid Digital,,2025/09/26,2025-11-20,2025-11-20,paid,291200.0,19%,55328.0,346528.0,,,Facture 1/3 - Projet migration cloud STEG. Tranche initiale 30%.,March 25 2026,0.0,,19.0,2025-10-21,30,False,
INV-002254,JBM-2025-1054,STE Gharbi Consulting,DEAL-001762,06-Feb-25,2025-04-05,2025-03-28,paid,321200.0,19,61028.0,382228.0,tnd,,Facture solde - Developpement plateforme BI. Livraison finale acceptee.,06-Jul-25,0.0,,19.0,2025-03-06,22,False,
INV-002255,JBM-2025-1055,Bureau d'Etudes Bouzid,DEAL-004400,04-Dec-25,2026-01-29,2026-01-30,paid,553800.0,19%,105222.0,659022.0,TND,,,December 04 2025,0.0,,19.0,2025-12-30,31,False,
INV-002256,JBM-2025-1056,Cabinet Rekik & Associes,DEAL-001307,10/04/2025,2025-05-28,2025-05-31,paid,542600.0,19,103094.0,645694.0,EUR,,,2025-06-09,0.0,,19.0,2025-04-28,33,False,
INV-002257,JBM-2025-1057,STE Ben Salah Consulting SUARL,,December 11 2025,2026-08-02,2026-02-05,paid,532700.0,19%,101213.0,633913.0,TND,,Contrat cadre 2025. Facture trimestrielle T2.,2025-12-11,0.0,,19.0,2026-07-03,-148,False,
INV-002258,JBM-2025-1058,S.Laabidi Consulting,DEAL-003953,2025-01-15,2025-03-12,2025-11-03,paid,407000.0,19,77330.0,484330.0,TND,,,2026/02/09,0.0,,19.0,2025-02-10,266,False,
INV-002259,JBM-2025-1059,Magasin Mabrouk Electronique,DEAL-003380,2025/11/19,2025-12-24,2026-01-25,paid,41900.0,19,7961.0,49861.0,TND,bank transfer,Avoir suite annulation partielle du projet.,25-Jan-26,49861.0,0,19.0,2025-11-24,62,False,
INV-002260,JBM-2025-1060,Cabinet Agrebi Conseil,DEAL-003681,,2025-06-14,,pending,492779.0,19,93628.01,586407.01,TND,,,2025/09/05,0.0,,19.0,2025-05-15,,True,321
INV-002261,JBM-2025-1061,Bureau d'Etudes Bouzid,DEAL-007468,2025/03/23,2025-04-29,2025-05-20,paid,114000.0,0.19,21660.0,135660.0,DT,,,18-Dec-25,0.0,,0.19,2025-03-30,51,False,
INV-002262,JBM-2025-1062,Garage Mecanique Toumi,DEAL-005390,2025-05-24,2025-05-11,,paid,163863.0,19,31133.97,194996.97,TND,,Acompte 50% - Contrat annuel support applicatif.,February 18 2026,0.0,,19.0,2025-04-11,,False,
INV-002263,JBM-2025-1063,STE Khalfallah & Fils,,2025-09-30,2025-05-11,2025-11-25,paid,221700.0,19,42123.0,263823.0,DT,,Facture 1/3 - Projet migration cloud STEG. Tranche initiale 30%.,2025-11-29,0.0,,19.0,2025-04-11,228,False,
INV-002264,JBM-2025-1064,STE Bouzid Consulting,,06-Jun-25,2025-07-12,2025-07-30,paid,55000.0,0.19,10450.0,65450.0,TND,,Regularisation facture N-1. Avoir emis en contrepartie.,04/10/2025,0.0,,0.19,2025-06-12,48,False,
INV-002265,JBM-2025-1065,Pharmacie Al Amal,DEAL-004186,2025-05-26,2025-02-07,2025-11-08,paid,437100.0,19%,83049.0,520149.0,TND,,Facture 1/3 - Projet migration cloud STEG. Tranche initiale 30%.,2025-08-24,0.0,,19.0,2025-01-08,304,False,
INV-002266,JBM-2025-1066,STE Ben Salah Consulting,,2025-11-19,2025-12-29,2025-11-13,paid,555100.0,19,105469.0,660569.0,TND,,,2026-03-19,0.0,,19.0,2025-11-29,-16,False,
INV-002267,JBM-2025-1067,Magasin Mabrouk Electronique,DEAL-000453,2025-02-24,2025-04-21,2025-05-05,paid,467600.0,19%,88844.0,556444.0,tnd,,,16/04/2025,0.0,,19.0,2025-03-22,44,False,
INV-002269,JBM-2025-1069,entreprise hamouda,DEAL-007785,July 22 2025,2025-09-06,2025-09-17,paid,201200.0,0.19,38228.0,239428.0,DT,Cheque,Facture 1/3 - Projet migration cloud STEG. Tranche initiale 30%.,25-Jul-25,0.0,,0.19,2025-08-07,41,False,
INV-002270,JBM-2025-1070,Tunisoie Telecom,DEAL-003986,2025/01/15,2025-03-16,2025-02-28,paid,356300.0,0.19,67697.0,423997.0,TND,,Frais de deplacement inclus. Voir detail en annexe.,2025-09-12,0.0,,0.19,2025-02-14,14,False,
INV-002271,JBM-2025-1071,Bureau d'Etudes oBouzid,DEAL-004558,,2026-02-16,2026-02-23,paid,556300.0,19,105697.0,661997.0,TND,,Contrat cadre 2025. Facture trimestrielle T2.,03-Jan-26,0.0,,19.0,2026-01-17,37,False,
INV-002272,JBM-2025-1072,ST#E Agrebi Solutions,,30/05/2025,2025-07-18,2025-07-21,paid,361500.0,19 %,68685.0,430185.0,tnd,,Facture solde - Developpement plateforme BI. Livraison finale acceptee.,30/05/2025,0.0,,19.0,2025-06-18,33,False,
INV-002273,JBM-2025-1073,STE Laabidi Consulting,,04/08/2025,2025-07-27,2025-09-30,paid,628082.0,19,119335.58,747417.58,TND,bank transfer,Invoice for cybersecurity audit - Phase 1 completed.,2025-08-04,0.0,,19.0,2025-06-27,95,False,
INV-002274,JBM-2025-1074,GlobalNet,DEAL-001784,December 11 2025,2026-01-24,2026-01-20,paid,221500.0,0.19,42085.0,263585.0,TND,,Retenue de garantie 10% - Liberation apres recette definitive.,10-Jan-26,0.0,,0.19,2025-12-25,26,False,
INV-002275,JBM-2025-1075,Centre de Formation Avenir,DEAL-006274,2025/08/10,2025-11-09,2025-04-11,paid,488500.0,19,92815.0,581315.0,TND,,Frais de deplacement inclus. Voir detail en annexe.,2025-10-09,0.0,,19.0,2025-10-10,-182,False,
INV-002276,JBM-2025-1076,BIAT,DEAL-005002,13/04/2025,2025-05-13,2025-05-26,paid,121100.0,19,23009.0,144109.0,EUR,,,2025/06/12,0.0,,19.0,2025-04-13,43,False,
INV-002277,JBM-2025-1077,STE Belhadj Consulting,DEAL-005263,2025-04-21,2025-06-17,2025-06-05,paid,234200.0,20,44498.0,278698.0,EUR,,Facture mensuelle maintenance.,2025/05/21,0.0,,20.0,2025-05-18,18,False,
INV-002278,JBM-2025-1078,Cabinet Rekik & Associes,,24-Jun-25,2025-07-08,2025-08-11,paid,465500.0,0.19,88445.0,553945.0,,,Acompte 50% - Contrat annuel support applicatif.,2025-12-21,0.0,,0.19,2025-06-08,64,False,
INV-002279,JBM-2025-1079,STE Khalfallah & Fils,DEAL-002717,22-Dec-25,2026-01-21,2026-02-08,paid,502800.0,19 %,95532.0,598332.0,TND,,,2026-01-21,0.0,,19.0,2025-12-22,48,False,
INV-002280,JBM-2025-1080,Groupe Zouari Digital,DEAL-001240,2025/02/14,2025-03-27,2025-01-29,paid,424900.0,19 %,80731.0,505631.0,TND,,Avoir suite annulation partielle du projet.,13/08/2025,0.0,,19.0,2025-02-25,-27,False,
INV-002281,JBM-2025-1081,Bureau d'Etudes Oueslati,DEAL-003408,13-Jan-25,2025-03-01,,pending,158600.0,19,30134.0,188734.0,tnd,,Facture solde - Developpement plateforme BI. Livraison finale acceptee.,January 14 2025,0.0,,19.0,2025-01-30,,True,426
INV-002282,JBM-2025-1082,attijari bank,DEAL-000077,12/01/2025,2025-03-02,2025-02-25,paid,457500.0,19,86925.0,544425.0,TND,,Avoir suite annulation partielle du projet.,11-Jul-25,0.0,,19.0,2025-01-31,25,False,
INV-002283,JBM-2025-1083,Salon Coiffure Elegance,,2025/11/04,2025-12-19,2026-01-21,paid,99365.0,19,18879.35,118244.35,tnd,,,2025-11-04,0.0,,19.0,2025-11-19,63,False,
INV-002284,JBM-2025-1084,Groupe Mansour Digital,DEAL-007445,2025-05-05,2025-07-02,2025-06-29,paid,328900.0,0.19,62491.0,391391.0,tnd,bank transfer,Facture 1/3 - Projet migration cloud STEG. Tranche initiale 30%.,December 31 2025,0.0,,0.19,2025-06-02,27,False,
INV-002285,JBM-2025-1085,Groupe Hamouda Digital,DEAL-004358,06/06/2025,2025-07-28,2025-03-08,paid,366300.0,19,69597.0,435897.0,TND,cash,,2025/11/03,0.0,,19.0,2025-06-28,-112,False,
INV-002286,JBM-2025-1086,Pharmacie Al Amal,DEAL-005874,2025-05-16,2025-07-07,2025-07-17,paid,124400.0,19%,23636.0,148036.0,TND,,Facture mensuelle maintenance.,15/07/2025,0.0,,19.0,2025-06-07,40,False,
INV-002287,JBM-2025-1087,BNA BANK,,03/12/2025,2026-01-14,2026-01-07,paid,202000.0,0.19,38380.0,240380.0,TND,,Facture 1/3 - Projet migration cloud STEG. Tranche initiale 30%.,02/01/2026,0.0,,0.19,2025-12-15,23,False,
INV-002288,JBM-2025-1088,STE Ben Romdhane Consulting,DEAL-007448,2025/11/22,2026-01-14,,cancelled,253300.0,19 %,48127.0,301427.0,TND,check,Frais de deplacement inclus. Voir detail en annexe.,2026-01-21,0.0,,19.0,2025-12-15,,False,
INV-002289,JBM-2025-1089,Groupe Mansour Digital,DEAL-003299,2025-07-03,2025-08-03,2025-08-17,paid,291800.0,0.19,55442.0,347242.0,DT,,,2026/02/28,0.0,,0.19,2025-07-04,44,False,
INV-002290,JBM-2025-1090,Restaurant Le Mediterranee,,2025/03/24,2025-05-04,2025-06-19,paid,393500.0,19,74765.0,468265.0,TND,,Avoir suite annulation partielle du projet.,2025/08/21,0.0,,19.0,2025-04-04,76,False,
INV-002291,JBM-2025-1091,Groupe Hamouda Digital,DEAL-001734,June 16 2025,2025-08-12,2025-08-12,paid,511800.0,0.19,97242.0,609042.0,tnd,,Invoice for cybersecurity audit - Phase 1 completed.,2026/01/12,0.0,,0.19,2025-07-13,30,False,
INV-002292,JBM-2025-1092,BNA Bank,,December 29 2025,2026-02-16,2026-02-06,paid,374200.0,0,71098.0,445298.0,TND,,Invoice for Q2 maintenance contract. PO number: TT-2024-8821.,30-Dec-25,0.0,,0.0,2026-01-17,20,False,
INV-002294,JBM-2025-1094,Entreprise Haddad,DEAL-002536,2025-04-10,2025-05-31,2025-06-04,paid,93400.0,19,17746.0,111146.0,TND,,Frais de deplacement inclus. Voir detail en annexe.,2025-07-09,0.0,,19.0,2025-05-01,34,False,
INV-002295,JBM-2025-1095,Groupe Khalfallah Digital,DEAL-001752,08/08/2025,2025-11-09,2025-09-26,paid,74200.0,0.19,14098.0,88298.0,tnd,,Avoir suite annulation partielle du projet.,February 04 2026,0.0,,0.19,2025-10-10,-14,False,
INV-002296,JBM-2025-1096,STE Chaabane Solutions,DEAL-004044,2025-03-20,2025-05-18,2025-05-13,paid,10000.0,19 %,1900.0,11900.0,TND,,Facture solde - Developpement plateforme BI. Livraison finale acceptee.,19/04/2025,0.0,,19.0,2025-04-18,25,False,
INV-002297,JBM-2025-1097,Pharmacie Al Amal,DEAL-005774,2025/01/04,2025-02-04,2025-03-25,paid,495100.0,19,94069.0,589169.0,,,Contrat cadre 2025. Facture trimestrielle T2.,2025-08-02,0.0,,19.0,2025-01-05,79,False,
INV-002298,JBM-2025-1098,STE Ben Romdhane Consulting,DEAL-002326,13-Aug-25,2025-12-09,2025-10-12,paid,500500.0,19,95095.0,595595.0,TND,,Invoice for Q2 maintenance contract. PO number: TT-2024-8821.,13/08/2025,0.0,,19.0,2025-11-09,-28,False,
INV-002299,JBM-2025-1099,Magasin Mabrouk Electronique,DEAL-003150,06/01/2025,2025-01-03,2025-03-25,paid,49300.0,0.19,9367.0,58667.0,TND,,Contrat cadre 2025. Facture trimestrielle T2.,January 06 2025,0.0,,0.19,2024-12-04,111,False,
INV-002300,JBM-2025-1100,Groupe Ferchiou Digital,DEAL-000515,2025-11-02,2025-12-07,2025-12-31,paid,125400.0,19,23826.0,149226.0,TND,,,02/03/2026,0.0,,19.0,2025-11-07,54,False,
INV-002301,JBM-2026-0001,Cabinet Turki Conseil,DEAL-007518,13/03/2026,2026-04-20,2026-04-30,paid,281400.0,19,53466.0,334866.0,TND,,Retenue de garantie 10% - Liberation apres recette definitive.,2026-03-15,0.0,,19.0,2026-03-21,40,False,
INV-002302,JBM-2026-0002,Cafe Carthage,DEAL-003403,16-Feb-26,2026-03-29,2026-05-12,paid,34600.0,19,6574.0,41174.0,tnd,,Acompte 50% - Contrat annuel support applicatif.,2026-02-16,0.0,,19.0,2026-02-27,74,False,
INV-002304,JBM-2026-0004,Entreprise Belhadj,DEAL-005668,2026/03/29,2026-05-28,2026-05-16,paid,304100.0,19 %,57779.0,361879.0,TND,especes,Acompte 50% - Contrat annuel support applicatif.,16-May-26,361879.0,0,19.0,2026-04-28,18,False,
INV-002305,JBM-2026-0005,Auto-Ecole Nejib,,February 17 2026,2026-03-19,,pending,146800.0,19,27892.0,174692.0,DT,,Invoice for Q2 maintenance contract. PO number: TT-2024-8821.,19/03/2026,0.0,,19.0,2026-02-17,,True,43
INV-002306,JBM-2026-0006,STE Oueselati & Fils,DEAL-001663,06-Feb-26,2026-03-09,2026-02-04,paid,53200.0,0.19,10108.0,63308.0,tnd,Especes,,08/03/2026,0.0,,0.19,2026-02-07,-3,False,
INV-002307,JBM-2026-0007,CNAM,,2026/01/19,2026-03-15,2026-01-18,paid,154900.0,19,29431.0,184331.0,DT,,Facture 1/3 - Projet migration cloud STEG. Tranche initiale 30%.,2026-01-20,0.0,,19.0,2026-02-13,-26,False,
INV-002308,JBM-2026-0008,Tunisair,DEAL-004559,2026-02-01,2026-03-19,2026-03-05,paid,468000.0,19,88920.0,556920.0,EUR,,Avoir suite annulation partielle du projet.,03/03/2026,0.0,,19.0,2026-02-17,16,False,
INV-002309,JBM-2026-0009,BIAT SA,DEAL-000214,24-Mar-26,2026-02-05,2026-04-27,paid,418700.0,,79553.0,498253.0,EUR,,Facture 1/3 - Projet migration cloud STEG. Tranche initiale 30%.,2026-04-27,323672.26,0,,2026-01-06,111,False,
INV-002310,JBM-2026-0010,STE Belhadj Consulting,DEAL-003143,16-Mar-26,2026-04-17,,pending,494300.0,19,93917.0,588217.0,TND,,Regularisation facture N-1. Avoir emis en contrepartie.,March 16 2026,0.0,,19.0,2026-03-18,,False,14
INV-002311,JBM-2026-0011,Groupe Agrebi Technologies,DEAL-002423,2026-03-21,2026-05-14,2026-12-05,paid,103800.0,0.19,19722.0,123522.0,TND,,Facture 1/3 - Projet migration cloud STEG. Tranche initiale 30%.,2026/05/09,0.0,,0.19,2026-04-14,235,False,
INV-002312,JBM-2026-0012,Groupe Mansour Digital,,2026/03/14,2026-04-17,2026-04-05,paid,347900.0,19,66101.0,414001.0,TND,especes,Invoice for cybersecurity audit - Phase 1 completed.,2026-03-14,0.0,,19.0,2026-03-18,18,False,
INV-002314,JBM-2026-0014,Cafe Carthage SA,,January 08 2026,2026-02-27,2026-03-21,paid,192000.0,0.19,36480.0,228480.0,EUR,,,2026/02/07,0.0,,0.19,2026-01-28,52,False,
INV-002315,JBM-2026-0015,STE Oueslati & Fils,DEAL-001314,2026-01-17,2026-03-17,2026-03-14,paid,102600.0,19%,19494.0,122094.0,TND,,Acompte 50% - Contrat annuel support applicatif.,18/03/2026,0.0,,19.0,2026-02-15,27,False,
INV-002316,JBM-2026-0016,Entreprise Belhadj,DEAL-004516,February 03 2026,2026-03-28,2026-03-22,paid,465200.0,19%,88388.0,553588.0,TND,,,2026/03/05,0.0,,19.0,2026-02-26,24,False,
INV-002317,JBM-2026-0017,Bureau d'Etudes Oueslati,DEAL-006087,28/03/2026,2026-05-14,2026-05-27,paid,268600.0,19,51034.0,319634.0,tnd,Cash,,27-May-26,319634.0,0,19.0,2026-04-14,43,False,
INV-002318,JBM-2026-0018,Groupe Khalfallah Digital,DEAL-000905,2026/03/10,2026-05-05,2026-04-28,paid,62000.0,19,11780.0,73780.0,TND,,Facture solde - Developpement plateforme BI. Livraison finale acceptee.,28/04/2026,73780.0,0,19.0,2026-04-05,23,False,
INV-002319,JBM-2026-0019,Magasin Mabrouk Electronique,DEAL-001007,06-Mar-26,2026-04-22,2026-05-25,paid,249400.0,20,47386.0,296786.0,tnd,bank transfer,,25/05/2026,296786.0,0,20.0,2026-03-23,63,False,
INV-002321,JBM-2026-0021,Banque de Tunisie,DEAL-003844,January 18 2026,2026-03-08,2026-02-19,paid,430200.0,0.19,81738.0,511938.0,TND,,Acompte 50% - Contrat annuel support applicatif.,19-Mar-26,0.0,,0.19,2026-02-06,13,False,
INV-002322,JBM-2026-0022,Ecole Privee Ibn Khaldoun SARL,DEAL-002362,2026/02/10,2026-03-15,2026-04-20,cancelled,104100.0,19,19779.0,123879.0,TND,Especes,Frais de deplacement inclus. Voir detail en annexe.,10/02/2026,0.0,,19.0,2026-02-13,,False,
INV-002323,JBM-2026-0023,Salon Coiffure Elegance SUARL,,27-Feb-26,2026-04-19,,pending,442700.0,20,84113.0,526813.0,EUR,,Regularisation facture N-1. Avoir emis en contrepartie.,2026-02-28,0.0,,20.0,2026-03-20,,False,12
INV-002324,JBM-2026-0024,Entreprise Hamouda,DEAL-001716,2026-03-04,2026-04-18,2026-05-01,paid,320500.0,19,60895.0,381395.0,DT,cash,Invoice for cybersecurity audit - Phase 1 completed.,2026/03/04,0.0,,19.0,2026-03-19,43,False,
INV-002325,JBM-2026-0025,Delice Danone,DEAL-002284,2026-02-26,2026-04-13,,pending,400300.0,19,76057.0,476357.0,TND,,Facture solde - Developpement plateforme BI. Livraison finale acceptee.,27/02/2026,0.0,,19.0,2026-03-14,,False,18
INV-002327,JBM-2026-0027,Studio Photo Memories,DEAL-001117,20/02/2026,2026-03-25,,pending,354900.0,19,67431.0,422331.0,TND,,,20/02/2026,0.0,,19.0,2026-02-23,,True,37
INV-002329,JBM-2026-0029,Bijouterie Sfaxienne,,17/01/2026,2026-03-10,2026-04-13,paid,34900.0,19,6631.0,41531.0,EUR,,Facture 1/3 - Projet migration cloud STEG. Tranche initiale 30%.,2026/03/18,0.0,,19.0,2026-02-08,64,False,
INV-002330,JBM-2026-0030,STE Gharbi Consulting,DEAL-004662,February 17 2026,2026-03-25,2026-08-04,paid,125100.0,19,23769.0,148869.0,TND,Virement bancaire,Invoice for Q2 maintenance contract. PO number: TT-2024-8821.,2026-02-20,0.0,,19.0,2026-02-23,162,False,
INV-002331,JBM-2026-0031,CNSS,,2026-01-20,2026-02-27,,cancelled,,19%,,,TND,,,January 30 2026,0.0,,19.0,2026-01-28,,False,
INV-002333,JBM-2026-0033,Bijouterie Sfaxienne SUARL,DEAL-006194,23/02/2026,2026-04-20,2026-02-22,paid,78400.0,19,14896.0,93296.0,TND,,Regularisation facture N-1. Avoir emis en contrepartie.,25/03/2026,0.0,,19.0,2026-03-21,-27,False,
INV-002334,JBM-2026-0034,Hexabyte,DEAL-005566,2026-01-11,2026-02-22,2026-02-15,cancelled,474700.0,19,90193.0,564893.0,DT,,Retenue de garantie 10% - Liberation apres recette definitive.,13/01/2026,0.0,,19.0,2026-01-23,,False,
INV-002335,JBM-2026-0035,Entreprise Sghaier,DEAL-000279,March 21 2026,2026-04-29,,paid,229000.0,0.19,43510.0,272510.0,TND,,,April 24 2026,0.0,,0.19,2026-03-30,,False,
INV-002336,JBM-2026-0036,Ministere des Finances,DEAL-000520,2026/02/23,2026-03-30,2026-04-06,paid,321800.0,19,61142.0,382942.0,TND,Check,,06-Apr-26,382942.0,0,19.0,2026-02-28,37,False,
INV-002337,JBM-2026-0037,Topnet,,2026-01-11,2026-02-25,2026-02-21,paid,332367.0,19,63149.73,395516.73,DT,,Contrat cadre 2025. Facture trimestrielle T2.,2026/01/11,0.0,,19.0,2026-01-26,26,False,
INV-002338,JBM-2026-0038,UIB,DEAL-004833,2026/02/05,2026-04-04,2026-03-20,paid,336000.0,19,63840.0,399840.0,TND,,Acompte 50% - Contrat annuel support applicatif.,February 05 2026,0.0,,19.0,2026-03-05,15,False,
INV-002340,JBM-2026-0040,Bureau d'Etudes Laabidi,DEAL-007961,January 15 2026,2026-02-25,2026-12-03,paid,278400.0,19,52896.0,331296.0,,,Regularisation facture N-1. Avoir emis en contrepartie.,20/02/2026,0.0,,19.0,2026-01-26,311,False,
INV-002341,JBM-2026-0041,Clinique Dentaire Dr Mrad,,2026-01-11,2026-11-02,2026-03-20,paid,282400.0,15,53656.0,336056.0,TND,,Regularisation facture N-1. Avoir emis en contrepartie.,14-Jan-26,0.0,,15.0,2026-10-03,-197,False,
INV-002343,JBM-2026-0043,Pharmacie Al Amal,DEAL-007467,2026-02-22,2026-04-22,2026-05-23,paid,19500.0,0.19,3705.0,23205.0,TND,,Invoice for Q2 maintenance contract. PO number: TT-2024-8821.,24/03/2026,0.0,,0.19,2026-03-23,61,False,
INV-002344,JBM-2026-0044,Attijari Bank,,28-Feb-26,2026-04-03,,cancelled,385560.0,19,73256.4,458816.4,DT,,Regularisation facture N-1. Avoir emis en contrepartie.,2026/02/28,0.0,,19.0,2026-03-04,,False,
INV-002345,JBM-2026-0045,STEG,DEAL-002640,January 10 2026,2026-03-01,2026-02-13,paid,300300.0,0,57057.0,357357.0,TND,bank transfer,Frais de deplacement inclus. Voir detail en annexe.,13-Jan-26,0.0,,0.0,2026-01-30,14,False,
INV-002346,JBM-2026-0046,Clinique Dentaire Dr Mrad,DEAL-003480,22/02/2026,2026-04-17,,pending,238700.0,19,45353.0,284053.0,TND,,,February 25 2026,0.0,,19.0,2026-03-18,,False,14
INV-002347,JBM-2026-0047,Groupe Agrebi Technologies SA,DEAL-005778,2026/02/17,2026-03-23,2026-04-04,paid,281800.0,19,53542.0,335342.0,EUR,,Facture solde - Developpement plateforme BI. Livraison finale acceptee.,2026-02-17,0.0,,19.0,2026-02-21,42,False,
INV-002348,JBM-2026-0048,CNAM,DEAL-001241,04-Feb-26,2026-03-18,2026-03-20,paid,52200.0,19,9918.0,62118.0,TND,Virement bancaire,Retenue de garantie 10% - Liberation apres recette definitive.,March 20 2026,62118.0,0,19.0,2026-02-16,32,False,
INV-002349,JBM-2026-0049,Tunisie Telecom,DEAL-005336,21-Jan-26,2026-06-03,2026-03-03,paid,81100.0,0.19,15409.0,96509.0,,,Invoice for Q2 maintenance contract. PO number: TT-2024-8821.,2026-02-20,0.0,,0.19,2026-05-04,-62,False,
INV-002350,JBM-2026-0050,Studio Photo Memories,,2026/03/02,2026-04-22,2026-05-03,paid,416300.0,19,79097.0,495397.0,tnd,Bank Transfer,Facture 1/3 - Projet migration cloud STEG. Tranche initiale 30%.,03/05/2026,495397.0,0,19.0,2026-03-23,41,False,
INV-002351,JBM-2026-0051,Tunisie Telecom,DEAL-005624,25-Mar-26,2026-05-01,2026-05-06,paid,93600.0,,17784.0,111384.0,DT,cash,Invoice for cybersecurity audit - Phase 1 completed.,May 06 2026,111384.0,0,,2026-04-01,35,False,
INV-002352,JBM-2026-0052,BNA Bank,,08/01/2026,2026-02-18,2026-02-16,paid,374900.0,19 %,71231.0,446131.0,TND,Check,Facture mensuelle maintenance.,08-Jan-26,0.0,,19.0,2026-01-19,28,False,
INV-002353,JBM-2026-0053,ste ben salah & fils,,02/02/2026,2026-01-04,2026-03-23,cancelled,324800.0,19%,61712.0,386512.0,EUR,virement,,2026-03-23,386512.0,0,19.0,2025-12-05,,False,
INV-002354,JBM-2026-0054,Librairie Al Manar,DEAL-004142,2026-03-29,2026-05-13,,overdue,109900.0,19,20881.0,130781.0,TND,,Frais de deplacement inclus. Voir detail en annexe.,2026-03-31,0.0,,19.0,2026-04-13,,False,-12
INV-002355,JBM-2026-0055,Entreprise Haddad,DEAL-000144,January 02 2026,2026-02-20,2026-02-17,paid,35000.0,,6650.0,41650.0,TND,bank transfer,Facture solde - Developpement plateforme BI. Livraison finale acceptee.,February 17 2026,17492.87,0,,2026-01-21,27,False,
INV-002356,JBM-2026-0056,Hexabyte,DEAL-001311,02-Jan-26,2025-12-23,2026-08-02,paid,313800.0,,59622.0,373422.0,TND,,Avoir suite annulation partielle du projet.,February 01 2026,0.0,,,2025-11-23,252,False,
INV-002358,JBM-2026-0058,CyberPark-Elghazala,DEAL-006381,06/01/2026,2026-03-07,2026-02-20,paid,106900.0,19 %,20311.0,127211.0,EUR,virement,Invoice for Q2 maintenance contract. PO number: TT-2024-8821.,February 20 2026,71373.73,0,19.0,2026-02-05,15,False,
INV-002360,JBM-2026-0060,Centre de Formation Avenir,DEAL-005302,2026-02-13,2026-04-06,2026-04-27,paid,363800.0,19,69122.0,432922.0,DT,,Contrat cadre 2025. Facture trimestrielle T2.,2026/02/16,0.0,,19.0,2026-03-07,51,False,
INV-002361,JBM-2026-0061,Imprimerie El Ittihad,DEAL-003245,February 06 2026,2026-04-03,2026-04-12,paid,327800.0,19,62282.0,390082.0,DT,,Avoir suite annulation partielle du projet.,2026/02/06,0.0,,19.0,2026-03-04,39,False,
INV-002363,JBM-2026-0063,Delice Danone,DEAL-007239,15-Mar-26,2026-04-20,2026-03-07,paid,128000.0,19,24320.0,152320.0,TND,especes,Facture mensuelle maintenance.,2026-04-27,151844.0,0,19.0,2026-03-21,-14,False,
INV-002364,JBM-2026-0064,STE Laabidi Consulting,,2026-01-08,2026-02-19,2026-03-04,paid,315300.0,19,59907.0,375207.0,TND,Check,Invoice for cybersecurity audit - Phase 1 completed.,04-Mar-26,375207.0,0,19.0,2026-01-20,43,False,
INV-002366,JBM-2026-0066,Attijari Bank,,2026-02-02,2026-03-25,2026-09-03,paid,473100.0,19,89889.0,562989.0,EUR,bank transfer,Facture 1/3 - Projet migration cloud STEG. Tranche initiale 30%.,09-Mar-26,562989.0,0,19.0,2026-02-23,192,False,
INV-002367,JBM-2026-0067,STE Ben Salah Consulting,DEAL-005531,March 07 2026,2026-04-16,2026-05-04,paid,34000.0,19%,6460.0,40460.0,TND,Especes,Frais de deplacement inclus. Voir detail en annexe.,May 04 2026,40460.0,0,19.0,2026-03-17,48,False,
INV-002368,JBM-2026-0068,Auto-Ecole Nejib,DEAL-001809,2026/03/13,2026-04-05,2026-09-06,paid,59300.0,19,11267.0,70567.0,DT,,,2026/03/13,0.0,,19.0,2026-03-06,184,False,
INV-002369,JBM-2026-0069,Cafe C#arthage,DEAL-000218,19/02/2026,2026-04-02,2026-05-07,paid,241400.0,19,45866.0,287266.0,EUR,,Frais de deplacement inclus. Voir detail en annexe.,2026/02/21,0.0,,19.0,2026-03-03,65,False,
INV-002370,JBM-2026-0070,STE Chaabane Solutions,DEAL-004905,11/02/2026,2026-03-23,,pending,250400.0,19,47576.0,297976.0,TND,,,11/02/2026,0.0,,19.0,2026-02-21,,True,39
INV-002371,JBM-2026-0071,Groupe Ferchiou Digital,,2026/03/07,2026-04-15,2026-05-02,paid,467200.0,19%,88768.0,555968.0,TND,,Contrat cadre 2025. Facture trimestrielle T2.,10/03/2026,0.0,,19.0,2026-03-16,47,False,
INV-002372,JBM-2026-0072,Studio Photo Memories,DEAL-001621,2026/03/03,2026-04-11,,cancelled,266900.0,19,50711.0,317611.0,TND,,Facture 1/3 - Projet migration cloud STEG. Tranche initiale 30%.,2026-03-05,0.0,,19.0,2026-03-12,,False,
INV-002373,JBM-2026-0073,AUTO-ECOLE NEJIB,DEAL-000755,2026-01-16,2026-03-13,,pending,364800.0,19,69312.0,434112.0,tnd,,Facture solde - Developpement plateforme BI. Livraison finale acceptee.,January 16 2026,0.0,,19.0,2026-02-11,,True,49
INV-002374,JBM-2026-0074,Tunisair,,March 20 2026,2026-05-19,2026-04-20,paid,115100.0,19,21869.0,136969.0,tnd,bank transfer,Frais de deplacement inclus. Voir detail en annexe.,April 20 2026,136969.0,0,19.0,2026-04-19,1,False,
INV-002375,JBM-2026-0075,Groupe Zouari Digital,,19/03/2026,2026-05-10,2026-05-06,paid,377000.0,,71630.0,448630.0,,Bank Transfer,Invoice for Q2 maintenance contract. PO number: TT-2024-8821.,20/03/2026,0.0,,,2026-04-10,26,False,
INV-002376,JBM-2026-0076,ENTREPRISE HADDAD,,08/03/2026,2026-10-04,,cancelled,460100.0,19,87419.0,547519.0,TND,,Frais de deplacement inclus. Voir detail en annexe.,2026-03-08,0.0,,19.0,2026-09-04,,False,
INV-002378,JBM-2026-0078,Restaurant Le Mediterranee,,2026-03-02,2026-04-04,2026-05-04,paid,68600.0,19%,13034.0,81634.0,tnd,,Facture solde - Developpement plateforme BI. Livraison finale acceptee.,2026-03-05,0.0,,19.0,2026-03-05,60,False,
INV-002379,JBM-2026-0079,STEG,DEAL-001611,13/02/2026,2026-03-17,2026-03-19,paid,231100.0,19,43909.0,275009.0,TND,Cheque,Frais de deplacement inclus. Voir detail en annexe.,2026/03/19,137742.76,0,19.0,2026-02-15,32,False,
INV-002380,JBM-2026-0080,Cabinet Comptable Slim,,06-Mar-26,2026-04-07,2026-05-28,paid,299100.0,0.19,56829.0,355929.0,DT,,Facture 1/3 - Projet migration cloud STEG. Tranche initiale 30%.,06/03/2026,0.0,,0.19,2026-03-08,81,False,
INV-002381,JBM-2026-0081,STE-Laabidi-Consulting,DEAL-001800,January 09 2026,2026-03-09,2026-03-06,paid,398769.0,0.19,75766.11,474535.11,TND,,Acompte 50% - Contrat annuel support applicatif.,2026/03/10,0.0,,0.19,2026-02-07,27,False,
INV-002382,JBM-2026-0082,Entreprise Haddad,DEAL-001259,2026/03/02,2026-04-18,2026-04-24,paid,67200.0,19,12768.0,79968.0,DT,Especes,Frais de deplacement inclus. Voir detail en annexe.,April 24 2026,79968.0,0,19.0,2026-03-19,36,False,
INV-002383,JBM-2026-0083,Cabinet Comptable Slim,,,2026-03-25,2026-04-18,paid,241600.0,19 %,45904.0,287504.0,TND,check,Invoice for Q2 maintenance contract. PO number: TT-2024-8821.,12/03/2026,0.0,,19.0,2026-02-23,54,False,
INV-002384,JBM-2026-0084,LA POSTE TUNISIENNE,DEAL-007601,16/03/2026,2026-06-05,2026-04-30,paid,225100.0,0.19,42769.0,267869.0,TND,,Facture 1/3 - Projet migration cloud STEG. Tranche initiale 30%.,March 16 2026,0.0,,0.19,2026-05-06,-6,False,
INV-002385,JBM-2026-0085,Groupe Agrebi Technologies,,19-Mar-26,2026-04-20,2026-05-14,paid,283300.0,19%,53827.0,337127.0,tnd,,Invoice for Q2 maintenance contract. PO number: TT-2024-8821.,19/03/2026,0.0,,19.0,2026-03-21,54,False,
INV-002386,JBM-2026-0086,S.Oueslati & Fils,DEAL-001477,March 28 2026,2026-05-26,,pending,306700.0,19%,58273.0,364973.0,EUR,,,2026/05/26,0.0,,19.0,2026-04-26,,False,-25
INV-002387,JBM-2026-0087,Cabinet Rekik & Associes,DEAL-005980,08/01/2026,2026-02-14,2026-02-26,paid,305300.0,19,58007.0,363307.0,TND,check,Frais de deplacement inclus. Voir detail en annexe.,2026/01/08,0.0,,19.0,2026-01-15,42,False,
INV-002388,JBM-2026-0088,STE Hamdi Consulting,DEAL-001133,2026/03/10,2026-09-05,,pending,296100.0,19,56259.0,352359.0,tnd,,,10/03/2026,0.0,,19.0,2026-08-06,,False,-127
INV-002389,JBM-2026-0089,Salon Coiffure Elegance,,18-Feb-26,2026-03-29,,pending,164100.0,0.19,31179.0,195279.0,tnd,,,29-Mar-26,0.0,,0.19,2026-02-27,,True,33
INV-002390,JBM-2026-0090,Delice Danone,DEAL-006781,2026/03/24,2026-05-20,2026-08-05,paid,475700.0,19,90383.0,566083.0,TND,Cheque,,08-May-26,566083.0,0,19.0,2026-04-20,107,False,
INV-002391,JBM-2026-0091,Groupe Trabelsi Technologies,DEAL-001878,2026-01-13,2026-02-21,,cancelled,360400.0,19 %,68476.0,428876.0,TND,,,23/01/2026,0.0,,19.0,2026-01-22,,False,
INV-002392,JBM-2026-0092,Entreprise Sghaier,DEAL-001242,February 20 2026,2026-04-16,2026-10-04,paid,435400.0,0.19,82726.0,518126.0,DT,Bank Transfer,Facture solde - Developpement plateforme BI. Livraison finale acceptee.,21-Feb-26,0.0,,0.19,2026-03-17,201,False,
INV-002393,JBM-2026-0093,Bureau d'Etudes Oueslati,,15-Mar-26,2026-12-05,2026-01-05,paid,572985.0,19,108867.15,681852.15,TND,bank transfer,Avoir suite annulation partielle du projet.,01-May-26,481500.0,0,19.0,2026-11-05,-304,False,
INV-002394,JBM-2026-0094,Groupe Agrebi Technologies,DEAL-004847,2026/02/25,2026-04-04,2026-04-16,paid,308000.0,19,58520.0,366520.0,TND,,,February 28 2026,0.0,,19.0,2026-03-05,42,False,
INV-002396,JBM-2026-0096,Groupe Hamdi Digital,,2026-02-02,2026-03-31,2026-02-04,paid,287200.0,19,54568.0,341768.0,TND,,,March 26 2026,0.0,,19.0,2026-03-01,-25,False,
INV-002397,JBM-2026-0097,Centre de Formation Avenir,DEAL-002610,05/03/2026,2026-02-05,,overdue,226700.0,0.19,43073.0,269773.0,TND,,Facture 1/3 - Projet migration cloud STEG. Tranche initiale 30%.,17-May-26,0.0,,0.19,2026-01-06,,True,85
INV-002398,JBM-2026-0098,STE Ben Romdhane Consulting,,02-Feb-26,2026-03-13,,pending,52000.0,0.19,9880.0,61880.0,TND,,Retenue de garantie 10% - Liberation apres recette definitive.,04/03/2026,0.0,,0.19,2026-02-11,,True,49
INV-002399,JBM-2026-0099,Cafe Carthage,DEAL-005521,February 08 2026,2026-03-29,2026-05-05,paid,211200.0,19,40128.0,251328.0,TND,,Frais de deplacement inclus. Voir detail en annexe.,2026-05-05,251328.0,0,19.0,2026-02-27,67,False,
INV-002400,JBM-2026-0100,STE Agrebi Solutions,DEAL-007419,2026-03-15,2026-04-28,2026-05-05,paid,36900.0,19,7011.0,43911.0,TND,,Retenue de garantie 10% - Liberation apres recette definitive.,2026/03/15,0.0,,19.0,2026-03-29,37,False,
INV-002401,JBM-2026-0101,Pharmacie Al Amal,DEAL-006360,March 22 2026,2026-10-05,,pending,211700.0,19,40223.0,251923.0,tnd,,Invoice for cybersecurity audit - Phase 1 completed.,March 22 2026,0.0,,19.0,2026-09-05,,False,-157
INV-002402,JBM-2026-0102,Groupe Haddad Technologies,DEAL-005097,February 25 2026,2026-04-14,2026-12-04,paid,57200.0,19,10868.0,68068.0,TND,,Invoice for Q2 maintenance contract. PO number: TT-2024-8821.,2026-04-09,0.0,,19.0,2026-03-15,264,False,
INV-002404,JBM-2026-0104,Boulangerie Chez Faouzi,DEAL-002150,2026-03-13,2026-04-16,,pending,105000.0,19,19950.0,124950.0,TND,,Facture solde - Developpement plateforme BI. Livraison finale acceptee.,2026/03/16,0.0,,19.0,2026-03-17,,False,15
INV-002405,JBM-2026-0105,Auto-Ecole Nejib,,2026-02-07,2026-03-17,2026-01-05,paid,316000.0,19,60040.0,376040.0,DT,,Frais de deplacement inclus. Voir detail en annexe.,09-Mar-26,0.0,,19.0,2026-02-15,-41,False,
INV-002406,JBM-2026-0106,Poulina Group,DEAL-006591,21/02/2026,2026-01-04,2026-05-04,paid,198000.0,19,37620.0,235620.0,TND,,,2026-03-23,0.0,,19.0,2025-12-05,150,False,
INV-002407,JBM-2026-0107,CNAM,DEAL-002808,20/02/2026,2026-03-29,2026-03-26,paid,169700.0,15,32243.0,201943.0,tnd,,Invoice for cybersecurity audit - Phase 1 completed.,22-Feb-26,0.0,,15.0,2026-02-27,27,False,
INV-002409,JBM-2026-0109,GlobalNet,DEAL-007800,15/03/2026,2026-05-14,2026-04-20,paid,,19,,,TND,virement,Facture 1/3 - Projet migration cloud STEG. Tranche initiale 30%.,April 20 2026,472549.0,0,19.0,2026-04-14,6,False,
INV-002410,JBM-2026-0110,Societe Haddad Import Export,DEAL-003487,19/03/2026,2026-07-05,,pending,57400.0,19,10906.0,68306.0,TND,,Frais de deplacement inclus. Voir detail en annexe.,March 19 2026,0.0,,19.0,2026-06-05,,False,-65
INV-002411,JBM-2026-0111,CyberPark Elghazala,DEAL-001823,2026/01/16,2026-02-15,2025-12-30,paid,278000.0,19%,52820.0,330820.0,TND,,,2026/01/16,0.0,,19.0,2026-01-16,-17,False,
INV-002412,JBM-2026-0112,Auto-Ecole Nejib,DEAL-007539,17-Mar-26,2026-04-23,2026-05-24,paid,478700.0,19,90953.0,569653.0,TND,,Invoice for cybersecurity audit - Phase 1 completed.,18-Apr-26,0.0,,19.0,2026-03-24,61,False,
INV-002413,JBM-2026-0113,Entreprise Haddad,DEAL-005929,20-Mar-26,2026-04-28,2026-05-05,paid,311800.0,19,59242.0,371042.0,DT,,Contrat cadre 2025. Facture trimestrielle T2.,2026/03/22,0.0,,19.0,2026-03-29,37,False,
INV-002414,JBM-2026-0114,STE Jlassi Consulting,DEAL-006748,24-Mar-26,2026-05-20,,cancelled,229200.0,19%,43548.0,272748.0,TND,,Frais de deplacement inclus. Voir detail en annexe.,2026-04-08,0.0,,19.0,2026-04-20,,False,
INV-002415,JBM-2026-0115,STE BELHADJ CONSULTING,,January 28 2026,2026-03-19,2026-03-17,paid,297900.0,19,56601.0,354501.0,DT,,,2026/03/29,0.0,,19.0,2026-02-17,28,False,
INV-002416,JBM-2026-0116,GlobalNet,DEAL-007666,2026/01/21,2026-02-28,2026-03-03,paid,240900.0,19%,45771.0,286671.0,TND,,Facture 1/3 - Projet migration cloud STEG. Tranche initiale 30%.,2026/01/23,0.0,,19.0,2026-01-29,33,False,
INV-002417,JBM-2026-0117,Groupe Hamdi Digeital,DEAL-001804,March 07 2026,2026-01-05,2026-04-24,paid,57600.0,0.19,10944.0,68544.0,,check,Facture solde - Developpement plateforme BI. Livraison finale acceptee.,24-Apr-26,68544.0,0,0.19,2025-12-06,139,False,
INV-002418,JBM-2026-0118,CNSS,DEAL-002421,29/03/2026,2026-05-18,2026-03-26,paid,361700.0,0.19,68723.0,430423.0,TND,,,2026-04-01,0.0,,0.19,2026-04-18,-23,False,
INV-002419,JBM-2026-0119,STE Mejri Informatique,DEAL-002012,06/01/2026,2026-02-14,2026-02-20,paid,233900.0,19,44441.0,278341.0,TND,,Facture mensuelle maintenance.,07-Mar-26,0.0,,19.0,2026-01-15,36,False,
INV-002420,JBM-2026-0120,Imprimerie El Ittihad,DEAL-007087,2026-02-23,2026-04-22,,pending,41700.0,19%,7923.0,49623.0,TND,,,April 22 2026,0.0,,19.0,2026-03-23,,False,9
INV-002421,JBM-2026-0121,STEG,DEAL-003194,2026-01-20,2026-03-15,2026-01-03,paid,43200.0,19,8208.0,51408.0,TND,,Retenue de garantie 10% - Liberation apres recette definitive.,23/01/2026,0.0,,19.0,2026-02-13,-41,False,
INV-002422,JBM-2026-0122,Attijari Bank,DEAL-007730,09-Mar-26,2026-11-04,2026-04-13,paid,400300.0,19%,76057.0,476357.0,DT,bank transfer,,April 13 2026,261371.77,0,19.0,2026-10-05,-175,False,
INV-002423,JBM-2026-0123,Garage Mecanique Toumi,,09-Mar-26,2026-04-30,2026-08-05,paid,194300.0,19,36917.0,231217.0,tnd,Cheque,Acompte 50% - Contrat annuel support applicatif.,May 08 2026,231217.0,0,19.0,2026-03-31,127,False,
INV-002424,JBM-2026-0124,Auto-Ecole Nejib,DEAL-001618,January 08 2026,2026-09-02,2026-03-21,paid,385600.0,19,73264.0,458864.0,tnd,,,08/01/2026,0.0,,19.0,2026-08-03,-135,False,
INV-002425,JBM-2026-0125,STE Ferchiou Informatique,DEAL-004827,2026-02-11,2026-09-04,2026-04-09,paid,182500.0,19,34675.0,217175.0,TND,Cheque,Invoice for Q2 maintenance contract. PO number: TT-2024-8821.,12-Feb-26,0.0,,19.0,2026-08-05,-118,False,
INV-002426,JBM-2026-0126,cabinet rekik & associes,DEAL-006328,24-Jan-26,2026-03-07,2026-03-21,paid,55100.0,19,10469.0,65569.0,TND,,Avoir suite annulation partielle du projet.,27-Jan-26,0.0,,19.0,2026-02-05,44,False,
INV-002427,JBM-2026-0127,Cabinet Agrebi Conseil,DEAL-003431,01-Jan-26,2026-02-01,2026-02-24,paid,111800.0,19,21242.0,133042.0,DT,Cash,Contrat cadre 2025. Facture trimestrielle T2.,03-Jan-26,0.0,,19.0,2026-01-02,53,False,
INV-002428,JBM-2026-0128,Imprimerie El Ittihad,DEAL-004160,31/01/2026,2026-12-03,,cancelled,112336.0,19,21343.84,133679.84,tnd,,,2026/01/31,0.0,,19.0,2026-11-03,,False,
INV-002429,JBM-2026-0129,Centre de Formation Avenir,DEAL-003945,03/03/2026,2026-12-04,2026-05-04,paid,439300.0,19,83467.0,522767.0,DT,,Facture 1/3 - Projet migration cloud STEG. Tranche initiale 30%.,2026-03-03,0.0,,19.0,2026-11-04,-184,False,
INV-002430,JBM-2026-0130,Groupe Hamdi Digital,DEAL-006093,2026-01-16,2026-05-03,2026-03-16,paid,451900.0,19,85861.0,537761.0,TND,,Facture solde - Developpement plateforme BI. Livraison finale acceptee.,2026-01-18,0.0,,19.0,2026-04-03,-18,False,
INV-002431,JBM-2026-0131,STE Ben Salah & Fils,DEAL-003874,2026/03/16,2026-04-19,2026-05-15,paid,376600.0,19,71554.0,448154.0,,Virement bancaire,Contrat cadre 2025. Facture trimestrielle T2.,15-May-26,448154.0,0,19.0,2026-03-20,56,False,
INV-002432,JBM-2026-0132,Groupe Hamouda Digital,DEAL-007677,08-Feb-26,2026-03-17,2026-01-04,paid,175300.0,19,33307.0,208607.0,EUR,,Regularisation facture N-1. Avoir emis en contrepartie.,2026-03-10,0.0,,19.0,2026-02-15,-42,False,
INV-002433,JBM-2026-0133,Fleuriste Au Jasmin,DEAL-005214,2026-02-24,2026-10-04,2026-05-09,paid,44200.0,19,8398.0,52598.0,TND,,Invoice for Q2 maintenance contract. PO number: TT-2024-8821.,2026/02/25,0.0,,19.0,2026-09-04,-118,False,
INV-002434,JBM-2026-0134,STE Ben Salah & Fils,DEAL-003203,25/02/2026,2026-04-15,,paid,302100.0,19,57399.0,359499.0,tnd,especes,Facture mensuelle maintenance.,2026-03-27,0.0,,19.0,2026-03-16,,False,
INV-002435,JBM-2026-0135,Entreprise Belhadj,,2026/02/14,2026-03-22,2026-04-14,paid,364000.0,19,69160.0,433160.0,TND,,,2026/02/17,0.0,,19.0,2026-02-20,53,False,
INV-002436,JBM-2026-0136,Ooredoo Tunisie,DEAL-005595,February 20 2026,2026-08-04,2026-03-23,paid,185900.0,19,35321.0,221221.0,tnd,,Acompte 50% - Contrat annuel support applicatif.,2026-04-03,0.0,,19.0,2026-07-05,-104,False,
INV-002437,JBM-2026-0137,ste khalfallah consulting,,23/03/2026,2026-05-05,,pending,376800.0,19,71592.0,448392.0,,,Invoice for cybersecurity audit - Phase 1 completed.,2026-03-25,0.0,,19.0,2026-04-05,,False,-4
INV-002438,JBM-2026-0138,Bureau d'Etudes Ben Salah,DEAL-006247,2026/02/07,2026-03-24,,pending,341800.0,,64942.0,406742.0,,,Facture 1/3 - Projet migration cloud STEG. Tranche initiale 30%.,2026-03-09,0.0,,,2026-02-22,,True,38
INV-002439,JBM-2026-0139,Groupe Khalfallah Digital,DEAL-006941,15-Mar-26,2026-05-06,2026-05-09,paid,425300.0,19,80807.0,506107.0,TND,,Avoir suite annulation partielle du projet.,2026/03/15,0.0,,19.0,2026-04-06,33,False,
INV-002440,JBM-2026-0140,Studio Photo Memories,,08/01/2026,2026-02-22,,pending,141400.0,19%,26866.0,168266.0,TND,,Regularisation facture N-1. Avoir emis en contrepartie.,2026-02-07,0.0,,19.0,2026-01-23,,True,68
INV-002441,JBM-2026-0141,BNA Bank,DEAL-000763,27-Mar-26,2026-05-08,2026-05-10,paid,484000.0,19,91960.0,575960.0,TND,,Frais de deplacement inclus. Voir detail en annexe.,2026/03/30,0.0,,19.0,2026-04-08,32,False,
INV-002442,JBM-2026-0142,BUREAU D'ETUDES GHARBI,,16/03/2026,2026-05-13,2026-05-05,paid,292900.0,19,55651.0,348551.0,tnd,especes,,05/05/2026,348551.0,0,19.0,2026-04-13,22,False,
INV-002443,JBM-2026-0143,Topnet,DEAL-006112,11-Mar-26,2026-07-05,2026-04-23,paid,407600.0,19 %,77444.0,485044.0,,,Acompte 50% - Contrat annuel support applicatif.,2026-03-13,0.0,,19.0,2026-06-05,-43,False,
INV-002445,JBM-2026-0145,Groupe Haddad Technologies,,2026-01-24,2026-10-03,,cancelled,369300.0,0.19,70167.0,439467.0,EUR,,Avoir suite annulation partielle du projet.,2026-02-23,0.0,,0.19,2026-09-03,,False,
INV-002446,JBM-2026-0146,Fleuriste Au Jasmin,DEAL-007032,30/03/2026,2026-05-06,2026-11-06,paid,212500.0,19,40375.0,252875.0,DT,,Regularisation facture N-1. Avoir emis en contrepartie.,30/03/2026,0.0,,19.0,2026-04-06,214,False,
INV-002447,JBM-2026-0147,Hexabyte,DEAL-003600,2026/01/16,2026-02-24,2026-02-26,paid,417100.0,19,79249.0,496349.0,tnd,Virement bancaire,Facture mensuelle maintenance.,February 26 2026,496349.0,0,19.0,2026-01-25,32,False,
INV-002448,JBM-2026-0148,Entreprise Haddad,,17-Jan-26,2026-03-10,2026-03-09,paid,340000.0,19,64600.0,404600.0,tnd,,Frais de deplacement inclus. Voir detail en annexe.,2026/03/09,404600.0,0,19.0,2026-02-08,29,False,
INV-002449,JBM-2026-0149,Groupe Trabelsi Technologies,DEAL-007716,2026/02/03,2026-03-16,2026-03-21,paid,269300.0,19,51167.0,320467.0,DT,,Facture mensuelle maintenance.,05-Mar-26,0.0,,19.0,2026-02-14,35,False,
INV-002450,JBM-2026-0150,Cabinet Rekik & Associes,DEAL-006643,22/01/2026,2026-03-18,2026-03-22,paid,330500.0,20,62795.0,393295.0,TND,,Facture mensuelle maintenance.,21/02/2026,0.0,,20.0,2026-02-16,34,False,
INV-002451,JBM-2026-0151,Hexabyte,,05-Feb-26,2026-03-25,2026-07-03,paid,321300.0,19,61047.0,382347.0,DT,,Retenue de garantie 10% - Liberation apres recette definitive.,07-Mar-26,382347.0,0,19.0,2026-02-23,130,False,
INV-002452,JBM-2026-0152,Clinique Dentaire Dr Mrad,DEAL-001829,11/03/2026,2026-04-05,2026-05-11,paid,454000.0,15,86260.0,540260.0,TND,,Frais de deplacement inclus. Voir detail en annexe.,March 14 2026,0.0,,15.0,2026-03-06,66,False,
INV-002453,JBM-2026-0153,STE Ferchiou Informatique,DEAL-000440,January 26 2026,2026-03-10,2026-03-25,paid,267300.0,19,50787.0,318087.0,tnd,,Contrat cadre 2025. Facture trimestrielle T2.,2026-02-25,0.0,,19.0,2026-02-08,45,False,
INV-002454,JBM-2026-0154,STE Laabidi Consulting,DEAL-005910,2026-03-07,2026-03-05,2026-04-21,paid,138500.0,19 %,26315.0,164815.0,EUR,,Facture solde - Developpement plateforme BI. Livraison finale acceptee.,07/03/2026,0.0,,19.0,2026-02-03,77,False,
INV-002455,JBM-2026-0155,CyberPark Elghazala,DEAL-000516,March 07 2026,2026-04-13,2026-04-15,paid,393200.0,19 %,74708.0,467908.0,EUR,especes,,2026-04-15,467908.0,0,19.0,2026-03-14,32,False,
INV-002456,JBM-2026-0156,CNSS,DEAL-001733,11-Feb-26,2026-03-19,2026-03-16,paid,271300.0,19,51547.0,322847.0,tnd,,,2026/02/11,0.0,,19.0,2026-02-17,27,False,
INV-002457,JBM-2026-0157,Clinique Dentaire Dr Mrad,DEAL-002120,February 05 2026,2026-03-25,,pending,19100.0,19,3629.0,22729.0,tnd,check,Facture solde - Developpement plateforme BI. Livraison finale acceptee.,March 25 2026,0.0,,19.0,2026-02-23,,True,37
INV-002458,JBM-2026-0158,Ooredoo Tunisie,DEAL-006198,2026/02/26,2026-04-14,2026-05-04,paid,27900.0,19,5301.0,33201.0,TND,,Invoice for Q2 maintenance contract. PO number: TT-2024-8821.,26/02/2026,0.0,,19.0,2026-03-15,50,False,
INV-002459,JBM-2026-0159,Groupe Bouzid Digital,DEAL-002470,February 23 2026,2026-11-04,2026-04-18,paid,407800.0,19%,77482.0,485282.0,TND,,Retenue de garantie 10% - Liberation apres recette definitive.,2026/03/25,0.0,,19.0,2026-10-05,-170,False,
INV-002460,JBM-2026-0160,STE Gharbi Consulting,DEAL-005288,2026/02/01,2026-03-14,2026-03-24,paid,158400.0,,30096.0,188496.0,EUR,,Facture mensuelle maintenance.,March 03 2026,0.0,,,2026-02-12,40,False,
INV-002461,JBM-2026-0161,STE Jlassi Consulting,DEAL-006364,19/03/2026,2026-04-28,2026-11-05,paid,240900.0,,45771.0,286671.0,TND,,,2026-03-19,0.0,,,2026-03-29,221,False,
INV-002462,JBM-2026-0162,Cabinet Rekik & Associes,DEAL-007877,2026/01/23,2026-03-16,2026-03-23,paid,432300.0,,82137.0,514437.0,EUR,,Avoir suite annulation partielle du projet.,January 25 2026,0.0,,,2026-02-14,37,False,
INV-002463,JBM-2026-0163,entreprise haddad,DEAL-001129,2026/03/21,2026-04-29,2026-05-19,paid,75100.0,19,14269.0,89369.0,EUR,,,2026-03-21,0.0,,19.0,2026-03-30,50,False,
INV-002464,JBM-2026-0164,Hexabyte,DEAL-006517,07/01/2026,2026-02-27,2026-02-17,paid,282900.0,0.19,53751.0,336651.0,TND,Check,Acompte 50% - Contrat annuel support applicatif.,2026-02-17,336651.0,0,0.19,2026-01-28,20,False,
INV-002465,JBM-2026-0165,La Poste Tunisienne,DEAL-002690,2026-01-18,2026-03-07,2026-02-18,paid,466700.0,20,88673.0,555373.0,TND,,Contrat cadre 2025. Facture trimestrielle T2.,18/01/2026,0.0,,20.0,2026-02-05,13,False,
INV-002466,JBM-2026-0166,Ecole Prive@e Ibn Khaldoun,DEAL-003300,2026/02/02,2026-03-23,2026-04-14,paid,20000.0,19,3800.0,23800.0,TND,,Invoice for Q2 maintenance contract. PO number: TT-2024-8821.,2026/03/04,0.0,,19.0,2026-02-21,52,False,
INV-002467,JBM-2026-0167,Magasin-Mabrouk-Electronique,,2026-01-22,2026-03-18,,pending,454300.0,19%,86317.0,540617.0,TND,,Avoir suite annulation partielle du projet.,21-Feb-26,0.0,,19.0,2026-02-16,,True,44
INV-002468,JBM-2026-0168,STE Khalfallah Consulting,DEAL-000966,04/01/2026,2026-01-01,2026-02-19,paid,63900.0,19,12141.0,76041.0,EUR,,Regularisation facture N-1. Avoir emis en contrepartie.,2026-03-05,0.0,,19.0,2025-12-02,79,False,
INV-002469,JBM-2026-0169,Studio Photo Memories,DEAL-007475,22-Jan-26,2026-03-01,,pending,42000.0,19,7980.0,49980.0,DT,,Frais de deplacement inclus. Voir detail en annexe.,23/03/2026,0.0,,19.0,2026-01-30,,True,61
INV-002470,JBM-2026-0170,bureau d'etudes ben salah,DEAL-003067,2026-01-22,2026-03-18,,pending,143000.0,19,27170.0,170170.0,EUR,,,March 23 2026,0.0,,19.0,2026-02-16,,True,44
INV-002471,JBM-2026-0171,Cabinet Rekik & Associes,DEAL-002389,08-Mar-26,2026-04-19,2026-05-03,paid,,19,,,TND,,Facture 1/3 - Projet migration cloud STEG. Tranche initiale 30%.,2026/05/03,172669.0,0,19.0,2026-03-20,44,False,
INV-002472,JBM-2026-0172,ATTIJARI BANK,DEAL-001296,2026/03/15,2026-04-25,2026-04-23,paid,83200.0,19,15808.0,99008.0,TND,Cheque,Invoice for cybersecurity audit - Phase 1 completed.,March 17 2026,0.0,,19.0,2026-03-26,28,False,
INV-002473,JBM-2026-0173,STE Ben Salah Consulting,DEAL-003883,February 14 2026,2026-03-17,,cancelled,18200.0,0.19,3458.0,21658.0,tnd,,Acompte 50% - Contrat annuel support applicatif.,2026-02-16,0.0,,0.19,2026-02-15,,False,
INV-002474,JBM-2026-0174,Groupe Bouzid Digital,DEAL-000175,22-Feb-26,2026-04-03,,cancelled,381900.0,19,72561.0,454461.0,EUR,,Contrat cadre 2025. Facture trimestrielle T2.,March 04 2026,0.0,,19.0,2026-03-04,,False,
INV-002475,JBM-2026-0175,CNAM,DEAL-005870,March 04 2026,2026-05-04,2026-04-16,paid,79300.0,19,15067.0,94367.0,,virement,Avoir suite annulation partielle du projet.,16-Apr-26,94367.0,0,19.0,2026-04-04,12,False,
INV-002476,JBM-2026-0176,Bureau d'Etudes Bouzid,,February 09 2026,2026-03-14,2026-04-07,paid,298800.0,19,56772.0,355572.0,DT,,Contrat cadre 2025. Facture trimestrielle T2.,2026/02/09,0.0,,19.0,2026-02-12,54,False,
INV-002477,JBM-2026-0177,Groupe Bouzid Digital,DEAL-002826,19/02/2026,2026-04-12,2026-04-13,paid,421900.0,0.19,80161.0,502061.0,TND,,Facture solde - Developpement plateforme BI. Livraison finale acceptee.,2026-02-19,0.0,,0.19,2026-03-13,31,False,
INV-002478,JBM-2026-0178,Bureau d'Etudes Laabidi,,2026/01/19,2026-03-17,2026-03-17,paid,275900.0,19,52421.0,328321.0,EUR,,,19/01/2026,0.0,,19.0,2026-02-15,30,False,
INV-002479,JBM-2026-0179,STE Oueslati & Fils,DEAL-007984,2026-01-08,2026-02-13,,paid,473000.0,0.19,89870.0,562870.0,EUR,,Facture mensuelle maintenance.,January 08 2026,0.0,,0.19,2026-01-14,,False,
INV-002480,JBM-2026-0180,Magasin Mabrouk Electronique,DEAL-005272,2026/01/16,2026-02-18,2026-03-26,paid,57500.0,19,10925.0,68425.0,TND,,,January 16 2026,0.0,,19.0,2026-01-19,66,False,
INV-002481,JBM-2026-0181,BNA Bank,,March 25 2026,2026-05-19,2026-04-30,paid,314100.0,19,59679.0,373779.0,TND,cheque,,2026/04/30,373779.0,0,19.0,2026-04-19,11,False,
INV-002482,JBM-2026-0182,La Poste Tunisienne,DEAL-003726,2026-03-12,2026-05-05,2026-04-23,paid,192500.0,19,36575.0,229075.0,EUR,,,30/04/2026,0.0,,19.0,2026-04-05,18,False,
INV-002483,JBM-2026-0183,Groupe Hamouda Digital,DEAL-002441,2026/02/17,2026-07-04,,cancelled,273500.0,19,51965.0,325465.0,TND,Check,Avoir suite annulation partielle du projet.,2026-03-04,0.0,,19.0,2026-06-04,,False,
INV-002484,JBM-2026-0184,CyberPark Elghazala,DEAL-006816,January 10 2026,2026-02-21,2025-12-30,paid,56700.0,19,10773.0,67473.0,tnd,,,2026-02-16,0.0,,19.0,2026-01-22,-23,False,
INV-002486,JBM-2026-0186,STE Ferchiou Informatique,,2026/01/15,2026-01-02,2026-03-07,paid,13900.0,19,2641.0,16541.0,EUR,Bank Transfer,Avoir suite annulation partielle du projet.,March 07 2026,16541.0,0,19.0,2025-12-03,94,False,
INV-002488,JBM-2026-0188,CNSS,DEAL-003045,2026/02/12,2026-03-14,2026-03-22,paid,432400.0,19,82156.0,514556.0,EUR,,Facture mensuelle maintenance.,2026/02/15,0.0,,19.0,2026-02-12,38,False,
INV-002489,JBM-2026-0189,Topnet,,2026/03/07,2026-09-04,2026-10-04,paid,498500.0,19,94715.0,593215.0,TND,,Retenue de garantie 10% - Liberation apres recette definitive.,2026/03/10,0.0,,19.0,2026-08-05,60,False,
INV-002490,JBM-2026-0190,Attijari Bank,DEAL-005712,2026/02/09,2026-04-10,2026-03-21,paid,396000.0,,75240.0,471240.0,EUR,cash,Acompte 50% - Contrat annuel support applicatif.,10/02/2026,0.0,,,2026-03-11,10,False,
INV-002491,JBM-2026-0191,Cabinet Rekik & Associes,,03/01/2026,2026-02-03,2026-02-23,paid,24500.0,19,4655.0,29155.0,EUR,,Regularisation facture N-1. Avoir emis en contrepartie.,2026-01-06,0.0,,19.0,2026-01-04,50,False,
INV-002492,JBM-2026-0192,Groupe Ferchiou Digital,,08/03/2026,2026-04-21,2026-04-29,paid,257500.0,19,48925.0,306425.0,TND,,Facture mensuelle maintenance.,2026/03/08,0.0,,19.0,2026-03-22,38,False,
INV-002493,JBM-2026-0193,STE #Agrebi Solutions,DEAL-002707,2026-01-15,2026-02-15,2026-03-13,paid,327600.0,,62244.0,389844.0,tnd,Cheque,Invoice for cybersecurity audit - Phase 1 completed.,2026/02/19,139695.18,250148.82,,2026-01-16,56,False,
INV-002494,JBM-2026-0194,STE Ben Salah & Fils,DEAL-007259,2026-01-13,2026-02-15,2026-07-03,paid,369600.0,0,70224.0,439824.0,EUR,bank transfer,Retenue de garantie 10% - Liberation apres recette definitive.,07/03/2026,439824.0,0,0.0,2026-01-16,168,False,
INV-002495,JBM-2026-0195,Groupe Hamdi Digital,DEAL-000492,2026-01-04,2026-02-08,2026-02-22,paid,451100.0,19,85709.0,536809.0,DT,,Regularisation facture N-1. Avoir emis en contrepartie.,03/02/2026,0.0,,19.0,2026-01-09,44,False,
INV-002496,JBM-2026-0196,STE Laabidi Consulting,,24-Jan-26,2026-03-18,2026-03-14,paid,92700.0,0.19,17613.0,110313.0,EUR,Cheque,Facture 1/3 - Projet migration cloud STEG. Tranche initiale 30%.,25-Jan-26,0.0,,0.19,2026-02-16,26,False,
INV-002497,JBM-2026-0197,STE Zouari Consulting,,January 25 2026,2026-02-26,2026-11-03,paid,450000.0,19,85500.0,535500.0,TND,,Retenue de garantie 10% - Liberation apres recette definitive.,26/03/2026,0.0,,19.0,2026-01-27,280,False,
INV-002498,JBM-2026-0198,Groupe Ferchiou Digital,,14/03/2026,2026-05-01,2026-04-28,paid,391300.0,0.19,74347.0,465647.0,EUR,Virement bancaire,Facture solde - Developpement plateforme BI. Livraison finale acceptee.,2026/03/17,0.0,,0.19,2026-04-01,27,False,
INV-002499,JBM-2026-0199,STEG,DEAL-000854,January 27 2026,2026-09-03,2026-02-26,paid,429100.0,19,81529.0,510629.0,tnd,,Regularisation facture N-1. Avoir emis en contrepartie.,28/03/2026,0.0,,19.0,2026-08-04,-159,False,
INV-002500,JBM-2026-0200,Tunisair,DEAL-006848,2026/01/30,2026-03-05,2026-03-12,paid,312900.0,19,59451.0,372351.0,TND,,Acompte 50% - Contrat annuel support applicatif.,01/03/2026,0.0,,19.0,2026-02-03,37,False,
